table_type,repair_mode,update_pct,distribution,stock_rows,orderline_rows,update_ops,j1_alloc_ms,j1_insert_ms,join1_build_ms,join1_probe_ms,update_ms,join2_build_ms,join2_probe_ms,total_ms,join1_matched,join2_matched,join1_total_qty,join2_total_qty
Naive,Nr,0.000000,zipf0.99,100000,299724,0,0.000479,30.100694,30.101173,75.801646,0.000007,23.003528,78.016584,206.922938,299724,299724,82405405,82405405
Heap,Nr,0.000000,zipf0.99,100000,299724,0,6.377382,24.182819,30.560202,90.931472,0.000104,0.000000,80.188104,201.679882,299724,299724,82405405,82405405
Heap,Rr,0.000000,zipf0.99,100000,299724,0,5.556708,24.120007,29.676715,93.621875,0.000048,0.000000,78.433715,201.732354,299724,299724,82405405,82405405
Heap,Wr,0.000000,zipf0.99,100000,299724,0,5.377431,21.589326,26.966757,82.634194,0.332952,0.000000,82.092722,192.026625,299724,299724,82405405,82405405
Chain,Wr,0.000000,zipf0.99,100000,299724,0,5.264826,17.728597,22.993424,73.574514,0.351319,0.000000,72.274056,169.193312,299724,299724,82405405,82405405
Par,Nr,0.000000,zipf0.99,100000,299724,0,5.268042,21.343805,26.611847,81.662618,0.000035,0.000000,75.380840,183.655340,299724,299724,82405405,82405405
Par,Rr,0.000000,zipf0.99,100000,299724,0,5.193340,21.384632,26.577972,73.427167,0.000021,0.000000,74.480986,174.486146,299724,299724,82405405,82405405
Par,Wr,0.000000,zipf0.99,100000,299724,0,5.455216,23.622708,29.077924,81.957785,0.351833,0.000000,84.469597,195.857139,299724,299724,82405405,82405405
Naive,Nr,5.000000,zipf0.99,100000,299724,5000,0.000528,30.075208,30.075736,74.771833,0.000007,21.370771,74.242715,200.461062,299724,299724,82405405,82447415
Heap,Nr,5.000000,zipf0.99,100000,299724,5000,4.818479,20.366326,25.184805,71.409660,1.035521,0.000000,97.536417,195.166403,299724,299727,82405405,82447925
Heap,Rr,5.000000,zipf0.99,100000,299724,5000,4.739694,20.085708,24.825403,71.529479,1.057347,0.000000,123.297403,220.709632,299724,299724,82405405,82447415
Heap,Wr,5.000000,zipf0.99,100000,299724,5000,4.779813,19.975354,24.755167,69.420340,2.292653,0.000000,70.002729,166.470889,299724,299724,82405405,82447415
Chain,Wr,5.000000,zipf0.99,100000,299724,5000,5.010785,18.170833,23.181618,79.201160,4.564021,0.000000,72.024187,178.970986,299724,299724,82405405,82447415
Par,Nr,5.000000,zipf0.99,100000,299724,5000,5.078667,21.696736,26.775403,73.346368,3.000542,0.000000,107.871111,210.993424,299724,299724,82405405,82405405
Par,Rr,5.000000,zipf0.99,100000,299724,5000,4.903361,21.185104,26.088466,72.190187,3.210167,0.000000,152.934500,254.423320,299724,299724,82405405,82447415
Par,Wr,5.000000,zipf0.99,100000,299724,5000,5.014576,20.712680,25.727257,72.693847,5.076584,0.000000,90.050187,193.547874,299724,299724,82405405,82447415
Naive,Nr,10.000000,zipf0.99,100000,299724,10000,0.000486,29.502771,29.503257,74.308417,0.000014,18.904889,73.796722,196.513299,299724,299724,82405405,82427000
Heap,Nr,10.000000,zipf0.99,100000,299724,10000,4.697757,20.064924,24.762681,70.868639,2.015333,0.000000,99.031847,196.678500,299724,299746,82405405,82431105
Heap,Rr,10.000000,zipf0.99,100000,299724,10000,5.297674,21.191722,26.489396,80.873069,2.032959,0.000000,126.188090,235.583514,299724,299724,82405405,82427000
Heap,Wr,10.000000,zipf0.99,100000,299724,10000,4.919409,20.099069,25.018479,71.709458,4.102507,0.000000,74.259326,175.089770,299724,299724,82405405,82427000
Chain,Wr,10.000000,zipf0.99,100000,299724,10000,5.079896,17.803590,22.883486,72.737409,6.788903,0.000000,71.064403,173.474201,299724,299724,82405405,82427000
Par,Nr,10.000000,zipf0.99,100000,299724,10000,5.385000,22.407243,27.792243,76.194097,5.389646,0.000000,146.441556,255.817542,299724,299724,82405405,82405405
Par,Rr,10.000000,zipf0.99,100000,299724,10000,5.269882,21.073083,26.342965,73.385035,5.125083,0.000000,165.209298,270.062381,299724,299724,82405405,82427000
Par,Wr,10.000000,zipf0.99,100000,299724,10000,5.517785,22.974347,28.492132,76.024069,8.513549,0.000000,111.056625,224.086375,299724,299724,82405405,82427000
Naive,Nr,15.000000,zipf0.99,100000,299724,15000,0.000667,30.370104,30.370771,75.139056,0.000021,22.718771,73.842153,202.070771,299724,299724,82405405,82387790
Heap,Nr,15.000000,zipf0.99,100000,299724,15000,4.768722,20.021694,24.790417,70.536743,3.026458,0.000000,101.526049,199.879667,299724,299779,82405405,82401580
Heap,Rr,15.000000,zipf0.99,100000,299724,15000,5.437972,21.649451,27.087423,75.633451,3.082792,0.000000,133.622819,239.426486,299724,299724,82405405,82387790
Heap,Wr,15.000000,zipf0.99,100000,299724,15000,4.884410,20.422819,25.307229,71.104833,5.861479,0.000000,75.209444,177.482986,299724,299724,82405405,82387790
Chain,Wr,15.000000,zipf0.99,100000,299724,15000,4.890354,18.161396,23.051750,75.891021,9.198229,0.000000,76.755077,184.896076,299724,299724,82405405,82387790
Par,Nr,15.000000,zipf0.99,100000,299724,15000,4.949389,20.650694,25.600083,71.754340,6.769847,0.000000,123.078000,227.202270,299724,299724,82405405,82405405
Par,Rr,15.000000,zipf0.99,100000,299724,15000,4.803674,21.192972,25.996646,75.271417,7.273521,0.000000,185.035458,293.577042,299724,299724,82405405,82387790
Par,Wr,15.000000,zipf0.99,100000,299724,15000,4.907181,21.504291,26.411472,73.948909,10.447576,0.000000,110.598278,221.406236,299724,299724,82405405,82387790
Naive,Nr,20.000000,zipf0.99,100000,299724,20000,0.000667,29.885417,29.886083,74.986979,0.000021,20.029986,74.158764,199.061834,299724,299724,82405405,82429560
Heap,Nr,20.000000,zipf0.99,100000,299724,20000,4.837632,19.835382,24.673014,69.230014,4.016361,0.000000,102.343937,200.263327,299724,299814,82405405,82455070
Heap,Rr,20.000000,zipf0.99,100000,299724,20000,4.962486,20.793646,25.756132,71.365993,4.001042,0.000000,134.142972,235.266139,299724,299724,82405405,82429560
Heap,Wr,20.000000,zipf0.99,100000,299724,20000,4.897611,20.786438,25.684049,70.971681,7.605313,0.000000,77.061250,181.322293,299724,299724,82405405,82429560
Chain,Wr,20.000000,zipf0.99,100000,299724,20000,5.374111,18.738062,24.112174,77.400951,10.933924,0.000000,77.043819,189.490868,299724,299724,82405405,82429560
Par,Nr,20.000000,zipf0.99,100000,299724,20000,5.030910,21.258597,26.289507,74.501375,8.283209,0.000000,140.061042,249.135132,299724,299724,82405405,82405405
Par,Rr,20.000000,zipf0.99,100000,299724,20000,5.151798,21.791194,26.942993,73.421090,8.338556,0.000000,187.645812,296.348451,299724,299724,82405405,82429560
Par,Wr,20.000000,zipf0.99,100000,299724,20000,5.046875,21.888278,26.935152,79.580715,14.539333,0.000000,152.501285,273.556485,299724,299724,82405405,82429560
