table_type,repair_type,idx,tx_id,tx_type,duration_ms,count,read_ts,from_ts,to_ts,build_reason,trial,table_label,history_scans,component
ivmh,No Repair,0,0,InitLoad,15.774042,60000.0,,,,,0,IVMH,0,InitLoad
ivmh,No Repair,1,1,RecentScan,19.083667,,1.0,,,,0,IVMH,0,RecentScan
ivmh,No Repair,2,2,RecentScan,17.364875,,2.0,,,,0,IVMH,0,RecentScan
ivmh,No Repair,3,3,RecentScan,18.158333,,3.0,,,,0,IVMH,0,RecentScan
ivmh,No Repair,4,4,RecentScan,17.139834,,4.0,,,,0,IVMH,0,RecentScan
ivmh,No Repair,5,5,RecentScan,17.4935,,5.0,,,,0,IVMH,0,RecentScan
ivmh,No Repair,6,6,MarkTs,0.0,,6.0,,,,0,IVMH,0,
ivmh,No Repair,7,7,Update,0.017832999999999998,6.0,,,,,0,IVMH,0,Update
ivmh,No Repair,8,8,RecentScan,17.315667,,8.0,,,,0,IVMH,0,RecentScan
ivmh,No Repair,9,9,RecentScan,16.628792,,9.0,,,,0,IVMH,0,RecentScan
ivmh,No Repair,10,10,RecentScan,16.808041,,10.0,,,,0,IVMH,0,RecentScan
ivmh,No Repair,11,11,RecentScan,16.51475,,11.0,,,,0,IVMH,0,RecentScan
ivmh,No Repair,12,12,RecentScan,17.264875,,12.0,,,,0,IVMH,0,RecentScan
ivmh,No Repair,13,13,MarkTs,0.0,,13.0,,,,0,IVMH,0,
ivmh,No Repair,14,14,Update,0.021125,6.0,,,,,0,IVMH,0,Update
ivmh,No Repair,15,15,RecentScan,16.809208,,15.0,,,,0,IVMH,0,RecentScan
ivmh,No Repair,16,16,RecentScan,16.830583,,16.0,,,,0,IVMH,0,RecentScan
ivmh,No Repair,17,17,RecentScan,16.595666,,17.0,,,,0,IVMH,0,RecentScan
ivmh,No Repair,18,18,RecentScan,16.591542,,18.0,,,,0,IVMH,0,RecentScan
ivmh,No Repair,19,19,RecentScan,16.932167,,19.0,,,,0,IVMH,0,RecentScan
ivmh,No Repair,20,20,MarkTs,0.0,,20.0,,,,0,IVMH,0,
ivmh,No Repair,21,21,Update,0.024,6.0,,,,,0,IVMH,0,Update
ivmh,No Repair,22,22,RecentScan,16.501792,,22.0,,,,0,IVMH,0,RecentScan
ivmh,No Repair,23,23,RecentScan,16.528791,,23.0,,,,0,IVMH,0,RecentScan
ivmh,No Repair,24,24,RecentScan,18.072375,,24.0,,,,0,IVMH,0,RecentScan
ivmh,No Repair,25,25,RecentScan,17.426458,,25.0,,,,0,IVMH,0,RecentScan
ivmh,No Repair,26,26,RecentScan,15.446125,,26.0,,,,0,IVMH,0,RecentScan
ivmh,No Repair,27,27,MarkTs,0.001375,,27.0,,,,0,IVMH,0,
ivmh,No Repair,28,28,Update,0.024458999999999998,6.0,,,,,0,IVMH,0,Update
ivmh,No Repair,29,29,RecentScan,16.943167,,29.0,,,,0,IVMH,0,RecentScan
ivmh,No Repair,30,30,RecentScan,16.66925,,30.0,,,,0,IVMH,0,RecentScan
ivmh,No Repair,31,31,RecentScan,16.664834,,31.0,,,,0,IVMH,0,RecentScan
ivmh,No Repair,32,32,RecentScan,15.671459,,32.0,,,,0,IVMH,0,RecentScan
ivmh,No Repair,33,33,RecentScan,15.868792,,33.0,,,,0,IVMH,0,RecentScan
ivmh,No Repair,34,34,MarkTs,0.0,,34.0,,,,0,IVMH,0,
ivmh,No Repair,35,35,Update,0.011958,6.0,,,,,0,IVMH,0,Update
ivmh,No Repair,0,0,InitLoad,14.027666,60000.0,,,,,1,IVMH,0,InitLoad
ivmh,No Repair,1,1,RecentScan,20.28,,1.0,,,,1,IVMH,0,RecentScan
ivmh,No Repair,2,2,RecentScan,16.536875,,2.0,,,,1,IVMH,0,RecentScan
ivmh,No Repair,3,3,RecentScan,18.122875,,3.0,,,,1,IVMH,0,RecentScan
ivmh,No Repair,4,4,RecentScan,18.224333,,4.0,,,,1,IVMH,0,RecentScan
ivmh,No Repair,5,5,RecentScan,16.949458,,5.0,,,,1,IVMH,0,RecentScan
ivmh,No Repair,6,6,MarkTs,0.0010840000000000001,,6.0,,,,1,IVMH,0,
ivmh,No Repair,7,7,Update,0.02925,6.0,,,,,1,IVMH,0,Update
ivmh,No Repair,8,8,RecentScan,18.851583,,8.0,,,,1,IVMH,0,RecentScan
ivmh,No Repair,9,9,RecentScan,16.537917,,9.0,,,,1,IVMH,0,RecentScan
ivmh,No Repair,10,10,RecentScan,17.903708,,10.0,,,,1,IVMH,0,RecentScan
ivmh,No Repair,11,11,RecentScan,18.179292,,11.0,,,,1,IVMH,0,RecentScan
ivmh,No Repair,12,12,RecentScan,19.381,,12.0,,,,1,IVMH,0,RecentScan
ivmh,No Repair,13,13,MarkTs,0.0,,13.0,,,,1,IVMH,0,
ivmh,No Repair,14,14,Update,0.020875,6.0,,,,,1,IVMH,0,Update
ivmh,No Repair,15,15,RecentScan,18.337584,,15.0,,,,1,IVMH,0,RecentScan
ivmh,No Repair,16,16,RecentScan,16.45575,,16.0,,,,1,IVMH,0,RecentScan
ivmh,No Repair,17,17,RecentScan,16.073709,,17.0,,,,1,IVMH,0,RecentScan
ivmh,No Repair,18,18,RecentScan,17.972333,,18.0,,,,1,IVMH,0,RecentScan
ivmh,No Repair,19,19,RecentScan,16.830125,,19.0,,,,1,IVMH,0,RecentScan
ivmh,No Repair,20,20,MarkTs,0.0,,20.0,,,,1,IVMH,0,
ivmh,No Repair,21,21,Update,0.017707999999999998,6.0,,,,,1,IVMH,0,Update
ivmh,No Repair,22,22,RecentScan,17.336292,,22.0,,,,1,IVMH,0,RecentScan
ivmh,No Repair,23,23,RecentScan,17.403875,,23.0,,,,1,IVMH,0,RecentScan
ivmh,No Repair,24,24,RecentScan,15.39075,,24.0,,,,1,IVMH,0,RecentScan
ivmh,No Repair,25,25,RecentScan,15.834209,,25.0,,,,1,IVMH,0,RecentScan
ivmh,No Repair,26,26,RecentScan,16.667458,,26.0,,,,1,IVMH,0,RecentScan
ivmh,No Repair,27,27,MarkTs,0.0017079999999999999,,27.0,,,,1,IVMH,0,
ivmh,No Repair,28,28,Update,0.01825,6.0,,,,,1,IVMH,0,Update
ivmh,No Repair,29,29,RecentScan,15.363708,,29.0,,,,1,IVMH,0,RecentScan
ivmh,No Repair,30,30,RecentScan,16.262833,,30.0,,,,1,IVMH,0,RecentScan
ivmh,No Repair,31,31,RecentScan,15.272084,,31.0,,,,1,IVMH,0,RecentScan
ivmh,No Repair,32,32,RecentScan,17.502875,,32.0,,,,1,IVMH,0,RecentScan
ivmh,No Repair,33,33,RecentScan,15.586667,,33.0,,,,1,IVMH,0,RecentScan
ivmh,No Repair,34,34,MarkTs,0.0,,34.0,,,,1,IVMH,0,
ivmh,No Repair,35,35,Update,0.01725,6.0,,,,,1,IVMH,0,Update
ivmh,No Repair,0,0,InitLoad,15.176084,60000.0,,,,,0,IVMH,1,InitLoad
ivmh,No Repair,1,1,RecentScan,17.615292,,1.0,,,,0,IVMH,1,RecentScan
ivmh,No Repair,2,2,RecentScan,19.026209,,2.0,,,,0,IVMH,1,RecentScan
ivmh,No Repair,3,3,RecentScan,17.049125,,3.0,,,,0,IVMH,1,RecentScan
ivmh,No Repair,4,4,RecentScan,17.421167,,4.0,,,,0,IVMH,1,RecentScan
ivmh,No Repair,5,5,RecentScan,16.803,,5.0,,,,0,IVMH,1,RecentScan
ivmh,No Repair,6,6,MarkTs,0.0015840000000000001,,6.0,,,,0,IVMH,1,
ivmh,No Repair,7,7,Update,0.025917000000000003,6.0,,,,,0,IVMH,1,Update
ivmh,No Repair,8,8,MarkTs,57.711583,,6.0,,,HistoryScan,0,IVMH,1,BuildSnap
ivmh,No Repair,8,8,HistoryScan,20.569875,,6.0,,,,0,IVMH,1,HistoryScan
ivmh,No Repair,9,9,RecentScan,17.98525,,9.0,,,,0,IVMH,1,RecentScan
ivmh,No Repair,10,10,RecentScan,18.680708,,10.0,,,,0,IVMH,1,RecentScan
ivmh,No Repair,11,11,RecentScan,18.068209,,11.0,,,,0,IVMH,1,RecentScan
ivmh,No Repair,12,12,RecentScan,17.363167,,12.0,,,,0,IVMH,1,RecentScan
ivmh,No Repair,13,13,MarkTs,0.0,,13.0,,,,0,IVMH,1,
ivmh,No Repair,14,14,Update,0.022417000000000003,6.0,,,,,0,IVMH,1,Update
ivmh,No Repair,15,15,RecentScan,17.181667,,15.0,,,,0,IVMH,1,RecentScan
ivmh,No Repair,16,16,RecentScan,16.230167,,16.0,,,,0,IVMH,1,RecentScan
ivmh,No Repair,17,17,RecentScan,16.422916,,17.0,,,,0,IVMH,1,RecentScan
ivmh,No Repair,18,18,RecentScan,16.811208,,18.0,,,,0,IVMH,1,RecentScan
ivmh,No Repair,19,19,RecentScan,17.143417,,19.0,,,,0,IVMH,1,RecentScan
ivmh,No Repair,20,20,MarkTs,0.0,,20.0,,,,0,IVMH,1,
ivmh,No Repair,21,21,Update,0.015125,6.0,,,,,0,IVMH,1,Update
ivmh,No Repair,22,22,RecentScan,17.237833,,22.0,,,,0,IVMH,1,RecentScan
ivmh,No Repair,23,23,RecentScan,18.172875,,23.0,,,,0,IVMH,1,RecentScan
ivmh,No Repair,24,24,RecentScan,18.122417,,24.0,,,,0,IVMH,1,RecentScan
ivmh,No Repair,25,25,RecentScan,16.437708,,25.0,,,,0,IVMH,1,RecentScan
ivmh,No Repair,26,26,RecentScan,17.991416,,26.0,,,,0,IVMH,1,RecentScan
ivmh,No Repair,27,27,MarkTs,0.0027919999999999998,,27.0,,,,0,IVMH,1,
ivmh,No Repair,28,28,Update,0.014792,6.0,,,,,0,IVMH,1,Update
ivmh,No Repair,29,29,RecentScan,17.04225,,29.0,,,,0,IVMH,1,RecentScan
ivmh,No Repair,30,30,RecentScan,15.785417,,30.0,,,,0,IVMH,1,RecentScan
ivmh,No Repair,31,31,RecentScan,15.967125,,31.0,,,,0,IVMH,1,RecentScan
ivmh,No Repair,32,32,RecentScan,15.94275,,32.0,,,,0,IVMH,1,RecentScan
ivmh,No Repair,33,33,RecentScan,16.51975,,33.0,,,,0,IVMH,1,RecentScan
ivmh,No Repair,34,34,MarkTs,0.0,,34.0,,,,0,IVMH,1,
ivmh,No Repair,35,35,Update,0.011167,6.0,,,,,0,IVMH,1,Update
ivmh,No Repair,0,0,InitLoad,15.558333,60000.0,,,,,1,IVMH,1,InitLoad
ivmh,No Repair,1,1,RecentScan,17.314,,1.0,,,,1,IVMH,1,RecentScan
ivmh,No Repair,2,2,RecentScan,17.720834,,2.0,,,,1,IVMH,1,RecentScan
ivmh,No Repair,3,3,RecentScan,17.936709,,3.0,,,,1,IVMH,1,RecentScan
ivmh,No Repair,4,4,RecentScan,14.704834,,4.0,,,,1,IVMH,1,RecentScan
ivmh,No Repair,5,5,RecentScan,16.2905,,5.0,,,,1,IVMH,1,RecentScan
ivmh,No Repair,6,6,MarkTs,0.001042,,6.0,,,,1,IVMH,1,
ivmh,No Repair,7,7,Update,0.025667000000000002,6.0,,,,,1,IVMH,1,Update
ivmh,No Repair,8,8,MarkTs,56.268541,,6.0,,,HistoryScan,1,IVMH,1,BuildSnap
ivmh,No Repair,8,8,HistoryScan,18.839917,,6.0,,,,1,IVMH,1,HistoryScan
ivmh,No Repair,9,9,RecentScan,18.798416,,9.0,,,,1,IVMH,1,RecentScan
ivmh,No Repair,10,10,RecentScan,19.501292,,10.0,,,,1,IVMH,1,RecentScan
ivmh,No Repair,11,11,RecentScan,17.152833,,11.0,,,,1,IVMH,1,RecentScan
ivmh,No Repair,12,12,RecentScan,17.812208,,12.0,,,,1,IVMH,1,RecentScan
ivmh,No Repair,13,13,MarkTs,0.0,,13.0,,,,1,IVMH,1,
ivmh,No Repair,14,14,Update,0.019958,6.0,,,,,1,IVMH,1,Update
ivmh,No Repair,15,15,RecentScan,17.102042,,15.0,,,,1,IVMH,1,RecentScan
ivmh,No Repair,16,16,RecentScan,27.754667,,16.0,,,,1,IVMH,1,RecentScan
ivmh,No Repair,17,17,RecentScan,18.298417,,17.0,,,,1,IVMH,1,RecentScan
ivmh,No Repair,18,18,RecentScan,17.814959,,18.0,,,,1,IVMH,1,RecentScan
ivmh,No Repair,19,19,RecentScan,16.855292,,19.0,,,,1,IVMH,1,RecentScan
ivmh,No Repair,20,20,MarkTs,0.0,,20.0,,,,1,IVMH,1,
ivmh,No Repair,21,21,Update,0.025875,6.0,,,,,1,IVMH,1,Update
ivmh,No Repair,22,22,RecentScan,17.497959,,22.0,,,,1,IVMH,1,RecentScan
ivmh,No Repair,23,23,RecentScan,17.462542,,23.0,,,,1,IVMH,1,RecentScan
ivmh,No Repair,24,24,RecentScan,17.713209,,24.0,,,,1,IVMH,1,RecentScan
ivmh,No Repair,25,25,RecentScan,16.641834,,25.0,,,,1,IVMH,1,RecentScan
ivmh,No Repair,26,26,RecentScan,17.241875,,26.0,,,,1,IVMH,1,RecentScan
ivmh,No Repair,27,27,MarkTs,0.001167,,27.0,,,,1,IVMH,1,
ivmh,No Repair,28,28,Update,0.025958,6.0,,,,,1,IVMH,1,Update
ivmh,No Repair,29,29,RecentScan,16.68125,,29.0,,,,1,IVMH,1,RecentScan
ivmh,No Repair,30,30,RecentScan,16.910625,,30.0,,,,1,IVMH,1,RecentScan
ivmh,No Repair,31,31,RecentScan,15.5835,,31.0,,,,1,IVMH,1,RecentScan
ivmh,No Repair,32,32,RecentScan,17.904,,32.0,,,,1,IVMH,1,RecentScan
ivmh,No Repair,33,33,RecentScan,18.6045,,33.0,,,,1,IVMH,1,RecentScan
ivmh,No Repair,34,34,MarkTs,0.001125,,34.0,,,,1,IVMH,1,
ivmh,No Repair,35,35,Update,0.012625,6.0,,,,,1,IVMH,1,Update
ivmh,No Repair,0,0,InitLoad,15.887625,60000.0,,,,,0,IVMH,2,InitLoad
ivmh,No Repair,1,1,RecentScan,20.161833,,1.0,,,,0,IVMH,2,RecentScan
ivmh,No Repair,2,2,RecentScan,19.6185,,2.0,,,,0,IVMH,2,RecentScan
ivmh,No Repair,3,3,RecentScan,17.444792,,3.0,,,,0,IVMH,2,RecentScan
ivmh,No Repair,4,4,RecentScan,17.006667,,4.0,,,,0,IVMH,2,RecentScan
ivmh,No Repair,5,5,RecentScan,15.619375,,5.0,,,,0,IVMH,2,RecentScan
ivmh,No Repair,6,6,MarkTs,0.0,,6.0,,,,0,IVMH,2,
ivmh,No Repair,7,7,Update,0.019542,6.0,,,,,0,IVMH,2,Update
ivmh,No Repair,8,8,MarkTs,52.013042,,6.0,,,HistoryScan,0,IVMH,2,BuildSnap
ivmh,No Repair,8,8,HistoryScan,19.233417,,6.0,,,,0,IVMH,2,HistoryScan
ivmh,No Repair,9,9,RecentScan,17.1015,,9.0,,,,0,IVMH,2,RecentScan
ivmh,No Repair,10,10,RecentScan,16.353542,,10.0,,,,0,IVMH,2,RecentScan
ivmh,No Repair,11,11,RecentScan,17.694584,,11.0,,,,0,IVMH,2,RecentScan
ivmh,No Repair,12,12,RecentScan,16.54525,,12.0,,,,0,IVMH,2,RecentScan
ivmh,No Repair,13,13,MarkTs,0.0,,13.0,,,,0,IVMH,2,
ivmh,No Repair,14,14,Update,0.014959,6.0,,,,,0,IVMH,2,Update
ivmh,No Repair,15,15,MarkTs,48.623125,,13.0,,,HistoryScan,0,IVMH,2,BuildSnap
ivmh,No Repair,15,15,HistoryScan,17.992125,,13.0,,,,0,IVMH,2,HistoryScan
ivmh,No Repair,16,16,RecentScan,16.966167,,16.0,,,,0,IVMH,2,RecentScan
ivmh,No Repair,17,17,RecentScan,17.170125,,17.0,,,,0,IVMH,2,RecentScan
ivmh,No Repair,18,18,RecentScan,19.341833,,18.0,,,,0,IVMH,2,RecentScan
ivmh,No Repair,19,19,RecentScan,18.977084,,19.0,,,,0,IVMH,2,RecentScan
ivmh,No Repair,20,20,MarkTs,0.0,,20.0,,,,0,IVMH,2,
ivmh,No Repair,21,21,Update,0.026083,6.0,,,,,0,IVMH,2,Update
ivmh,No Repair,22,22,RecentScan,17.596333,,22.0,,,,0,IVMH,2,RecentScan
ivmh,No Repair,23,23,RecentScan,17.068375,,23.0,,,,0,IVMH,2,RecentScan
ivmh,No Repair,24,24,RecentScan,18.677167,,24.0,,,,0,IVMH,2,RecentScan
ivmh,No Repair,25,25,RecentScan,19.025334,,25.0,,,,0,IVMH,2,RecentScan
ivmh,No Repair,26,26,RecentScan,17.625625,,26.0,,,,0,IVMH,2,RecentScan
ivmh,No Repair,27,27,MarkTs,0.001167,,27.0,,,,0,IVMH,2,
ivmh,No Repair,28,28,Update,0.028541,6.0,,,,,0,IVMH,2,Update
ivmh,No Repair,29,29,RecentScan,18.204417,,29.0,,,,0,IVMH,2,RecentScan
ivmh,No Repair,30,30,RecentScan,16.117333,,30.0,,,,0,IVMH,2,RecentScan
ivmh,No Repair,31,31,RecentScan,16.547208,,31.0,,,,0,IVMH,2,RecentScan
ivmh,No Repair,32,32,RecentScan,17.678167,,32.0,,,,0,IVMH,2,RecentScan
ivmh,No Repair,33,33,RecentScan,15.879791,,33.0,,,,0,IVMH,2,RecentScan
ivmh,No Repair,34,34,MarkTs,0.0,,34.0,,,,0,IVMH,2,
ivmh,No Repair,35,35,Update,0.015833,6.0,,,,,0,IVMH,2,Update
ivmh,No Repair,0,0,InitLoad,14.6055,60000.0,,,,,1,IVMH,2,InitLoad
ivmh,No Repair,1,1,RecentScan,18.309917,,1.0,,,,1,IVMH,2,RecentScan
ivmh,No Repair,2,2,RecentScan,17.747916,,2.0,,,,1,IVMH,2,RecentScan
ivmh,No Repair,3,3,RecentScan,16.370333,,3.0,,,,1,IVMH,2,RecentScan
ivmh,No Repair,4,4,RecentScan,16.238792,,4.0,,,,1,IVMH,2,RecentScan
ivmh,No Repair,5,5,RecentScan,16.087042,,5.0,,,,1,IVMH,2,RecentScan
ivmh,No Repair,6,6,MarkTs,0.001333,,6.0,,,,1,IVMH,2,
ivmh,No Repair,7,7,Update,0.0165,6.0,,,,,1,IVMH,2,Update
ivmh,No Repair,8,8,MarkTs,51.054833,,6.0,,,HistoryScan,1,IVMH,2,BuildSnap
ivmh,No Repair,8,8,HistoryScan,18.240625,,6.0,,,,1,IVMH,2,HistoryScan
ivmh,No Repair,9,9,RecentScan,16.088542,,9.0,,,,1,IVMH,2,RecentScan
ivmh,No Repair,10,10,RecentScan,15.937625,,10.0,,,,1,IVMH,2,RecentScan
ivmh,No Repair,11,11,RecentScan,16.314458,,11.0,,,,1,IVMH,2,RecentScan
ivmh,No Repair,12,12,RecentScan,16.094,,12.0,,,,1,IVMH,2,RecentScan
ivmh,No Repair,13,13,MarkTs,0.0,,13.0,,,,1,IVMH,2,
ivmh,No Repair,14,14,Update,0.011375,6.0,,,,,1,IVMH,2,Update
ivmh,No Repair,15,15,MarkTs,50.772292,,13.0,,,HistoryScan,1,IVMH,2,BuildSnap
ivmh,No Repair,15,15,HistoryScan,17.748625,,13.0,,,,1,IVMH,2,HistoryScan
ivmh,No Repair,16,16,RecentScan,15.910458,,16.0,,,,1,IVMH,2,RecentScan
ivmh,No Repair,17,17,RecentScan,17.434458,,17.0,,,,1,IVMH,2,RecentScan
ivmh,No Repair,18,18,RecentScan,15.9805,,18.0,,,,1,IVMH,2,RecentScan
ivmh,No Repair,19,19,RecentScan,16.353333,,19.0,,,,1,IVMH,2,RecentScan
ivmh,No Repair,20,20,MarkTs,0.0,,20.0,,,,1,IVMH,2,
ivmh,No Repair,21,21,Update,0.017625,6.0,,,,,1,IVMH,2,Update
ivmh,No Repair,22,22,RecentScan,16.230625,,22.0,,,,1,IVMH,2,RecentScan
ivmh,No Repair,23,23,RecentScan,16.192667,,23.0,,,,1,IVMH,2,RecentScan
ivmh,No Repair,24,24,RecentScan,16.664875,,24.0,,,,1,IVMH,2,RecentScan
ivmh,No Repair,25,25,RecentScan,16.484417,,25.0,,,,1,IVMH,2,RecentScan
ivmh,No Repair,26,26,RecentScan,16.202584,,26.0,,,,1,IVMH,2,RecentScan
ivmh,No Repair,27,27,MarkTs,0.001166,,27.0,,,,1,IVMH,2,
ivmh,No Repair,28,28,Update,0.015042,6.0,,,,,1,IVMH,2,Update
ivmh,No Repair,29,29,RecentScan,16.216959,,29.0,,,,1,IVMH,2,RecentScan
ivmh,No Repair,30,30,RecentScan,16.10575,,30.0,,,,1,IVMH,2,RecentScan
ivmh,No Repair,31,31,RecentScan,16.069667,,31.0,,,,1,IVMH,2,RecentScan
ivmh,No Repair,32,32,RecentScan,16.083459,,32.0,,,,1,IVMH,2,RecentScan
ivmh,No Repair,33,33,RecentScan,16.536708,,33.0,,,,1,IVMH,2,RecentScan
ivmh,No Repair,34,34,MarkTs,0.0,,34.0,,,,1,IVMH,2,
ivmh,No Repair,35,35,Update,0.010458,6.0,,,,,1,IVMH,2,Update
ivmh,No Repair,0,0,InitLoad,14.472,60000.0,,,,,0,IVMH,3,InitLoad
ivmh,No Repair,1,1,RecentScan,17.521708,,1.0,,,,0,IVMH,3,RecentScan
ivmh,No Repair,2,2,RecentScan,17.407958,,2.0,,,,0,IVMH,3,RecentScan
ivmh,No Repair,3,3,RecentScan,16.37475,,3.0,,,,0,IVMH,3,RecentScan
ivmh,No Repair,4,4,RecentScan,15.913917,,4.0,,,,0,IVMH,3,RecentScan
ivmh,No Repair,5,5,RecentScan,17.102042,,5.0,,,,0,IVMH,3,RecentScan
ivmh,No Repair,6,6,MarkTs,0.001083,,6.0,,,,0,IVMH,3,
ivmh,No Repair,7,7,Update,0.016834,6.0,,,,,0,IVMH,3,Update
ivmh,No Repair,8,8,MarkTs,51.17325,,6.0,,,HistoryScan,0,IVMH,3,BuildSnap
ivmh,No Repair,8,8,HistoryScan,17.104041,,6.0,,,,0,IVMH,3,HistoryScan
ivmh,No Repair,9,9,RecentScan,16.72,,9.0,,,,0,IVMH,3,RecentScan
ivmh,No Repair,10,10,RecentScan,17.256084,,10.0,,,,0,IVMH,3,RecentScan
ivmh,No Repair,11,11,RecentScan,18.65125,,11.0,,,,0,IVMH,3,RecentScan
ivmh,No Repair,12,12,RecentScan,16.354792,,12.0,,,,0,IVMH,3,RecentScan
ivmh,No Repair,13,13,MarkTs,0.0,,13.0,,,,0,IVMH,3,
ivmh,No Repair,14,14,Update,0.012625,6.0,,,,,0,IVMH,3,Update
ivmh,No Repair,15,15,MarkTs,50.023541,,13.0,,,HistoryScan,0,IVMH,3,BuildSnap
ivmh,No Repair,15,15,HistoryScan,19.110166,,13.0,,,,0,IVMH,3,HistoryScan
ivmh,No Repair,16,16,RecentScan,17.284375,,16.0,,,,0,IVMH,3,RecentScan
ivmh,No Repair,17,17,RecentScan,16.599167,,17.0,,,,0,IVMH,3,RecentScan
ivmh,No Repair,18,18,RecentScan,15.720834,,18.0,,,,0,IVMH,3,RecentScan
ivmh,No Repair,19,19,RecentScan,16.325167,,19.0,,,,0,IVMH,3,RecentScan
ivmh,No Repair,20,20,MarkTs,0.0,,20.0,,,,0,IVMH,3,
ivmh,No Repair,21,21,Update,0.017875,6.0,,,,,0,IVMH,3,Update
ivmh,No Repair,22,22,MarkTs,49.16175,,20.0,,,HistoryScan,0,IVMH,3,BuildSnap
ivmh,No Repair,22,22,HistoryScan,19.399458,,20.0,,,,0,IVMH,3,HistoryScan
ivmh,No Repair,23,23,RecentScan,18.724292,,23.0,,,,0,IVMH,3,RecentScan
ivmh,No Repair,24,24,RecentScan,16.796167,,24.0,,,,0,IVMH,3,RecentScan
ivmh,No Repair,25,25,RecentScan,17.255375,,25.0,,,,0,IVMH,3,RecentScan
ivmh,No Repair,26,26,RecentScan,16.476167,,26.0,,,,0,IVMH,3,RecentScan
ivmh,No Repair,27,27,MarkTs,0.001209,,27.0,,,,0,IVMH,3,
ivmh,No Repair,28,28,Update,0.013958,6.0,,,,,0,IVMH,3,Update
ivmh,No Repair,29,29,RecentScan,16.685333,,29.0,,,,0,IVMH,3,RecentScan
ivmh,No Repair,30,30,RecentScan,16.861459,,30.0,,,,0,IVMH,3,RecentScan
ivmh,No Repair,31,31,RecentScan,16.32575,,31.0,,,,0,IVMH,3,RecentScan
ivmh,No Repair,32,32,RecentScan,16.589875,,32.0,,,,0,IVMH,3,RecentScan
ivmh,No Repair,33,33,RecentScan,16.495209,,33.0,,,,0,IVMH,3,RecentScan
ivmh,No Repair,34,34,MarkTs,0.0,,34.0,,,,0,IVMH,3,
ivmh,No Repair,35,35,Update,0.010625,6.0,,,,,0,IVMH,3,Update
ivmh,No Repair,0,0,InitLoad,14.55275,60000.0,,,,,1,IVMH,3,InitLoad
ivmh,No Repair,1,1,RecentScan,18.563375,,1.0,,,,1,IVMH,3,RecentScan
ivmh,No Repair,2,2,RecentScan,16.87475,,2.0,,,,1,IVMH,3,RecentScan
ivmh,No Repair,3,3,RecentScan,16.439916,,3.0,,,,1,IVMH,3,RecentScan
ivmh,No Repair,4,4,RecentScan,16.434,,4.0,,,,1,IVMH,3,RecentScan
ivmh,No Repair,5,5,RecentScan,17.163875,,5.0,,,,1,IVMH,3,RecentScan
ivmh,No Repair,6,6,MarkTs,0.0,,6.0,,,,1,IVMH,3,
ivmh,No Repair,7,7,Update,0.017584,6.0,,,,,1,IVMH,3,Update
ivmh,No Repair,8,8,MarkTs,53.664792,,6.0,,,HistoryScan,1,IVMH,3,BuildSnap
ivmh,No Repair,8,8,HistoryScan,17.818958,,6.0,,,,1,IVMH,3,HistoryScan
ivmh,No Repair,9,9,RecentScan,16.40775,,9.0,,,,1,IVMH,3,RecentScan
ivmh,No Repair,10,10,RecentScan,17.023041,,10.0,,,,1,IVMH,3,RecentScan
ivmh,No Repair,11,11,RecentScan,16.7345,,11.0,,,,1,IVMH,3,RecentScan
ivmh,No Repair,12,12,RecentScan,16.401959,,12.0,,,,1,IVMH,3,RecentScan
ivmh,No Repair,13,13,MarkTs,0.0,,13.0,,,,1,IVMH,3,
ivmh,No Repair,14,14,Update,0.012042,6.0,,,,,1,IVMH,3,Update
ivmh,No Repair,15,15,MarkTs,47.542625,,13.0,,,HistoryScan,1,IVMH,3,BuildSnap
ivmh,No Repair,15,15,HistoryScan,18.079458,,13.0,,,,1,IVMH,3,HistoryScan
ivmh,No Repair,16,16,RecentScan,18.143625,,16.0,,,,1,IVMH,3,RecentScan
ivmh,No Repair,17,17,RecentScan,16.351417,,17.0,,,,1,IVMH,3,RecentScan
ivmh,No Repair,18,18,RecentScan,15.943542,,18.0,,,,1,IVMH,3,RecentScan
ivmh,No Repair,19,19,RecentScan,16.220167,,19.0,,,,1,IVMH,3,RecentScan
ivmh,No Repair,20,20,MarkTs,0.0,,20.0,,,,1,IVMH,3,
ivmh,No Repair,21,21,Update,0.01425,6.0,,,,,1,IVMH,3,Update
ivmh,No Repair,22,22,MarkTs,46.781834,,20.0,,,HistoryScan,1,IVMH,3,BuildSnap
ivmh,No Repair,22,22,HistoryScan,17.888125,,20.0,,,,1,IVMH,3,HistoryScan
ivmh,No Repair,23,23,RecentScan,16.937041,,23.0,,,,1,IVMH,3,RecentScan
ivmh,No Repair,24,24,RecentScan,17.464333,,24.0,,,,1,IVMH,3,RecentScan
ivmh,No Repair,25,25,RecentScan,16.486958,,25.0,,,,1,IVMH,3,RecentScan
ivmh,No Repair,26,26,RecentScan,16.762417,,26.0,,,,1,IVMH,3,RecentScan
ivmh,No Repair,27,27,MarkTs,0.001833,,27.0,,,,1,IVMH,3,
ivmh,No Repair,28,28,Update,0.01675,6.0,,,,,1,IVMH,3,Update
ivmh,No Repair,29,29,RecentScan,16.790292,,29.0,,,,1,IVMH,3,RecentScan
ivmh,No Repair,30,30,RecentScan,15.852167,,30.0,,,,1,IVMH,3,RecentScan
ivmh,No Repair,31,31,RecentScan,16.368416,,31.0,,,,1,IVMH,3,RecentScan
ivmh,No Repair,32,32,RecentScan,17.287125,,32.0,,,,1,IVMH,3,RecentScan
ivmh,No Repair,33,33,RecentScan,15.91625,,33.0,,,,1,IVMH,3,RecentScan
ivmh,No Repair,34,34,MarkTs,0.0,,34.0,,,,1,IVMH,3,
ivmh,No Repair,35,35,Update,0.01075,6.0,,,,,1,IVMH,3,Update
ivmh,No Repair,0,0,InitLoad,14.161375,60000.0,,,,,0,IVMH,4,InitLoad
ivmh,No Repair,1,1,RecentScan,17.425584,,1.0,,,,0,IVMH,4,RecentScan
ivmh,No Repair,2,2,RecentScan,14.997542,,2.0,,,,0,IVMH,4,RecentScan
ivmh,No Repair,3,3,RecentScan,17.342084,,3.0,,,,0,IVMH,4,RecentScan
ivmh,No Repair,4,4,RecentScan,14.73575,,4.0,,,,0,IVMH,4,RecentScan
ivmh,No Repair,5,5,RecentScan,15.6065,,5.0,,,,0,IVMH,4,RecentScan
ivmh,No Repair,6,6,MarkTs,0.0,,6.0,,,,0,IVMH,4,
ivmh,No Repair,7,7,Update,0.015959,6.0,,,,,0,IVMH,4,Update
ivmh,No Repair,8,8,MarkTs,56.168625,,6.0,,,HistoryScan,0,IVMH,4,BuildSnap
ivmh,No Repair,8,8,HistoryScan,19.366875,,6.0,,,,0,IVMH,4,HistoryScan
ivmh,No Repair,9,9,RecentScan,15.587375,,9.0,,,,0,IVMH,4,RecentScan
ivmh,No Repair,10,10,RecentScan,15.165833,,10.0,,,,0,IVMH,4,RecentScan
ivmh,No Repair,11,11,RecentScan,15.474542,,11.0,,,,0,IVMH,4,RecentScan
ivmh,No Repair,12,12,RecentScan,14.833,,12.0,,,,0,IVMH,4,RecentScan
ivmh,No Repair,13,13,MarkTs,0.0,,13.0,,,,0,IVMH,4,
ivmh,No Repair,14,14,Update,0.014292,6.0,,,,,0,IVMH,4,Update
ivmh,No Repair,15,15,MarkTs,49.668083,,13.0,,,HistoryScan,0,IVMH,4,BuildSnap
ivmh,No Repair,15,15,HistoryScan,18.537625,,13.0,,,,0,IVMH,4,HistoryScan
ivmh,No Repair,16,16,RecentScan,15.379208,,16.0,,,,0,IVMH,4,RecentScan
ivmh,No Repair,17,17,RecentScan,15.653625,,17.0,,,,0,IVMH,4,RecentScan
ivmh,No Repair,18,18,RecentScan,16.945792,,18.0,,,,0,IVMH,4,RecentScan
ivmh,No Repair,19,19,RecentScan,16.939583,,19.0,,,,0,IVMH,4,RecentScan
ivmh,No Repair,20,20,MarkTs,0.0,,20.0,,,,0,IVMH,4,
ivmh,No Repair,21,21,Update,0.015875,6.0,,,,,0,IVMH,4,Update
ivmh,No Repair,22,22,MarkTs,50.199,,20.0,,,HistoryScan,0,IVMH,4,BuildSnap
ivmh,No Repair,22,22,HistoryScan,18.128166,,20.0,,,,0,IVMH,4,HistoryScan
ivmh,No Repair,23,23,RecentScan,14.886125,,23.0,,,,0,IVMH,4,RecentScan
ivmh,No Repair,24,24,RecentScan,15.971417,,24.0,,,,0,IVMH,4,RecentScan
ivmh,No Repair,25,25,RecentScan,16.570042,,25.0,,,,0,IVMH,4,RecentScan
ivmh,No Repair,26,26,RecentScan,16.379959,,26.0,,,,0,IVMH,4,RecentScan
ivmh,No Repair,27,27,MarkTs,0.001083,,27.0,,,,0,IVMH,4,
ivmh,No Repair,28,28,Update,0.015625,6.0,,,,,0,IVMH,4,Update
ivmh,No Repair,29,29,MarkTs,50.721583,,27.0,,,HistoryScan,0,IVMH,4,BuildSnap
ivmh,No Repair,29,29,HistoryScan,17.245708,,27.0,,,,0,IVMH,4,HistoryScan
ivmh,No Repair,30,30,RecentScan,16.370125,,30.0,,,,0,IVMH,4,RecentScan
ivmh,No Repair,31,31,RecentScan,16.015041,,31.0,,,,0,IVMH,4,RecentScan
ivmh,No Repair,32,32,RecentScan,16.408875,,32.0,,,,0,IVMH,4,RecentScan
ivmh,No Repair,33,33,RecentScan,16.506416,,33.0,,,,0,IVMH,4,RecentScan
ivmh,No Repair,34,34,MarkTs,0.0,,34.0,,,,0,IVMH,4,
ivmh,No Repair,35,35,Update,0.0125,6.0,,,,,0,IVMH,4,Update
ivmh,No Repair,0,0,InitLoad,14.92975,60000.0,,,,,1,IVMH,4,InitLoad
ivmh,No Repair,1,1,RecentScan,18.194125,,1.0,,,,1,IVMH,4,RecentScan
ivmh,No Repair,2,2,RecentScan,18.984958,,2.0,,,,1,IVMH,4,RecentScan
ivmh,No Repair,3,3,RecentScan,14.50825,,3.0,,,,1,IVMH,4,RecentScan
ivmh,No Repair,4,4,RecentScan,15.738416,,4.0,,,,1,IVMH,4,RecentScan
ivmh,No Repair,5,5,RecentScan,15.752958,,5.0,,,,1,IVMH,4,RecentScan
ivmh,No Repair,6,6,MarkTs,0.001167,,6.0,,,,1,IVMH,4,
ivmh,No Repair,7,7,Update,0.017875,6.0,,,,,1,IVMH,4,Update
ivmh,No Repair,8,8,MarkTs,48.873875,,6.0,,,HistoryScan,1,IVMH,4,BuildSnap
ivmh,No Repair,8,8,HistoryScan,17.486542,,6.0,,,,1,IVMH,4,HistoryScan
ivmh,No Repair,9,9,RecentScan,16.189834,,9.0,,,,1,IVMH,4,RecentScan
ivmh,No Repair,10,10,RecentScan,16.920833,,10.0,,,,1,IVMH,4,RecentScan
ivmh,No Repair,11,11,RecentScan,18.295416,,11.0,,,,1,IVMH,4,RecentScan
ivmh,No Repair,12,12,RecentScan,17.602625,,12.0,,,,1,IVMH,4,RecentScan
ivmh,No Repair,13,13,MarkTs,0.0,,13.0,,,,1,IVMH,4,
ivmh,No Repair,14,14,Update,0.013583,6.0,,,,,1,IVMH,4,Update
ivmh,No Repair,15,15,MarkTs,49.39175,,13.0,,,HistoryScan,1,IVMH,4,BuildSnap
ivmh,No Repair,15,15,HistoryScan,19.165292,,13.0,,,,1,IVMH,4,HistoryScan
ivmh,No Repair,16,16,RecentScan,15.684417,,16.0,,,,1,IVMH,4,RecentScan
ivmh,No Repair,17,17,RecentScan,14.724708,,17.0,,,,1,IVMH,4,RecentScan
ivmh,No Repair,18,18,RecentScan,16.689083,,18.0,,,,1,IVMH,4,RecentScan
ivmh,No Repair,19,19,RecentScan,17.440292,,19.0,,,,1,IVMH,4,RecentScan
ivmh,No Repair,20,20,MarkTs,0.0,,20.0,,,,1,IVMH,4,
ivmh,No Repair,21,21,Update,0.01425,6.0,,,,,1,IVMH,4,Update
ivmh,No Repair,22,22,MarkTs,48.89825,,20.0,,,HistoryScan,1,IVMH,4,BuildSnap
ivmh,No Repair,22,22,HistoryScan,19.703917,,20.0,,,,1,IVMH,4,HistoryScan
ivmh,No Repair,23,23,RecentScan,18.112375,,23.0,,,,1,IVMH,4,RecentScan
ivmh,No Repair,24,24,RecentScan,15.592375,,24.0,,,,1,IVMH,4,RecentScan
ivmh,No Repair,25,25,RecentScan,13.862208,,25.0,,,,1,IVMH,4,RecentScan
ivmh,No Repair,26,26,RecentScan,15.038458,,26.0,,,,1,IVMH,4,RecentScan
ivmh,No Repair,27,27,MarkTs,0.001209,,27.0,,,,1,IVMH,4,
ivmh,No Repair,28,28,Update,0.014958,6.0,,,,,1,IVMH,4,Update
ivmh,No Repair,29,29,MarkTs,47.144208,,27.0,,,HistoryScan,1,IVMH,4,BuildSnap
ivmh,No Repair,29,29,HistoryScan,18.55775,,27.0,,,,1,IVMH,4,HistoryScan
ivmh,No Repair,30,30,RecentScan,17.201208,,30.0,,,,1,IVMH,4,RecentScan
ivmh,No Repair,31,31,RecentScan,17.684916,,31.0,,,,1,IVMH,4,RecentScan
ivmh,No Repair,32,32,RecentScan,16.753917,,32.0,,,,1,IVMH,4,RecentScan
ivmh,No Repair,33,33,RecentScan,16.520625,,33.0,,,,1,IVMH,4,RecentScan
ivmh,No Repair,34,34,MarkTs,0.0,,34.0,,,,1,IVMH,4,
ivmh,No Repair,35,35,Update,0.0115,6.0,,,,,1,IVMH,4,Update
par,Write Repair,0,0,InitLoad,19.842958,60000.0,,,,,0,EPOCH-WR,0,InitLoad
par,Write Repair,1,1,RecentScan,16.963209,,1.0,,,,0,EPOCH-WR,0,RecentScan
par,Write Repair,2,2,RecentScan,15.741917,,2.0,,,,0,EPOCH-WR,0,RecentScan
par,Write Repair,3,3,RecentScan,14.179916,,3.0,,,,0,EPOCH-WR,0,RecentScan
par,Write Repair,4,4,RecentScan,15.696292,,4.0,,,,0,EPOCH-WR,0,RecentScan
par,Write Repair,5,5,RecentScan,13.689959,,5.0,,,,0,EPOCH-WR,0,RecentScan
par,Write Repair,6,6,MarkTs,0.2045,,6.0,,,,0,EPOCH-WR,0,
par,Write Repair,7,7,Update,1.31375,6.0,,,,,0,EPOCH-WR,0,Update
par,Write Repair,8,8,RecentScan,15.641,,8.0,,,,0,EPOCH-WR,0,RecentScan
par,Write Repair,9,9,RecentScan,15.481416,,9.0,,,,0,EPOCH-WR,0,RecentScan
par,Write Repair,10,10,RecentScan,14.927583,,10.0,,,,0,EPOCH-WR,0,RecentScan
par,Write Repair,11,11,RecentScan,15.421583,,11.0,,,,0,EPOCH-WR,0,RecentScan
par,Write Repair,12,12,RecentScan,15.333875,,12.0,,,,0,EPOCH-WR,0,RecentScan
par,Write Repair,13,13,MarkTs,0.018667000000000003,,13.0,,,,0,EPOCH-WR,0,
par,Write Repair,14,14,Update,0.852208,6.0,,,,,0,EPOCH-WR,0,Update
par,Write Repair,15,15,RecentScan,15.210125,,15.0,,,,0,EPOCH-WR,0,RecentScan
par,Write Repair,16,16,RecentScan,15.344875,,16.0,,,,0,EPOCH-WR,0,RecentScan
par,Write Repair,17,17,RecentScan,15.390708,,17.0,,,,0,EPOCH-WR,0,RecentScan
par,Write Repair,18,18,RecentScan,15.27025,,18.0,,,,0,EPOCH-WR,0,RecentScan
par,Write Repair,19,19,RecentScan,14.016333,,19.0,,,,0,EPOCH-WR,0,RecentScan
par,Write Repair,20,20,MarkTs,0.017542000000000002,,20.0,,,,0,EPOCH-WR,0,
par,Write Repair,21,21,Update,0.810292,6.0,,,,,0,EPOCH-WR,0,Update
par,Write Repair,22,22,RecentScan,14.219042,,22.0,,,,0,EPOCH-WR,0,RecentScan
par,Write Repair,23,23,RecentScan,16.210041,,23.0,,,,0,EPOCH-WR,0,RecentScan
par,Write Repair,24,24,RecentScan,14.457417,,24.0,,,,0,EPOCH-WR,0,RecentScan
par,Write Repair,25,25,RecentScan,17.453958,,25.0,,,,0,EPOCH-WR,0,RecentScan
par,Write Repair,26,26,RecentScan,15.750583,,26.0,,,,0,EPOCH-WR,0,RecentScan
par,Write Repair,27,27,MarkTs,0.26875,,27.0,,,,0,EPOCH-WR,0,
par,Write Repair,28,28,Update,0.934292,6.0,,,,,0,EPOCH-WR,0,Update
par,Write Repair,29,29,RecentScan,16.061958,,29.0,,,,0,EPOCH-WR,0,RecentScan
par,Write Repair,30,30,RecentScan,15.43525,,30.0,,,,0,EPOCH-WR,0,RecentScan
par,Write Repair,31,31,RecentScan,15.826792,,31.0,,,,0,EPOCH-WR,0,RecentScan
par,Write Repair,32,32,RecentScan,14.939958,,32.0,,,,0,EPOCH-WR,0,RecentScan
par,Write Repair,33,33,RecentScan,14.64825,,33.0,,,,0,EPOCH-WR,0,RecentScan
par,Write Repair,34,34,MarkTs,0.046375,,34.0,,,,0,EPOCH-WR,0,
par,Write Repair,35,35,Update,0.8192079999999999,6.0,,,,,0,EPOCH-WR,0,Update
par,Write Repair,0,0,InitLoad,19.506042,60000.0,,,,,1,EPOCH-WR,0,InitLoad
par,Write Repair,1,1,RecentScan,17.042791,,1.0,,,,1,EPOCH-WR,0,RecentScan
par,Write Repair,2,2,RecentScan,17.389,,2.0,,,,1,EPOCH-WR,0,RecentScan
par,Write Repair,3,3,RecentScan,15.630292,,3.0,,,,1,EPOCH-WR,0,RecentScan
par,Write Repair,4,4,RecentScan,15.161917,,4.0,,,,1,EPOCH-WR,0,RecentScan
par,Write Repair,5,5,RecentScan,15.02125,,5.0,,,,1,EPOCH-WR,0,RecentScan
par,Write Repair,6,6,MarkTs,0.209333,,6.0,,,,1,EPOCH-WR,0,
par,Write Repair,7,7,Update,1.232625,6.0,,,,,1,EPOCH-WR,0,Update
par,Write Repair,8,8,RecentScan,15.063583,,8.0,,,,1,EPOCH-WR,0,RecentScan
par,Write Repair,9,9,RecentScan,15.057458,,9.0,,,,1,EPOCH-WR,0,RecentScan
par,Write Repair,10,10,RecentScan,15.364291,,10.0,,,,1,EPOCH-WR,0,RecentScan
par,Write Repair,11,11,RecentScan,13.333708,,11.0,,,,1,EPOCH-WR,0,RecentScan
par,Write Repair,12,12,RecentScan,14.450208,,12.0,,,,1,EPOCH-WR,0,RecentScan
par,Write Repair,13,13,MarkTs,0.018917000000000003,,13.0,,,,1,EPOCH-WR,0,
par,Write Repair,14,14,Update,0.875084,6.0,,,,,1,EPOCH-WR,0,Update
par,Write Repair,15,15,RecentScan,15.232292,,15.0,,,,1,EPOCH-WR,0,RecentScan
par,Write Repair,16,16,RecentScan,15.269667,,16.0,,,,1,EPOCH-WR,0,RecentScan
par,Write Repair,17,17,RecentScan,15.911042,,17.0,,,,1,EPOCH-WR,0,RecentScan
par,Write Repair,18,18,RecentScan,15.43575,,18.0,,,,1,EPOCH-WR,0,RecentScan
par,Write Repair,19,19,RecentScan,15.170875,,19.0,,,,1,EPOCH-WR,0,RecentScan
par,Write Repair,20,20,MarkTs,0.018875,,20.0,,,,1,EPOCH-WR,0,
par,Write Repair,21,21,Update,0.861583,6.0,,,,,1,EPOCH-WR,0,Update
par,Write Repair,22,22,RecentScan,15.094708,,22.0,,,,1,EPOCH-WR,0,RecentScan
par,Write Repair,23,23,RecentScan,15.167167,,23.0,,,,1,EPOCH-WR,0,RecentScan
par,Write Repair,24,24,RecentScan,15.729959,,24.0,,,,1,EPOCH-WR,0,RecentScan
par,Write Repair,25,25,RecentScan,15.310333,,25.0,,,,1,EPOCH-WR,0,RecentScan
par,Write Repair,26,26,RecentScan,15.263791,,26.0,,,,1,EPOCH-WR,0,RecentScan
par,Write Repair,27,27,MarkTs,0.263334,,27.0,,,,1,EPOCH-WR,0,
par,Write Repair,28,28,Update,0.906375,6.0,,,,,1,EPOCH-WR,0,Update
par,Write Repair,29,29,RecentScan,13.53325,,29.0,,,,1,EPOCH-WR,0,RecentScan
par,Write Repair,30,30,RecentScan,13.057042,,30.0,,,,1,EPOCH-WR,0,RecentScan
par,Write Repair,31,31,RecentScan,13.946458,,31.0,,,,1,EPOCH-WR,0,RecentScan
par,Write Repair,32,32,RecentScan,14.349083,,32.0,,,,1,EPOCH-WR,0,RecentScan
par,Write Repair,33,33,RecentScan,15.813834,,33.0,,,,1,EPOCH-WR,0,RecentScan
par,Write Repair,34,34,MarkTs,0.045833,,34.0,,,,1,EPOCH-WR,0,
par,Write Repair,35,35,Update,0.8525,6.0,,,,,1,EPOCH-WR,0,Update
par,Write Repair,0,0,InitLoad,19.686667,60000.0,,,,,0,EPOCH-WR,1,InitLoad
par,Write Repair,1,1,RecentScan,18.281042,,1.0,,,,0,EPOCH-WR,1,RecentScan
par,Write Repair,2,2,RecentScan,15.861959,,2.0,,,,0,EPOCH-WR,1,RecentScan
par,Write Repair,3,3,RecentScan,14.728208,,3.0,,,,0,EPOCH-WR,1,RecentScan
par,Write Repair,4,4,RecentScan,13.358375,,4.0,,,,0,EPOCH-WR,1,RecentScan
par,Write Repair,5,5,RecentScan,15.490416,,5.0,,,,0,EPOCH-WR,1,RecentScan
par,Write Repair,6,6,MarkTs,0.23275,,6.0,,,,0,EPOCH-WR,1,
par,Write Repair,7,7,Update,1.518958,6.0,,,,,0,EPOCH-WR,1,Update
par,Write Repair,8,8,HistoryScan,14.919834,,6.0,,,,0,EPOCH-WR,1,HistoryScan
par,Write Repair,9,9,RecentScan,14.960666,,9.0,,,,0,EPOCH-WR,1,RecentScan
par,Write Repair,10,10,RecentScan,14.899,,10.0,,,,0,EPOCH-WR,1,RecentScan
par,Write Repair,11,11,RecentScan,15.032042,,11.0,,,,0,EPOCH-WR,1,RecentScan
par,Write Repair,12,12,RecentScan,14.907791,,12.0,,,,0,EPOCH-WR,1,RecentScan
par,Write Repair,13,13,MarkTs,0.018125,,13.0,,,,0,EPOCH-WR,1,
par,Write Repair,14,14,Update,0.852958,6.0,,,,,0,EPOCH-WR,1,Update
par,Write Repair,15,15,RecentScan,14.96075,,15.0,,,,0,EPOCH-WR,1,RecentScan
par,Write Repair,16,16,RecentScan,14.693,,16.0,,,,0,EPOCH-WR,1,RecentScan
par,Write Repair,17,17,RecentScan,14.566833,,17.0,,,,0,EPOCH-WR,1,RecentScan
par,Write Repair,18,18,RecentScan,14.025,,18.0,,,,0,EPOCH-WR,1,RecentScan
par,Write Repair,19,19,RecentScan,14.192458,,19.0,,,,0,EPOCH-WR,1,RecentScan
par,Write Repair,20,20,MarkTs,0.017792000000000002,,20.0,,,,0,EPOCH-WR,1,
par,Write Repair,21,21,Update,0.8360420000000001,6.0,,,,,0,EPOCH-WR,1,Update
par,Write Repair,22,22,RecentScan,14.725584,,22.0,,,,0,EPOCH-WR,1,RecentScan
par,Write Repair,23,23,RecentScan,14.896,,23.0,,,,0,EPOCH-WR,1,RecentScan
par,Write Repair,24,24,RecentScan,15.204541,,24.0,,,,0,EPOCH-WR,1,RecentScan
par,Write Repair,25,25,RecentScan,14.87075,,25.0,,,,0,EPOCH-WR,1,RecentScan
par,Write Repair,26,26,RecentScan,15.537583,,26.0,,,,0,EPOCH-WR,1,RecentScan
par,Write Repair,27,27,MarkTs,0.27083300000000005,,27.0,,,,0,EPOCH-WR,1,
par,Write Repair,28,28,Update,0.877125,6.0,,,,,0,EPOCH-WR,1,Update
par,Write Repair,29,29,RecentScan,16.180166,,29.0,,,,0,EPOCH-WR,1,RecentScan
par,Write Repair,30,30,RecentScan,14.942833,,30.0,,,,0,EPOCH-WR,1,RecentScan
par,Write Repair,31,31,RecentScan,14.875708,,31.0,,,,0,EPOCH-WR,1,RecentScan
par,Write Repair,32,32,RecentScan,15.1945,,32.0,,,,0,EPOCH-WR,1,RecentScan
par,Write Repair,33,33,RecentScan,15.96325,,33.0,,,,0,EPOCH-WR,1,RecentScan
par,Write Repair,34,34,MarkTs,0.048625,,34.0,,,,0,EPOCH-WR,1,
par,Write Repair,35,35,Update,0.869,6.0,,,,,0,EPOCH-WR,1,Update
par,Write Repair,0,0,InitLoad,19.675542,60000.0,,,,,1,EPOCH-WR,1,InitLoad
par,Write Repair,1,1,RecentScan,17.701291,,1.0,,,,1,EPOCH-WR,1,RecentScan
par,Write Repair,2,2,RecentScan,16.571625,,2.0,,,,1,EPOCH-WR,1,RecentScan
par,Write Repair,3,3,RecentScan,15.187791,,3.0,,,,1,EPOCH-WR,1,RecentScan
par,Write Repair,4,4,RecentScan,14.496209,,4.0,,,,1,EPOCH-WR,1,RecentScan
par,Write Repair,5,5,RecentScan,15.326625,,5.0,,,,1,EPOCH-WR,1,RecentScan
par,Write Repair,6,6,MarkTs,0.237125,,6.0,,,,1,EPOCH-WR,1,
par,Write Repair,7,7,Update,1.190917,6.0,,,,,1,EPOCH-WR,1,Update
par,Write Repair,8,8,HistoryScan,13.827541,,6.0,,,,1,EPOCH-WR,1,HistoryScan
par,Write Repair,9,9,RecentScan,14.315125,,9.0,,,,1,EPOCH-WR,1,RecentScan
par,Write Repair,10,10,RecentScan,14.659417,,10.0,,,,1,EPOCH-WR,1,RecentScan
par,Write Repair,11,11,RecentScan,14.277209,,11.0,,,,1,EPOCH-WR,1,RecentScan
par,Write Repair,12,12,RecentScan,14.83875,,12.0,,,,1,EPOCH-WR,1,RecentScan
par,Write Repair,13,13,MarkTs,0.016582999999999997,,13.0,,,,1,EPOCH-WR,1,
par,Write Repair,14,14,Update,0.84475,6.0,,,,,1,EPOCH-WR,1,Update
par,Write Repair,15,15,RecentScan,14.635333,,15.0,,,,1,EPOCH-WR,1,RecentScan
par,Write Repair,16,16,RecentScan,14.464542,,16.0,,,,1,EPOCH-WR,1,RecentScan
par,Write Repair,17,17,RecentScan,14.574125,,17.0,,,,1,EPOCH-WR,1,RecentScan
par,Write Repair,18,18,RecentScan,15.770625,,18.0,,,,1,EPOCH-WR,1,RecentScan
par,Write Repair,19,19,RecentScan,15.4125,,19.0,,,,1,EPOCH-WR,1,RecentScan
par,Write Repair,20,20,MarkTs,0.017209,,20.0,,,,1,EPOCH-WR,1,
par,Write Repair,21,21,Update,0.885125,6.0,,,,,1,EPOCH-WR,1,Update
par,Write Repair,22,22,RecentScan,14.729083,,22.0,,,,1,EPOCH-WR,1,RecentScan
par,Write Repair,23,23,RecentScan,14.621583,,23.0,,,,1,EPOCH-WR,1,RecentScan
par,Write Repair,24,24,RecentScan,14.833,,24.0,,,,1,EPOCH-WR,1,RecentScan
par,Write Repair,25,25,RecentScan,14.953791,,25.0,,,,1,EPOCH-WR,1,RecentScan
par,Write Repair,26,26,RecentScan,14.956333,,26.0,,,,1,EPOCH-WR,1,RecentScan
par,Write Repair,27,27,MarkTs,0.224792,,27.0,,,,1,EPOCH-WR,1,
par,Write Repair,28,28,Update,0.9354589999999999,6.0,,,,,1,EPOCH-WR,1,Update
par,Write Repair,29,29,RecentScan,15.158458,,29.0,,,,1,EPOCH-WR,1,RecentScan
par,Write Repair,30,30,RecentScan,15.081375,,30.0,,,,1,EPOCH-WR,1,RecentScan
par,Write Repair,31,31,RecentScan,15.117167,,31.0,,,,1,EPOCH-WR,1,RecentScan
par,Write Repair,32,32,RecentScan,14.011,,32.0,,,,1,EPOCH-WR,1,RecentScan
par,Write Repair,33,33,RecentScan,15.713625,,33.0,,,,1,EPOCH-WR,1,RecentScan
par,Write Repair,34,34,MarkTs,0.044667,,34.0,,,,1,EPOCH-WR,1,
par,Write Repair,35,35,Update,0.9381670000000001,6.0,,,,,1,EPOCH-WR,1,Update
par,Write Repair,0,0,InitLoad,19.454292,60000.0,,,,,0,EPOCH-WR,2,InitLoad
par,Write Repair,1,1,RecentScan,18.161792,,1.0,,,,0,EPOCH-WR,2,RecentScan
par,Write Repair,2,2,RecentScan,16.579167,,2.0,,,,0,EPOCH-WR,2,RecentScan
par,Write Repair,3,3,RecentScan,15.442083,,3.0,,,,0,EPOCH-WR,2,RecentScan
par,Write Repair,4,4,RecentScan,14.830167,,4.0,,,,0,EPOCH-WR,2,RecentScan
par,Write Repair,5,5,RecentScan,14.671833,,5.0,,,,0,EPOCH-WR,2,RecentScan
par,Write Repair,6,6,MarkTs,0.20341700000000001,,6.0,,,,0,EPOCH-WR,2,
par,Write Repair,7,7,Update,1.976875,6.0,,,,,0,EPOCH-WR,2,Update
par,Write Repair,8,8,HistoryScan,15.899333,,6.0,,,,0,EPOCH-WR,2,HistoryScan
par,Write Repair,9,9,RecentScan,15.348708,,9.0,,,,0,EPOCH-WR,2,RecentScan
par,Write Repair,10,10,RecentScan,14.353,,10.0,,,,0,EPOCH-WR,2,RecentScan
par,Write Repair,11,11,RecentScan,14.353083,,11.0,,,,0,EPOCH-WR,2,RecentScan
par,Write Repair,12,12,RecentScan,14.041375,,12.0,,,,0,EPOCH-WR,2,RecentScan
par,Write Repair,13,13,MarkTs,0.018542000000000003,,13.0,,,,0,EPOCH-WR,2,
par,Write Repair,14,14,Update,0.827209,6.0,,,,,0,EPOCH-WR,2,Update
par,Write Repair,15,15,HistoryScan,15.691917,,13.0,,,,0,EPOCH-WR,2,HistoryScan
par,Write Repair,16,16,RecentScan,15.322,,16.0,,,,0,EPOCH-WR,2,RecentScan
par,Write Repair,17,17,RecentScan,15.674125,,17.0,,,,0,EPOCH-WR,2,RecentScan
par,Write Repair,18,18,RecentScan,14.726125,,18.0,,,,0,EPOCH-WR,2,RecentScan
par,Write Repair,19,19,RecentScan,15.003792,,19.0,,,,0,EPOCH-WR,2,RecentScan
par,Write Repair,20,20,MarkTs,0.017916,,20.0,,,,0,EPOCH-WR,2,
par,Write Repair,21,21,Update,0.860917,6.0,,,,,0,EPOCH-WR,2,Update
par,Write Repair,22,22,RecentScan,15.163208,,22.0,,,,0,EPOCH-WR,2,RecentScan
par,Write Repair,23,23,RecentScan,14.4425,,23.0,,,,0,EPOCH-WR,2,RecentScan
par,Write Repair,24,24,RecentScan,14.210042,,24.0,,,,0,EPOCH-WR,2,RecentScan
par,Write Repair,25,25,RecentScan,12.8855,,25.0,,,,0,EPOCH-WR,2,RecentScan
par,Write Repair,26,26,RecentScan,15.089167,,26.0,,,,0,EPOCH-WR,2,RecentScan
par,Write Repair,27,27,MarkTs,0.291125,,27.0,,,,0,EPOCH-WR,2,
par,Write Repair,28,28,Update,0.844,6.0,,,,,0,EPOCH-WR,2,Update
par,Write Repair,29,29,RecentScan,14.936667,,29.0,,,,0,EPOCH-WR,2,RecentScan
par,Write Repair,30,30,RecentScan,15.073417,,30.0,,,,0,EPOCH-WR,2,RecentScan
par,Write Repair,31,31,RecentScan,15.231833,,31.0,,,,0,EPOCH-WR,2,RecentScan
par,Write Repair,32,32,RecentScan,15.284333,,32.0,,,,0,EPOCH-WR,2,RecentScan
par,Write Repair,33,33,RecentScan,15.303167,,33.0,,,,0,EPOCH-WR,2,RecentScan
par,Write Repair,34,34,MarkTs,0.040915999999999994,,34.0,,,,0,EPOCH-WR,2,
par,Write Repair,35,35,Update,0.819625,6.0,,,,,0,EPOCH-WR,2,Update
par,Write Repair,0,0,InitLoad,19.772333,60000.0,,,,,1,EPOCH-WR,2,InitLoad
par,Write Repair,1,1,RecentScan,18.035417,,1.0,,,,1,EPOCH-WR,2,RecentScan
par,Write Repair,2,2,RecentScan,18.040875,,2.0,,,,1,EPOCH-WR,2,RecentScan
par,Write Repair,3,3,RecentScan,17.484083,,3.0,,,,1,EPOCH-WR,2,RecentScan
par,Write Repair,4,4,RecentScan,15.917792,,4.0,,,,1,EPOCH-WR,2,RecentScan
par,Write Repair,5,5,RecentScan,16.252417,,5.0,,,,1,EPOCH-WR,2,RecentScan
par,Write Repair,6,6,MarkTs,0.222084,,6.0,,,,1,EPOCH-WR,2,
par,Write Repair,7,7,Update,2.4965,6.0,,,,,1,EPOCH-WR,2,Update
par,Write Repair,8,8,HistoryScan,17.102209,,6.0,,,,1,EPOCH-WR,2,HistoryScan
par,Write Repair,9,9,RecentScan,15.992833,,9.0,,,,1,EPOCH-WR,2,RecentScan
par,Write Repair,10,10,RecentScan,15.318083,,10.0,,,,1,EPOCH-WR,2,RecentScan
par,Write Repair,11,11,RecentScan,16.434875,,11.0,,,,1,EPOCH-WR,2,RecentScan
par,Write Repair,12,12,RecentScan,16.348625,,12.0,,,,1,EPOCH-WR,2,RecentScan
par,Write Repair,13,13,MarkTs,0.016582999999999997,,13.0,,,,1,EPOCH-WR,2,
par,Write Repair,14,14,Update,0.846292,6.0,,,,,1,EPOCH-WR,2,Update
par,Write Repair,15,15,HistoryScan,14.767083,,13.0,,,,1,EPOCH-WR,2,HistoryScan
par,Write Repair,16,16,RecentScan,15.254708,,16.0,,,,1,EPOCH-WR,2,RecentScan
par,Write Repair,17,17,RecentScan,14.725417,,17.0,,,,1,EPOCH-WR,2,RecentScan
par,Write Repair,18,18,RecentScan,15.832125,,18.0,,,,1,EPOCH-WR,2,RecentScan
par,Write Repair,19,19,RecentScan,16.943625,,19.0,,,,1,EPOCH-WR,2,RecentScan
par,Write Repair,20,20,MarkTs,0.018458,,20.0,,,,1,EPOCH-WR,2,
par,Write Repair,21,21,Update,0.9347089999999999,6.0,,,,,1,EPOCH-WR,2,Update
par,Write Repair,22,22,RecentScan,15.339625,,22.0,,,,1,EPOCH-WR,2,RecentScan
par,Write Repair,23,23,RecentScan,14.641333,,23.0,,,,1,EPOCH-WR,2,RecentScan
par,Write Repair,24,24,RecentScan,13.452166,,24.0,,,,1,EPOCH-WR,2,RecentScan
par,Write Repair,25,25,RecentScan,14.751208,,25.0,,,,1,EPOCH-WR,2,RecentScan
par,Write Repair,26,26,RecentScan,14.463375,,26.0,,,,1,EPOCH-WR,2,RecentScan
par,Write Repair,27,27,MarkTs,0.25691699999999995,,27.0,,,,1,EPOCH-WR,2,
par,Write Repair,28,28,Update,0.80675,6.0,,,,,1,EPOCH-WR,2,Update
par,Write Repair,29,29,RecentScan,15.222833,,29.0,,,,1,EPOCH-WR,2,RecentScan
par,Write Repair,30,30,RecentScan,14.99825,,30.0,,,,1,EPOCH-WR,2,RecentScan
par,Write Repair,31,31,RecentScan,15.439542,,31.0,,,,1,EPOCH-WR,2,RecentScan
par,Write Repair,32,32,RecentScan,15.284542,,32.0,,,,1,EPOCH-WR,2,RecentScan
par,Write Repair,33,33,RecentScan,16.979167,,33.0,,,,1,EPOCH-WR,2,RecentScan
par,Write Repair,34,34,MarkTs,0.057167,,34.0,,,,1,EPOCH-WR,2,
par,Write Repair,35,35,Update,0.86775,6.0,,,,,1,EPOCH-WR,2,Update
par,Write Repair,0,0,InitLoad,19.5565,60000.0,,,,,0,EPOCH-WR,3,InitLoad
par,Write Repair,1,1,RecentScan,16.882292,,1.0,,,,0,EPOCH-WR,3,RecentScan
par,Write Repair,2,2,RecentScan,19.494666,,2.0,,,,0,EPOCH-WR,3,RecentScan
par,Write Repair,3,3,RecentScan,17.932125,,3.0,,,,0,EPOCH-WR,3,RecentScan
par,Write Repair,4,4,RecentScan,13.710334,,4.0,,,,0,EPOCH-WR,3,RecentScan
par,Write Repair,5,5,RecentScan,16.518958,,5.0,,,,0,EPOCH-WR,3,RecentScan
par,Write Repair,6,6,MarkTs,0.2235,,6.0,,,,0,EPOCH-WR,3,
par,Write Repair,7,7,Update,1.675083,6.0,,,,,0,EPOCH-WR,3,Update
par,Write Repair,8,8,HistoryScan,17.41875,,6.0,,,,0,EPOCH-WR,3,HistoryScan
par,Write Repair,9,9,RecentScan,16.280875,,9.0,,,,0,EPOCH-WR,3,RecentScan
par,Write Repair,10,10,RecentScan,17.360959,,10.0,,,,0,EPOCH-WR,3,RecentScan
par,Write Repair,11,11,RecentScan,17.828834,,11.0,,,,0,EPOCH-WR,3,RecentScan
par,Write Repair,12,12,RecentScan,15.937625,,12.0,,,,0,EPOCH-WR,3,RecentScan
par,Write Repair,13,13,MarkTs,0.019083,,13.0,,,,0,EPOCH-WR,3,
par,Write Repair,14,14,Update,1.141958,6.0,,,,,0,EPOCH-WR,3,Update
par,Write Repair,15,15,HistoryScan,16.83,,13.0,,,,0,EPOCH-WR,3,HistoryScan
par,Write Repair,16,16,RecentScan,16.320541,,16.0,,,,0,EPOCH-WR,3,RecentScan
par,Write Repair,17,17,RecentScan,16.502792,,17.0,,,,0,EPOCH-WR,3,RecentScan
par,Write Repair,18,18,RecentScan,16.837667,,18.0,,,,0,EPOCH-WR,3,RecentScan
par,Write Repair,19,19,RecentScan,14.846625,,19.0,,,,0,EPOCH-WR,3,RecentScan
par,Write Repair,20,20,MarkTs,0.019709,,20.0,,,,0,EPOCH-WR,3,
par,Write Repair,21,21,Update,0.9952920000000001,6.0,,,,,0,EPOCH-WR,3,Update
par,Write Repair,22,22,HistoryScan,16.608208,,20.0,,,,0,EPOCH-WR,3,HistoryScan
par,Write Repair,23,23,RecentScan,17.338667,,23.0,,,,0,EPOCH-WR,3,RecentScan
par,Write Repair,24,24,RecentScan,17.257083,,24.0,,,,0,EPOCH-WR,3,RecentScan
par,Write Repair,25,25,RecentScan,16.253333,,25.0,,,,0,EPOCH-WR,3,RecentScan
par,Write Repair,26,26,RecentScan,16.056166,,26.0,,,,0,EPOCH-WR,3,RecentScan
par,Write Repair,27,27,MarkTs,0.340959,,27.0,,,,0,EPOCH-WR,3,
par,Write Repair,28,28,Update,1.114792,6.0,,,,,0,EPOCH-WR,3,Update
par,Write Repair,29,29,RecentScan,16.955875,,29.0,,,,0,EPOCH-WR,3,RecentScan
par,Write Repair,30,30,RecentScan,17.269209,,30.0,,,,0,EPOCH-WR,3,RecentScan
par,Write Repair,31,31,RecentScan,15.489958,,31.0,,,,0,EPOCH-WR,3,RecentScan
par,Write Repair,32,32,RecentScan,16.456917,,32.0,,,,0,EPOCH-WR,3,RecentScan
par,Write Repair,33,33,RecentScan,14.978666,,33.0,,,,0,EPOCH-WR,3,RecentScan
par,Write Repair,34,34,MarkTs,0.054084,,34.0,,,,0,EPOCH-WR,3,
par,Write Repair,35,35,Update,1.008459,6.0,,,,,0,EPOCH-WR,3,Update
par,Write Repair,0,0,InitLoad,19.183875,60000.0,,,,,1,EPOCH-WR,3,InitLoad
par,Write Repair,1,1,RecentScan,16.771583,,1.0,,,,1,EPOCH-WR,3,RecentScan
par,Write Repair,2,2,RecentScan,17.515375,,2.0,,,,1,EPOCH-WR,3,RecentScan
par,Write Repair,3,3,RecentScan,14.180083,,3.0,,,,1,EPOCH-WR,3,RecentScan
par,Write Repair,4,4,RecentScan,15.465459,,4.0,,,,1,EPOCH-WR,3,RecentScan
par,Write Repair,5,5,RecentScan,15.234958,,5.0,,,,1,EPOCH-WR,3,RecentScan
par,Write Repair,6,6,MarkTs,0.204625,,6.0,,,,1,EPOCH-WR,3,
par,Write Repair,7,7,Update,1.220625,6.0,,,,,1,EPOCH-WR,3,Update
par,Write Repair,8,8,HistoryScan,15.481792,,6.0,,,,1,EPOCH-WR,3,HistoryScan
par,Write Repair,9,9,RecentScan,15.076417,,9.0,,,,1,EPOCH-WR,3,RecentScan
par,Write Repair,10,10,RecentScan,15.097959,,10.0,,,,1,EPOCH-WR,3,RecentScan
par,Write Repair,11,11,RecentScan,14.492041,,11.0,,,,1,EPOCH-WR,3,RecentScan
par,Write Repair,12,12,RecentScan,14.630583,,12.0,,,,1,EPOCH-WR,3,RecentScan
par,Write Repair,13,13,MarkTs,0.019167,,13.0,,,,1,EPOCH-WR,3,
par,Write Repair,14,14,Update,0.805833,6.0,,,,,1,EPOCH-WR,3,Update
par,Write Repair,15,15,HistoryScan,14.632667,,13.0,,,,1,EPOCH-WR,3,HistoryScan
par,Write Repair,16,16,RecentScan,15.507292,,16.0,,,,1,EPOCH-WR,3,RecentScan
par,Write Repair,17,17,RecentScan,13.29275,,17.0,,,,1,EPOCH-WR,3,RecentScan
par,Write Repair,18,18,RecentScan,14.422584,,18.0,,,,1,EPOCH-WR,3,RecentScan
par,Write Repair,19,19,RecentScan,14.661416,,19.0,,,,1,EPOCH-WR,3,RecentScan
par,Write Repair,20,20,MarkTs,0.023417,,20.0,,,,1,EPOCH-WR,3,
par,Write Repair,21,21,Update,0.8215,6.0,,,,,1,EPOCH-WR,3,Update
par,Write Repair,22,22,HistoryScan,15.275417,,20.0,,,,1,EPOCH-WR,3,HistoryScan
par,Write Repair,23,23,RecentScan,14.552667,,23.0,,,,1,EPOCH-WR,3,RecentScan
par,Write Repair,24,24,RecentScan,15.046917,,24.0,,,,1,EPOCH-WR,3,RecentScan
par,Write Repair,25,25,RecentScan,14.582459,,25.0,,,,1,EPOCH-WR,3,RecentScan
par,Write Repair,26,26,RecentScan,14.358042,,26.0,,,,1,EPOCH-WR,3,RecentScan
par,Write Repair,27,27,MarkTs,0.295084,,27.0,,,,1,EPOCH-WR,3,
par,Write Repair,28,28,Update,0.8037920000000001,6.0,,,,,1,EPOCH-WR,3,Update
par,Write Repair,29,29,RecentScan,15.047041,,29.0,,,,1,EPOCH-WR,3,RecentScan
par,Write Repair,30,30,RecentScan,15.380459,,30.0,,,,1,EPOCH-WR,3,RecentScan
par,Write Repair,31,31,RecentScan,15.772708,,31.0,,,,1,EPOCH-WR,3,RecentScan
par,Write Repair,32,32,RecentScan,14.543292,,32.0,,,,1,EPOCH-WR,3,RecentScan
par,Write Repair,33,33,RecentScan,15.229291,,33.0,,,,1,EPOCH-WR,3,RecentScan
par,Write Repair,34,34,MarkTs,0.047417,,34.0,,,,1,EPOCH-WR,3,
par,Write Repair,35,35,Update,0.8460829999999999,6.0,,,,,1,EPOCH-WR,3,Update
par,Write Repair,0,0,InitLoad,19.177208,60000.0,,,,,0,EPOCH-WR,4,InitLoad
par,Write Repair,1,1,RecentScan,17.66275,,1.0,,,,0,EPOCH-WR,4,RecentScan
par,Write Repair,2,2,RecentScan,17.254,,2.0,,,,0,EPOCH-WR,4,RecentScan
par,Write Repair,3,3,RecentScan,14.770584,,3.0,,,,0,EPOCH-WR,4,RecentScan
par,Write Repair,4,4,RecentScan,15.699459,,4.0,,,,0,EPOCH-WR,4,RecentScan
par,Write Repair,5,5,RecentScan,15.78275,,5.0,,,,0,EPOCH-WR,4,RecentScan
par,Write Repair,6,6,MarkTs,0.245917,,6.0,,,,0,EPOCH-WR,4,
par,Write Repair,7,7,Update,1.645916,6.0,,,,,0,EPOCH-WR,4,Update
par,Write Repair,8,8,HistoryScan,16.100666,,6.0,,,,0,EPOCH-WR,4,HistoryScan
par,Write Repair,9,9,RecentScan,14.747416,,9.0,,,,0,EPOCH-WR,4,RecentScan
par,Write Repair,10,10,RecentScan,15.363084,,10.0,,,,0,EPOCH-WR,4,RecentScan
par,Write Repair,11,11,RecentScan,15.523833,,11.0,,,,0,EPOCH-WR,4,RecentScan
par,Write Repair,12,12,RecentScan,16.152416,,12.0,,,,0,EPOCH-WR,4,RecentScan
par,Write Repair,13,13,MarkTs,0.018417000000000003,,13.0,,,,0,EPOCH-WR,4,
par,Write Repair,14,14,Update,0.852542,6.0,,,,,0,EPOCH-WR,4,Update
par,Write Repair,15,15,HistoryScan,15.424334,,13.0,,,,0,EPOCH-WR,4,HistoryScan
par,Write Repair,16,16,RecentScan,15.617,,16.0,,,,0,EPOCH-WR,4,RecentScan
par,Write Repair,17,17,RecentScan,15.300542,,17.0,,,,0,EPOCH-WR,4,RecentScan
par,Write Repair,18,18,RecentScan,15.454041,,18.0,,,,0,EPOCH-WR,4,RecentScan
par,Write Repair,19,19,RecentScan,15.273375,,19.0,,,,0,EPOCH-WR,4,RecentScan
par,Write Repair,20,20,MarkTs,0.016207999999999997,,20.0,,,,0,EPOCH-WR,4,
par,Write Repair,21,21,Update,0.865,6.0,,,,,0,EPOCH-WR,4,Update
par,Write Repair,22,22,HistoryScan,15.234208,,20.0,,,,0,EPOCH-WR,4,HistoryScan
par,Write Repair,23,23,RecentScan,13.727917,,23.0,,,,0,EPOCH-WR,4,RecentScan
par,Write Repair,24,24,RecentScan,15.666625,,24.0,,,,0,EPOCH-WR,4,RecentScan
par,Write Repair,25,25,RecentScan,14.719167,,25.0,,,,0,EPOCH-WR,4,RecentScan
par,Write Repair,26,26,RecentScan,14.993834,,26.0,,,,0,EPOCH-WR,4,RecentScan
par,Write Repair,27,27,MarkTs,0.379583,,27.0,,,,0,EPOCH-WR,4,
par,Write Repair,28,28,Update,0.819583,6.0,,,,,0,EPOCH-WR,4,Update
par,Write Repair,29,29,HistoryScan,16.436291,,27.0,,,,0,EPOCH-WR,4,HistoryScan
par,Write Repair,30,30,RecentScan,16.9275,,30.0,,,,0,EPOCH-WR,4,RecentScan
par,Write Repair,31,31,RecentScan,15.497458,,31.0,,,,0,EPOCH-WR,4,RecentScan
par,Write Repair,32,32,RecentScan,16.876,,32.0,,,,0,EPOCH-WR,4,RecentScan
par,Write Repair,33,33,RecentScan,15.034792,,33.0,,,,0,EPOCH-WR,4,RecentScan
par,Write Repair,34,34,MarkTs,0.047208,,34.0,,,,0,EPOCH-WR,4,
par,Write Repair,35,35,Update,0.845375,6.0,,,,,0,EPOCH-WR,4,Update
par,Write Repair,0,0,InitLoad,19.0475,60000.0,,,,,1,EPOCH-WR,4,InitLoad
par,Write Repair,1,1,RecentScan,18.012125,,1.0,,,,1,EPOCH-WR,4,RecentScan
par,Write Repair,2,2,RecentScan,16.501,,2.0,,,,1,EPOCH-WR,4,RecentScan
par,Write Repair,3,3,RecentScan,15.527416,,3.0,,,,1,EPOCH-WR,4,RecentScan
par,Write Repair,4,4,RecentScan,14.896959,,4.0,,,,1,EPOCH-WR,4,RecentScan
par,Write Repair,5,5,RecentScan,15.152958,,5.0,,,,1,EPOCH-WR,4,RecentScan
par,Write Repair,6,6,MarkTs,0.20433400000000002,,6.0,,,,1,EPOCH-WR,4,
par,Write Repair,7,7,Update,1.145292,6.0,,,,,1,EPOCH-WR,4,Update
par,Write Repair,8,8,HistoryScan,14.808125,,6.0,,,,1,EPOCH-WR,4,HistoryScan
par,Write Repair,9,9,RecentScan,15.407334,,9.0,,,,1,EPOCH-WR,4,RecentScan
par,Write Repair,10,10,RecentScan,14.643041,,10.0,,,,1,EPOCH-WR,4,RecentScan
par,Write Repair,11,11,RecentScan,15.76675,,11.0,,,,1,EPOCH-WR,4,RecentScan
par,Write Repair,12,12,RecentScan,15.292917,,12.0,,,,1,EPOCH-WR,4,RecentScan
par,Write Repair,13,13,MarkTs,0.018667000000000003,,13.0,,,,1,EPOCH-WR,4,
par,Write Repair,14,14,Update,0.8527089999999999,6.0,,,,,1,EPOCH-WR,4,Update
par,Write Repair,15,15,HistoryScan,15.097417,,13.0,,,,1,EPOCH-WR,4,HistoryScan
par,Write Repair,16,16,RecentScan,15.236834,,16.0,,,,1,EPOCH-WR,4,RecentScan
par,Write Repair,17,17,RecentScan,15.242209,,17.0,,,,1,EPOCH-WR,4,RecentScan
par,Write Repair,18,18,RecentScan,14.170583,,18.0,,,,1,EPOCH-WR,4,RecentScan
par,Write Repair,19,19,RecentScan,16.015708,,19.0,,,,1,EPOCH-WR,4,RecentScan
par,Write Repair,20,20,MarkTs,0.018583,,20.0,,,,1,EPOCH-WR,4,
par,Write Repair,21,21,Update,0.8530829999999999,6.0,,,,,1,EPOCH-WR,4,Update
par,Write Repair,22,22,HistoryScan,14.680917,,20.0,,,,1,EPOCH-WR,4,HistoryScan
par,Write Repair,23,23,RecentScan,14.704709,,23.0,,,,1,EPOCH-WR,4,RecentScan
par,Write Repair,24,24,RecentScan,14.997333,,24.0,,,,1,EPOCH-WR,4,RecentScan
par,Write Repair,25,25,RecentScan,14.918333,,25.0,,,,1,EPOCH-WR,4,RecentScan
par,Write Repair,26,26,RecentScan,14.637792,,26.0,,,,1,EPOCH-WR,4,RecentScan
par,Write Repair,27,27,MarkTs,0.296209,,27.0,,,,1,EPOCH-WR,4,
par,Write Repair,28,28,Update,0.8265410000000001,6.0,,,,,1,EPOCH-WR,4,Update
par,Write Repair,29,29,HistoryScan,15.761708,,27.0,,,,1,EPOCH-WR,4,HistoryScan
par,Write Repair,30,30,RecentScan,14.529542,,30.0,,,,1,EPOCH-WR,4,RecentScan
par,Write Repair,31,31,RecentScan,14.30575,,31.0,,,,1,EPOCH-WR,4,RecentScan
par,Write Repair,32,32,RecentScan,14.230792,,32.0,,,,1,EPOCH-WR,4,RecentScan
par,Write Repair,33,33,RecentScan,14.979083,,33.0,,,,1,EPOCH-WR,4,RecentScan
par,Write Repair,34,34,MarkTs,0.046292,,34.0,,,,1,EPOCH-WR,4,
par,Write Repair,35,35,Update,0.82625,6.0,,,,,1,EPOCH-WR,4,Update
