0,-1,four____,_______1,omaSj8Kh68e1MmismeOP0lrWnbPT7DoNMLHgefytL30sC82U9tqxpFKmH4PJRWo
0,-1,one_____,_______2,lFTiDR58aqFJw4R9yNJ7IdhkeiH19zd9FOSh8dbcS6oNT891sj0sQ55L1n
0,-1,three___,_______3,O8fVgTuFUcNjs50z4Un9JfKO0DGwuguPeD75amSuis
0,-1,three___,_______4,z9LUB5yCRxZ0ruCIRbjTbx4n3ulWPRj7E6dt5XGfL5Efrx
0,-1,three___,_______5,uyO5KphkVy5HUgSpFMocIcENeHFBmKjx0MwpLXiQzLBhn9C2av0ocg
0,-1,zero____,_______6,Ne1gckys90hhMRUJZ2IvXGLW1ns94vfyhKKH
0,-1,four____,_______7,g5Lw3eO2zUJi7xhfbvCnchgEyfduevXeUg5bHuBQHRSizksxh4jOtxsi2
0,-1,zero____,_______8,cGABtclqbnwmizNInyJR72wMQLbVZsw1rLUvLzIIwb83Cun
0,-1,three___,_______9,VeLcDHLXXoDTvlTcFI1QziAyUElMpEdSHOcksh8ZetW0ECNR3jVkl6Tdcz9do
0,-1,two_____,______10,OnOD9iB0cv0ghCGzEKfXWXgDjDG3WWvBRXVvTLWiqmnAVv
0,-1,one_____,______11,YYKRhCCaa6msUZYHVz3c4PSBw8E9M1TGoRszPeOS7NhJDIUqpmPEr
0,-1,zero____,______12,RNei4wLpy1D6HOos5RZl6N7a5WGwGBpwldUveIjF
0,-1,one_____,______13,Faj8WhImiCafE57djMYCzmAgbyk6vNZqs0xF2jjCT
0,-1,one_____,______14,YzRvEqwaXBCXC85sqxt1B8odZ19fdLmaF4pmZcrpoXzvIMuV
0,-1,three___,______15,Ow0W2IIpY03iXl9k5pqveiNWGhkQDRtHfHWPR4YQnwpgSMxWuV3uQk
0,-1,two_____,______16,hNGROvLxtYpZ4FlS9HeZ8BQjPEJQq08BjppTouRAonYOWkI0mx8lKOFjwYcZ
0,-1,four____,______17,sD7rL8a66GpY7sDZEE40FNIOu3shKpFmHM7XpykMBE4YnBcHNr9
0,-1,four____,______18,upOkrYvcnjcLSbRCQClBT69VMfmTEflAYW
0,-1,zero____,______19,5bT5x1RCeUbch7FFOebtkLkcB5vAYQMacDt75xqgF
0,-1,one_____,______20,l3StcfULZT3Mm273YjBPO3RlZ0kQCZPRpi4qGz4va7lBN
0,-1,four____,______21,WxbOaolMl00G8i5SXEhc5UJqTAcpf5ayZVUN
0,-1,zero____,______22,BThNdJH0jBvw9gvdHubIFWZLVBK7Z4bXKzSbgJ3
0,-1,zero____,______23,IAkzy4fDgktHKs9ElW98mg4QVh8YJ4kX0FRQlwC33gMz7UixHWTHr
0,-1,three___,______24,8iYpnJ4Gr2xT6cDWp7aFw6bj9kxctTGCsAY6YQsgJcKkIR
0,-1,zero____,______25,ShQ6ak3YHcRbV4vG3Wk8wAlTRymSQVzXto5BSevgWsOU
0,-1,four____,______26,strGPVT1Aw9TLlORwi1FYnJqSjbpIxpyQ9zEsLFzPSyQSM69LwR
0,-1,three___,______27,lPx2rDrxQTSirA5nsFxNHXzszv0gbcXQclTJgcLYUKgRFDo
0,-1,zero____,______28,uE0wsCBFhWp0MoI22CjhKGWx7qY0ibrlH3PKlE010M0jQxKdPWGts3tj5eZ8
0,-1,four____,______29,z5vkP3uFmJASeXApfh2peFqkVAhjkg5myw0XkXrZEJqNZiH6RBJuOAQpa9illWF
0,-1,three___,______30,AoloKJPjX85jG9c9ge40xWugJdBC7Q9PUVTNqcTPzVPwMIiaG5lui
0,-1,zero____,______31,93kMQj62Yd52hicDOhQwC7ohiBCNzz0tlCLlN410ZfvXjJpj
0,-1,three___,______32,QAmxWThcoqXgrqsQ4hNJ8EGf0FM9pjsDP1XQpCcquIQL3eNNnxs3kh2X
0,-1,three___,______33,b4JqOWhAWjKOVqVoD7klk3PU7z8qFV2EoqkdehCdGPt0yHPEwjA0Hk4ibEmBA
0,-1,two_____,______34,pBYL8mAodFSSHcKczW7rDT1odDT2hir5AOccOf
0,-1,two_____,______35,ExhxYhIRvfL5hLLp79K7yM1T89h1DBhgp5OjX
0,-1,zero____,______36,i6ok2A15VYT91F1mwQYQ5C28FAmt2vmr5FwB5qmBU2kGa4l35ejgII
0,-1,one_____,______37,4t9pFoiwlBiDXgy1zi1I5VeFN0885T3IieMcr5kSW1tI1Ed9pjHnokM36Xz
0,-1,four____,______38,yO3en8w9eC9QeSYfUI0xjkrWiu4Vfm0EVQxVrW6bLVpoG1PmwuzsoOa8i
0,-1,two_____,______39,rBIyx3PMwv8RnDgB1yBVJyvEwYqCtc049S4oZH
0,-1,three___,______40,Docy28yYYxObkRFCTsZJKr87ncibFlBsdNwbJgrwFB8JzNJW
0,-1,four____,______41,CnzzCjxvl1X5VnMgpT7D59Mj2W1VHirjgN6fH
0,-1,zero____,______42,NngnwyWD7BaWVmK9VZdA01C0UmEYFcr4KQP2YL06wUhI0uux3jFdLK
0,-1,one_____,______43,5goolD1fwwThuaE9ajvyJ6m6nmWeagWyK
0,-1,zero____,______44,TTychn7HYvjeWGo1w2DACLcsyQR7umFYLKFOCWLUB4qU
0,-1,zero____,______45,uLR2921i8n8ze6JeFkBk6T9fRREinQefxcLdt
0,-1,three___,______46,0lQI0shTCA6rWtwNUdOWEq74tmE1WWaDEtVDTObS7J9FonbJKvIJw6pgrf7pSMz
0,-1,two_____,______47,qL8APmF3VlGSzbXh2r0EpAGxGZD862pD9JuaHMTrHWQFqKecPkwslo
0,-1,one_____,______48,HNp4ymS8lcuAcSGyXbClTXdDXRNRIHx54XkqVzH5z9fsvInjM42fYVMNLZF7XsXR
0,-1,four____,______49,TmNz2wQpDU2RbEkVprxcfHJDeqPTNbj0tdu4m
0,-1,three___,______50,wYyJFBctKsYPGV5UI6zVlbTq2a6gwvxb
0,-1,four____,______51,Pm3CisxyERr5PZBLYWTXrFbOI4Do4bPDHG6xxurp
0,-1,three___,______52,ImfieqohDDlryHxS1K48KpKChD6n9KLgrLHqEleA9etlseAFFzeONoPdYbUzT
0,-1,one_____,______53,DvY0k5xyaRJJM0E1boCdNxYNPzliRvTbbHNL3YgyZ9D50jp
0,-1,zero____,______54,3Yn5ogDkHFXbqy4wnVuOlX4SGzkjYKi2Cl
0,-1,four____,______55,4vSPYW1gUv4PG7wR0rXalMJimtXmVstzHlobgZkLZIq0ciazWg
0,-1,zero____,______56,Go7o2KM334KAO7CP0uLA16IVZct1kXMS
0,-1,three___,______57,WgNHrgucFhOZFYH41MxcZuc0iAfILeJ9Ldr
0,-1,one_____,______58,sUNc5TzaOGTGn732VqnnS3tqjKd2XQzBI
0,-1,zero____,______59,ZYksydBq2uK9cx7dymyOFt0MZynDfhOKmlnrTe1jGedImnrD
0,-1,four____,______60,Q3qP7h2COuZCkYWlKoA5QwrmUchSYtKZzCmWNl90GwnmTL4ppEKf5O
0,-1,four____,______61,D8aczJUUFedcUd0OgrJBBnKs055zETRDu7Gb
0,-1,zero____,______62,csTsRT1PAfw1aV2DgKeisoNZ4ueqvlCp3wdua8i6iICJDa8bQByOzGift4zXt
0,-1,zero____,______63,mz97hgmJMgR6Lrme8cqQWiB3vaWYmEJGKE2K6L30jW7WLxoTN6CCMuZ2RFQFN
0,-1,four____,______64,SZhq3NlMOh39AVs4VKFy9JKVtj1En2J1DZtuwxMvRnofFcdw
0,-1,three___,______65,MGMTkdmheO5Z6ZfYZTF28d1JUQn4Ueoz4hWtRZwWTsdVVCNb9ohUO7
0,-1,one_____,______66,Yr72WnVrnOFz7e1O90bILM4x2XDP0r8m1Dq
0,-1,two_____,______67,q17qp5sBUAFIAe29BVzcM3fYEHhjTIWTR5J1VO08
0,-1,three___,______68,gUxSTU3DKRGfGqpSQjEemlYafkYIDlP09qGVBqhlZabaEgODLbqwyf
0,-1,three___,______69,IogcfJwAQPoMwUSI99SPGZEdrcDUYNgPuWvB58Awhwo8TBn
0,-1,one_____,______70,QHQmA5NAxB9npqVHom0a8vVG5vDukrG1bRf7DbyHO5462BI54
0,-1,one_____,______71,p1hFCA4jHO2eo7G7EI5A4qekDP2cZQeO9X9CkR
0,-1,zero____,______72,UeA3em6Scl6EJOPtzwAekG9N533ckjS89
0,-1,zero____,______73,OpMCDy1OBAnHt4NFS9YXrpbhhk5bgyEcJNCKWrxjgdAiu7L63
0,-1,three___,______74,QpSPmMPMQwnSW363RLJfuHaivvZ2AuvPi6KWiM7dnNCj6swJh
0,-1,one_____,______75,LKAvrfe8sFTcvPadgfAp2daSeZ2OLiXve7krWdD7uc0qnsNWULK
0,-1,zero____,______76,ySNA0Hks8NwI0GpSIc6MGq7l8JXj09scPPHO2eRuU2O7CmGql331o
0,-1,two_____,______77,njMqk8MxlkvMrpsr8GLhCfApBO657RRbPDepDeAivmTW0ib4avzi9QTDKJ87X3
0,-1,zero____,______78,xqSqLbgZxKGRFvj3dvHTPEH47tBiaNDXZIuL9yrOewcWKdBlU0z8
0,-1,three___,______79,U5nHJzzcmUNNgBHpp9EzXztgNZWh8s9xdebEERBm
0,-1,four____,______80,xGPnDcAqccALt6TEry36gOUt9FDsMbLo1XvmsddQNVpJtJcr
0,-1,three___,______81,pYoYefw4wWoKFJvm3lVCqFpm4XMI0WQ2RJd
0,-1,three___,______82,XCfOjCeLkxNg9REkaN7NrtB2V0OkeVeb5hwrfI7J3ljzj
0,-1,zero____,______83,Wah1LKFItC9l87bJ4WPgBTCB1wBuV8si
0,-1,two_____,______84,WKYkTsWye8FhNzOTByaML82TJ1y0tfcIrjpEKC
0,-1,three___,______85,EBBmrYrZ7bSAyOJvS0BFrbQs0MOvfy1C
0,-1,four____,______86,PvLjgw3WwHPMrnQmFHg11iQEHNcATmA1IHiWyu
0,-1,two_____,______87,lQdKQ2F2RpyeOOS4DJpaUOxVl9y4Jc77
0,-1,two_____,______88,RJAQlbOJGCnpRP9MGXKodmIXY5u6NoZrwgLmDM3TbtnY
0,-1,one_____,______89,hysqGfnHUP9MdO4Bsl9p0uF3rIivpxvHxNXtX4JnZn
0,-1,four____,______90,FfXoW4vU8sCvGydSN4ZN77B5rGeigSKgsaB3pOxeM7LWgDvjxZDahQN1Ttx
0,-1,four____,______91,0Ih1DVGGoS8luMGjgjNAtamBNenSSj8I3Kc5eeGvO3pxLKpX4NnKE2sMJLwCJxIy
0,-1,four____,______92,jS1zjBKqww9biqmUQymTKkHvDhBQqLsYt26M28jtwcVnwc2Ga
0,-1,zero____,______93,lJXLeA7pWEcXhiYEyY3aT48I7ViURuYLAtmLeEbNQEmTCUPdXZ
0,-1,four____,______94,gCab0QWdt6zJRJZySDIv78tOEY6dJNluQv
0,-1,four____,______95,ldHS0lQfqkD1u7M6I1xTHsVq4OldykkYdkbf6I923OxoujvxOsic9F2pbQylr7Bd
0,-1,zero____,______96,g3sLf0xPQlErPwPzfLCmK5g8LUfwD6dQgVVP4HQuCMgiUekkAGlpMuttx
0,-1,zero____,______97,hQ15MdZnF7e33mo3w1Qfl1o7J7ODKoxAfN4xVecwHrFdsi8Of6TVeQDiGwS02XqU
0,-1,two_____,______98,mxfcbY0ow8lTJNw1qeCsMxkvGNQXyb0GFhjJi6SPoG7OFLF9twU
0,-1,four____,______99,v45jU8g1hb9SB244eesLIsBhqLQNdLrLxcnlmeu6akjNnyo
0,-1,four____,_____100,bqFIcWQbY2d5aW1YickbwIZgMgcGhVP3oOofcXxYW4VDSEJ
0,-1,three___,_____101,xA34lc8OD7TY7QCDfxpIxISuV8G0QhUxti6k0kfMgqdOe
0,-1,one_____,_____102,aBZDLhwfMPUSMgBooPYONEs2XqOB7nlqVSj3Aj
0,-1,one_____,_____103,wBTbdZGEF0WGRALiwk5azQFDQDL8BeAJVU5MTeVtWaj6TdewQci
0,-1,three___,_____104,2mwZktX06GaaA4vBSelJ2tRr4PvQ748iII1sGa6nAZ
0,-1,one_____,_____105,oEXHIdogc1DZg3ZKt28gqTCLtjWFkOfma3UMbeZZri
0,-1,three___,_____106,gPk0llnFescNL6J1pllTjSHKfwSrgUc17WjR
0,-1,three___,_____107,aXOFtjcfdonE9XzCbbH3Kp0oJFPMSQNm1zEG9Bv
0,-1,one_____,_____108,fV8kTEEx2sUSzB3Kl17upRuQVXaeXmPHt1EPysvlkkoC1tMhSM
0,-1,four____,_____109,UkCq7UQMLbSFM5NBbwuQzeHhtPzFlARp43ecd
0,-1,four____,_____110,whwu9eqSmlC32ERBFVZbQo1fgFZoBl71FfnmLvTCo1R6
0,-1,four____,_____111,rpeLt0eJTOqMFklpEhh3kKyyPnx8QuPMYOd3xp8FeMWJLBu1R
0,-1,one_____,_____112,4v0aleqTHGuWSKDzrsW1Fv5qm1mzEL77siTlTheok
0,-1,two_____,_____113,cqUmYysnNUbK6mPorfZs1ED03Dm7bmQkTTyp6HWJyVjOkFvVdhfxrwuUQ
0,-1,zero____,_____114,MtmEudyHjejNsdIe72cA4nq5RL9BHVpt
0,-1,one_____,_____115,oinPSVCvJOUjweGwxKYOnnBZXcsgBrd8B9AntI2bZdLWXzVZy
0,-1,three___,_____116,R8aZycNG6dCO4GI6I97iiUtRHkKN5bTiRN87SlU8AR9HeZ48VSq5NaIT8UpD7clR
0,-1,one_____,_____117,8M5leEl06moW9mlcPQ0looLYACRGLiuB
0,-1,zero____,_____118,VezL6afPr79RR7SR2gfqUy9OxLi4k5K4qKEHJFEEoxKEIOqi
0,-1,zero____,_____119,NCq3nB2XJUa8DSEq0TaSE19f1OpUCouFuAaKwA
0,-1,one_____,_____120,ROnWoloEO0Vb5i0awrOk7RPcTarwgSsoe9gxdnLwx2LTPByvxUu4f1SfmTKvm
0,-1,two_____,_____121,nHH3gg52WV8g6JY7o5SsifKfw0bWOO9GwiHruMFnXxWNDTEa8wm8YrpFL
0,-1,three___,_____122,I4rm6NLJzVyhS07LkbMxBkicayixHXXOkOXuXp
0,-1,zero____,_____123,G5JxUTkjbT1B5kmaLg5oGLTgdV75kHygDyHKV2KTao1Wzx8EZUBj64BvmQ
0,-1,four____,_____124,k3gQryK9516dAuLej3lnnQSlUlbNkqML9hezecmO5pSrtUYwRefX6AK
0,-1,one_____,_____125,2jrdSSk1cWz32f4dZQC1KRirNoS8oviKsfChBv8QStPucK57JfZE7sdz8d
0,-1,two_____,_____126,peNqQJq2c4dgZqrHPdNe6KeaTmwcPBOOnCaf
0,-1,one_____,_____127,u3LoOBnnwOIaoUj15KpCBItApHH0tW7FzcwgFNNj
0,-1,one_____,_____128,VlrPi9iJcsSeLui2x8GVjTz2gJ8Ft2xgUANgBKM
0,-1,one_____,_____129,uKqXNweM9OhbHqVV7KVYJXBaDBbGSu47OtrwE
0,-1,four____,_____130,z9h5M23OwgVmGpbOIZAd4Ku27laHf3FpobdChd
0,-1,three___,_____131,uXVLP1rOrv9xSiFUcmitpXmWWMGQ2UzYkpKpYVUtvcgNygF7K
0,-1,one_____,_____132,54ILnlaYUSlGGUS1bX68sI2qooeX68RMrocjhVA1udG
0,-1,three___,_____133,DfNTy5yNqoP78syOq4QoGmTCbveKvclzL00meuxqTFOvRtcq8MyPerTPbwyJiG
0,-1,one_____,_____134,BhKelrxKXkXHZBgrs8E47H4HQMAmvereY9Jhkt1
0,-1,one_____,_____135,YdDaW4hVEQpTk7UwmEmC5ko8dedWv1cVzlvqmfz4ny1p2c63
0,-1,zero____,_____136,8KkXXEHwIcrrPrNaY3BWCz572e0KRMQpBG38Lqxghq
0,-1,four____,_____137,B7gWobmrqiOgZuQmCsgGHceh1dVVVVqaVxnM8wBGptA48tgAWTc2sJhvNq
0,-1,one_____,_____138,kgPym4jFBFQoTh849Z5XqlWIuLBpFdt8x8qCileGO42VugiNMWjAX4s
0,-1,zero____,_____139,JBSigxYBjUI5eA4BoBJtBRUu8AdyZQvqof
0,-1,two_____,_____140,mGljnuQnGXtJ0WdHKSeuDozPqJS6y33E5nBmY
0,-1,two_____,_____141,CXHWDvQXi2MBFoSwBvo95kyGHNEAkI4hJXyA7
0,-1,zero____,_____142,x3aqnPtS3xW1d0SpnM0DjnTuJRSOJKHfKdHjcnImB2jnh68dVfch5
0,-1,two_____,_____143,42bh9KcorCzs5j7VJIGzYpoLjYU0uZe83sy0ZSjKDouoNBKbIchhUEn3ZCPD4I7p
0,-1,four____,_____144,Lh3PKznbHYDV9BFjTNcRd3BnorydfvVcMbrXfF35KLUR0s37q2SY0hfkJO6xk
0,-1,three___,_____145,281rArJpIlsXOFvFtjpSR7Nj2kGZNW42lPTlxQKfFDrShtheE9JCG
0,-1,zero____,_____146,8XWsNJMu3VucJziOkUesNjosp3rvS3qJQsVxK7YDFsOj8XPTHIPJ3XkEI5q
0,-1,two_____,_____147,CCXHFxv7QJvkDPkTJqvQK4lMp9PUby78i3mifCw2OKH3NFmB09Fo8T6rCkhk
0,-1,three___,_____148,z9pxzL0iljN6zhqZoUeTmA2LS8vBnk1XDU3yR4kW1jNQilm1v1kO
0,-1,one_____,_____149,TSruClLSZ5tY9dOxMi5oj2fzULb4POyBi6eX9choyPqpwfWXBdBk6xowNXYTsrFK
0,-1,three___,_____150,hewt0g3v6pbnCqtVWKtDeou89mlicJVZ1K1ybJ
0,-1,zero____,_____151,0zq9DEUwWdtsyOGYsDoecR5M7wDZDhk8QHJpdC7loHiorruS7
0,-1,one_____,_____152,Dx42wNtkjtuUJnVFXZ05XY3FtMnOFnpJF
0,-1,one_____,_____153,yUx1S7Ve6nw1FwAq5oD03bhCiEn0LTtultmkRw3RG1ALB6ZYRMdnWFcrp
0,-1,four____,_____154,nEBMIZib7l9Mn45J7CcBsvqWEycDNfdPwHiCFEa3Ir7tCQ9Z3fLcAukI2
0,-1,three___,_____155,dU7hkWfEDA6CKGcc2AvyyTQhLcDBVYBx
0,-1,two_____,_____156,VaHVXBjfPc16pW67coJiXdkGXdNg8uen84
0,-1,one_____,_____157,xGDX4HfHSi7Je0NEygFaHQl0MpqhC9dBusLW
0,-1,zero____,_____158,qBKgCyj946LbNqB2ATim4TkA1hkRrvagtppM8iyc
0,-1,zero____,_____159,XPeuO20XEOlehGIyHVaRHfX2kQBZgT1anfKUl
0,-1,three___,_____160,0IHooJmtAWiLM4Uparr5FEslpHzymTbA1ZYXUyQuzEdb5jpbbfdgugYjU7GFxb
0,-1,zero____,_____161,jwvFE4lPlTST2UyiXt4cpkg3GvsW6Bk8wN
0,-1,two_____,_____162,VLAOpyduN0owxxLu9VDtUBzjMSnfSYQy
0,-1,one_____,_____163,LSvDxD3FHbSrJb2annpQ8raJT8P9D74q2
0,-1,two_____,_____164,PfvDUsPSl3BGD7e2uksNWXd96UONTFq6oUJnhvk5Z0NX6McNDi
0,-1,two_____,_____165,ORWFMRqi9UTm2nmN3WWAJMHyNIqyQfHh
0,-1,zero____,_____166,KYhC6O6rSCJg3tFmugzD7GQI6goO6sw1Uv9zj
0,-1,four____,_____167,tm6DrHe1aiV7UFMJ7rsTDB1QT1N7Hz4xFiixrimzypQM5SpppKSyn
0,-1,three___,_____168,bc0QMFv2KshysPu7TQpzziXXBF4NYWXlx53U70UhNHzKKSAUVpeyupkj
0,-1,three___,_____169,7tzCsmvQUWVw9Xvd75LfXIguYbEX66o3t052n4XpOX0adgYXb8FQtK5E
0,-1,four____,_____170,IW1t5R8MX7gj9YlgdQwF8JAgQ5wS8mHSM9sB5Qd466mTDymil
0,-1,three___,_____171,wxcsIX5RUt0arVYRP5BskzFfQv4ehsA8Sf7m12V9L8kEI
0,-1,four____,_____172,Z78K8EVvTvOraoMLm7At2pZSSZORYd0Ou0SFHAE0SR3AK3GnMXi
0,-1,four____,_____173,MSrzourMciNqnZIkIbBBkmnELEMuMYi47NODdFtDvaaeby3TZUeOpWhn2cW4z
0,-1,zero____,_____174,uZRSmQedL0O0oW8Lb1nwbSsjHvHI6nDUnfESkUvv1Mdeogylj3U
0,-1,zero____,_____175,d2vwYskACVgtg6xUb3EyNkRVbMumICu3rSsu6XPnPmSQ5JZMb6OPsQVw9vt2
0,-1,two_____,_____176,S8lkXZSOxNuJNTdjSfsUWmsls9zvmq2YcK629iPtfiFLlJT3YACr9r2q
0,-1,four____,_____177,gxkNEJyCtWrqgm6hctgkM5ejG59pkPPqXaM61gZVDkCtvAF4CeA4hzyYq
0,-1,two_____,_____178,Ic0QTgyjofViOF0JFpE6iT9u7l1gALHK8wmv1Bqdcm4
0,-1,one_____,_____179,vmTdzvgMOYX2BjuAesnyoRp6Ftei02qEzXZbgqeu7ZFnI6UzzgaEg
0,-1,zero____,_____180,TiO0HRGLiCdpWIhIqSqAmq2H3agAShk1u9T6gEIQ0y
0,-1,three___,_____181,Q29jJZ1nOCze5W1NOWUfWkR0d61ROVuUm1GXNOkoY0
0,-1,three___,_____182,m05HjQyBqx2ffQyRMcrgKPGFp19IxROtZ1lVba
0,-1,one_____,_____183,eu3si1gIzV3RgtFrGBMTWOjtPOgAlEejrKTW9UyOoimptRaoh
0,-1,four____,_____184,z0R696xmroGgniwAX2zs0V4Wcef2glyTCenqN1BoXB3hAVdD1xeKn
0,-1,three___,_____185,8LahUE3vQPYmRkYoYIkXHjfvaoTa7giS39b641uHEilQCQPt6uxBlS7x
0,-1,one_____,_____186,wDp6QWm4W65oaCsINlewunK0ACFPRRC8SOUYDZyJQL10fMCnvV7xq2uDebDA
0,-1,two_____,_____187,DWAYRaWnAOTLYecjETvNQbT08tFVzJZkepIc44jQ9mpZ4gG2a9excMb3vLHAsLl3
0,-1,one_____,_____188,67sPDOPvaVbcnV7eWH9C3oTTOhxBvkXRezkv72HF8SBIelb8tumWMOoeGYXWmTy
0,-1,three___,_____189,rlVrBukmWdVJWcF8n8OLmG4cnn3M9Njtw9jZljfAW4wjCHawc4
0,-1,two_____,_____190,WlCnVAbK4cQBVTIyok2VymZAqJkvoIE3Vo
0,-1,one_____,_____191,Dtay8FX0vpJxFxT6m0BsG31ubD3PL3BwfcJwByNmCHjfz3mja
0,-1,two_____,_____192,CxrGtDglJtCBlAlXHBJErE13mluwQLlxs3hPiuHNodt
0,-1,zero____,_____193,pqVeaVsAvn92efucQt8A0LlGzI0icwpyaID7XnYI19JueIvTzsKm1k
0,-1,three___,_____194,LFNssFQpLnT9IwW7cyPv0xo4VJWtNJ5XDTswRhoppZEr6bQqzE1Up
0,-1,zero____,_____195,DWvo63u4BHmK8GH7s453fhTAbB4gxNL722KJabg8JSc8w
0,-1,one_____,_____196,H6Y4nLJLIsVyrHgcJW1Uq4jwC3Z2Xfv1uDLG
0,-1,zero____,_____197,6sSALVke5WrsRTIBFesEgSVz3UbfyS6QfUZVzIMwMJn6ndAnSrjb3emwV
0,-1,one_____,_____198,tNDi7yUvuydCoUb4bglCNEOHD7HE7BYhhGyACEyWwgQPJLB31z7nGj3JL
0,-1,two_____,_____199,wt9dMS29hv4PRI1r7JTt1eiF07W1bzOVPxYh
0,-1,zero____,_____200,KIlCdF3c36Q9dCoPWL3laqSnKOGQj16xZjkrV9I
0,-1,two_____,_____201,1esQIl84qMxM7732szUW4BXJFBWyz1zdxrCVYs2Oq23HVj5lkr4h
0,-1,one_____,_____202,bbMqZYLcSpn040YSP3TR45WhGDqsN6Xjhvas6aekobcSwivUMoOMb1GtfWN
0,-1,one_____,_____203,hhLFmdxj23Zs6vQudxBFuxwIfOoKR6xkzjyvahXVykt0YAGgHz92NIGKlQ
0,-1,zero____,_____204,A5PqKTFcaAtEMUbL7ZFW3cmJheV2FVSojR5OyFGx1E3ecnw
0,-1,zero____,_____205,8SYd6Gj87hqxTxd5La87xJoNF7IXWyBPHo
0,-1,one_____,_____206,4cUnTZ2Q4aDNaRgY4MdBWJox1eLOc892kUlE8GafyoyruJW4gCyJZfcdDvNGR9Yd
0,-1,one_____,_____207,0AxJFICXB9KzZee3K50207U2rPrKnoXc7tmSjsN9hMjhL5AauFHvh
0,-1,three___,_____208,aXMCN3d1DRd4nHzwyfx98k6N7dcYsbAV4h6RuXth4B7O3YJWup
0,-1,zero____,_____209,3DdwzmslVG7uJYCinqoF7C9PmzTx9S0gXsn4Wcrj5mpJwMBF
0,-1,zero____,_____210,w0KPty5EJJh0gqNNrxE6H0iyCHSanS1Uv9uw3tuyX2dvbjr7j30DM
0,-1,four____,_____211,7gvkhQPHeHLV7b22QRgmv8R8uJgfcXa5JQ0
0,-1,zero____,_____212,2MSEt2SWDZHUGTasqIm6cEJJDEfu6lHgRtGgXdPrdv2h8XtbApAoMbAh4
0,-1,one_____,_____213,ItLLcW9XOps4bxdbwTBQZAoOAfBVpimcefZ9DC4R
0,-1,two_____,_____214,whQjaWjitIeSqQpKM5b7jJOPL51QmRzFRNSA2
0,-1,zero____,_____215,aFIYcCQWVVGtnQx7REJWVpuNSkczGeU0q0dbiTPEj2FANoWFTZQPUMY7u1D
0,-1,one_____,_____216,Sq1wx2gZmh9q7ue6gPZ14M9NqKagfss3fqYkgWY8WW7S8Cd5AbepagD0
0,-1,four____,_____217,0U9FYaeWwtltndqUKBMq1ySyShjYU6XqxFXHnW
0,-1,four____,_____218,7oljzJc4lkDREtWxdCaVaRPcoPpMdLFVe1GJMgUXqLli86
0,-1,three___,_____219,MHGdUa1tVsXniPsIwI4rKFwbZ6ihUKmLgUbCj4a
0,-1,two_____,_____220,zcj3f03ZBXRBar01j1ViUF0TD89BZzdZSg9Q41
0,-1,four____,_____221,bR5R287KUGs1TdoWncqcW5rwE7ZK68GphFn
0,-1,two_____,_____222,rnMwbNvxxoxsluah7CGu2vatgtAuMBgLo7Ppo05dDhkdfrXGXE9j9Z1Zgf
0,-1,one_____,_____223,XHIAoFBKhtSoaWzXCBoy8SPIuAImCo7Cixk8v
0,-1,two_____,_____224,hbOWMt8BeMlhgAswcBSWpGLNvNWS6L25LZx
0,-1,four____,_____225,gnqVIO7SySUeH5Vd9zwRWB59okrFAgfvTs6cGU
0,-1,two_____,_____226,fGfeICPimXI9Mv1b4AbPaHga3nL6PiMh6U
0,-1,zero____,_____227,mzT6O6DF8fcpt261jzVDzpmYIEDRNaKzqwECQKJPBA
0,-1,one_____,_____228,cTuZIZO6gidejGxGzR7X0CZFAw0X0GPVjEL
0,-1,one_____,_____229,RJREq3IPeSyeruAATRhj7W5YLDwuRGdjXA40fCZG5l
0,-1,two_____,_____230,AuEa66Q7r3QJj0cBs55KxNGhee79KSa65TFGe6oO4fA483h2nmexZx2nex
0,-1,one_____,_____231,q3kvfMCDutDpwVF9oKpK61owdyL1dXoxof1tKwcmLKv2tG8RGqZ1PVKJFud
0,-1,four____,_____232,T8GUQGJV5Mf09xVLxpcXyzwmp4BXNC2o8l3rzbZ9SDn4vkcuUwKwqllGATRTj4aH
0,-1,two_____,_____233,MjgT9i5ic0WrsbPjPwJ3m99Ip6PyquWzekEsxO9rP3JsdqXULHKYKH7Zql17c
0,-1,four____,_____234,WvmpGM5o2qdFUbart0n4xyLExYE7Tl2rZe5VHe240NycyZnTt7
0,-1,three___,_____235,a6bNNw8P2ZaQh9Uzs44AnugWiovSt1PpLEURE2prNl6lJI8ueXAm0XsTOqew
0,-1,two_____,_____236,ynrMaznIt5NYond2JlGLhA0CbnGQ7SiT5SyxWDF5XDM3
0,-1,four____,_____237,6w9uM2L9sNhL6a4ZE8paDofjJULRqbkWLHGaMZ3w
0,-1,zero____,_____238,iyOTvW0NLLEmGTagto4TzJrWcz85J6J4
0,-1,three___,_____239,0iBH7o5X5ZsyLDUdczkrFgCzu6WVEgE9FXv1doLldlQ
0,-1,one_____,_____240,jJqEWKEQ76xlXDBNSZtCluwGakn9T8zRoCzIEwkZNB6dwYyOfjOZNJhNE4QrcDSp
0,-1,three___,_____241,LkUf7d9si1g6Jtr1BY0sN0y75PKhQHedm0ZQofp0ge0MHX
0,-1,one_____,_____242,H7VM6y8fswPNkjUg5LXGgnlVJqgNse5lVhOTC48GtmPBIUbM9T3eLg
0,-1,three___,_____243,Hr9xWptHHAFewX0AIt2EXxm6FBUXsULs5n7I7S1dCOvuRvOGE4SRjiPgK2puoxj
0,-1,one_____,_____244,Ly0srjsV1WyfpX3q094PX3xP0FcaXg48UMI0IMoSP
0,-1,four____,_____245,68fxjByVpC12uXbjHxzdtifgSZrCkbg9HukM7dxhJTJHfgWfn
0,-1,four____,_____246,DV2HIYLJU7m4rmHfpHtw1Hz489PpJ6oCGkkGm9355rfgrkOX7R9
0,-1,two_____,_____247,SaNrQntsQXbgXrMiA0ww36cTYsomFYDzPGq6UgYjz8lYM6BjcywDpLr3V
0,-1,four____,_____248,z63QHfQ0RieDVbbVvgOGvUQO4PM1jq0VrZPVdEnS2O8ts0KSEyZz7y3qwp9Y
0,-1,one_____,_____249,Ei1mfGANj81YF49RiG4XXg1AWObCBoD8hUQZfsbua5NZlsKYs16FkNGr
0,-1,two_____,_____250,bUYCSkvVJVns9kL4Nsjo5Qxotq3og6XAATFsfaWB9akfu3CA9lhH
0,-1,one_____,_____251,ZN91QcMQeVLBeYliG6c1EHd7u73EwnseEGmz0UCtb
0,-1,three___,_____252,owzA3NPt6TYURg9EPb5Unehq62uGZAX9
0,-1,four____,_____253,tJAnITXrsqY6TYyAfO83sjpVdLeR4OGliMlAhdQuwzLp8yi9d8aeChcYw
0,-1,two_____,_____254,X26EpL4WOJE4J4cpy2VMGK0982wlb807AUcWdh4Yn4tgtjnvG0OnxEI5ceDSY0P
0,-1,zero____,_____255,9WXOpmX99fTVcIcB5EUAbdeXoWiRgOAu
0,-1,three___,_____256,YHPmicwAvUkeTdpCPozD0TJJ0GQAz6zno1
0,-1,three___,_____257,OReQR7R24Ps83MP9ZuwDXgB8Vtm8vQTytbGF
0,-1,zero____,_____258,gCZfk43L8O4Dw0m9xBdGlrxhgsxfjQmwJhyNNgoyTe
0,-1,one_____,_____259,kiQSWzluea0wILVPwXTLoiZiLrCnrczWiwGLZhXse8L
0,-1,one_____,_____260,7lNYVPrWUEu3fneIFvT6SJoxljdPlJhoo6PBrKMIeE1AjCeHSaPyxb
0,-1,zero____,_____261,B1qgT2030SFPby6kUiJz5t0J9dM83VkWMvacFun
0,-1,one_____,_____262,RGkpKcsiR4LlAkJpdyzRcYG5g85awDXFTyTePoyG9bp67d
0,-1,four____,_____263,FhX2rUlCCqyY3d9unKs1PfVHdvwrRI6swz7hFtEzop
0,-1,four____,_____264,ZY8shq5J3GzoDpToejNFEHcj4fUkrJG5LWoCjfB11ZEUDUhAI1m
0,-1,zero____,_____265,It7F3MKWUQSms5gsA4dxdcJ1CiIxZwMUelRzav5qkQtnGV
0,-1,zero____,_____266,Jn6G56TtsnwNxdGCAEdWUUtVsZz5rQ0QNwTMipjjIxkIp5QF5
0,-1,one_____,_____267,xVwIRDzW1yDIbWNbcuORqu9ai0QW7LuAqfwRKK9vxjtMUfWn8
0,-1,two_____,_____268,qKhAwzpeVSzB9RbNkCtS7RGqaaqL9SI3od4X
0,-1,three___,_____269,uj2AOX6Lj4Pya4Fqgg06UbGHt6Rc9a91eeeg6XWziDQsTvxA4zd
0,-1,one_____,_____270,7QJRnQd1Z29SVj0pAJGEYML3UMJZjbxklwfGsC9l03ijetZu
0,-1,four____,_____271,35cfAQ2dNFAPXrm3SbrRoJZvxZppsqRHMKI6qoms8MSqG4puw5cxyr6ucRQ
0,-1,one_____,_____272,3I98RbK3nBXq3hhw9IYzvgntvshuRwhFKcmZrtZiYCj4I6R
0,-1,one_____,_____273,7P5HIH7FMuQriof4NTWQpbx1J4HMpWYzkYejGsI4
0,-1,one_____,_____274,vtkQSs4TNuZ4YA3dLgY1XEE91n6ByYOswPL1P
0,-1,three___,_____275,kkhiNDVFGSziviDDngHj23qLzwhh9dEEFYSo9
0,-1,three___,_____276,MJwAOnr5s9aMxuiUJtc7IevfcEfzHaeDWSVovA8Qy
0,-1,three___,_____277,4edNo5ZuLUQ947aIe5I38Qsx9QQzia03U8vZl6it52GbEAEx6mSe7
0,-1,zero____,_____278,8gkdcTd2kQMgDT2W65aHkjOHu33tx8nTwJ9isBhpjTZ1
0,-1,four____,_____279,yTcTtWQCPSvgVOMvXfnbT7Ny2YaT9vpbb
0,-1,four____,_____280,oTnPJc6aa70ljk4OFIfZnwTFeQB1cPuew8La81
0,-1,four____,_____281,87jUIG83swTVqFWi7yXgrOw4u9bBCK6HlooalYBSBsR7ShNSW2T0x
0,-1,three___,_____282,UmOPlJb6i5KJHuXx691LPJ5f5ZlQnRwH6jCCr
0,-1,zero____,_____283,La2aQpZl5EV7ncBzGK8Q3NhumuM7x7tkh
0,-1,three___,_____284,0fmhxFXKI40ok1miviMJ4mquog4wsceq1x2FhYMejqOZTXqwZ2wJY1kxgH
0,-1,zero____,_____285,XsNup9hakKlsp662WV9q2Be4M6D7WhG1e37hhBcxKiuXdJ
0,-1,three___,_____286,MvvOhJUso95oGhtI31ZQtJQvlCXsn2hZgYcOuqvkuvgprOOrRW
0,-1,two_____,_____287,lj8ryQdnUFv23wkBZxMz1Squ0ZJwWwrV
0,-1,zero____,_____288,vuoXFgn16KArTFt0rbCiHWylj3P6lacVZUY7p9rfHj2yjDbc41pWID
0,-1,four____,_____289,6qndrbPKv6Cudbb0wEOHdLudfZFZjxvfRBVOsaz9WnMScm5WHc4AJjH
0,-1,zero____,_____290,dRDN2POu1PnsAZdVSa3CmnFiXaqNqlHB6FIqGJ1D
0,-1,one_____,_____291,CqNAJgRaTyEpfUqQj1FuFxjA6ybleDIFA
0,-1,one_____,_____292,A3fkspSnqlCviRNsTGaEEkFndkFDsvwlHGIf9BvW2wiNvcUuqE
0,-1,three___,_____293,hJkZ9iRv8XDcYxnAwPjPYg6Q3NGkS7YKoj2V7al3sFKB0jVK6Fh542FkpuG16v8
0,-1,three___,_____294,SUK0l9gIxvVbXRsO1DQ5ZLfMb8z9yywfTt3N
0,-1,one_____,_____295,bz6hdcrX7ZGLlkWYcr0fCmTZCoKU4CeXywZUB
0,-1,zero____,_____296,19CBBsBxP2XiOTjpYgSmSy3nSGNwQd07iWvmAhxZiGStbAM5st1uJAYB8mFurn
0,-1,one_____,_____297,8eP9eDA6RsWhs38QWBq4voqhkC2IUpO2vGUj3tF1w07
0,-1,one_____,_____298,Zv3PbZ4uqNMXoPMPEANX4bzCwqsL5mMEQJC
0,-1,zero____,_____299,lo7T1rufmhY87EW78Z22iiLtKqFOzjWEKWC1n08sseUWubNNUWG
0,-1,four____,_____300,sHRBvDh1zcd8cJJu6JGBjCnSjtRneVeOzkKrhKgNxkbjmCWdX9sgHBpKTQQKc5pQ
0,-1,zero____,_____301,1qLd6T8DNpZyXTJslASFN26BQeIxu4W2
0,-1,one_____,_____302,ZxnDvlwwkbrwhGjxYVnfcGlXR9R215yGI7oXV174zG1wB9W2ylUgs
0,-1,one_____,_____303,CFPVKJnC81d8OgiRzbj9ut7E27by45fNsO82TBsl
0,-1,two_____,_____304,liqfUBvGBaTt3CL1h515VHpG2e4ODkCIUx845o1uPZVJyX9NA
0,-1,four____,_____305,kichN801ujUyOFgrgMkHU9Rx5s6BBnev3VqOkZ
0,-1,zero____,_____306,K2GPjlAbv9paLNlFN9j9Ebm3PynHUNSvr1253kj8T
0,-1,three___,_____307,DRAEL3m4eg6QM0FgvG3vKS1tj53uVk9w70RJiItJsuVB
0,-1,zero____,_____308,7shSpKOs2iX1VpQGoRsalvW9tTaBiF18GkAx3KFxi
0,-1,three___,_____309,KpCPUX9aNgVjCDD2hjyQNIVFYlDgrmC3RIsBsZ
0,-1,four____,_____310,xoYgQxE7HE2Qak4RmJzkLXA6Ry1mU2HLvt6QdcXiEMyaBz4bChJm
0,-1,three___,_____311,IaCJMr7x5KvGjRjLdrC2D57jW7i1ksW9Yf
0,-1,zero____,_____312,2Aw1b8eo3WGZ32wBVPWFuBPfOYZNIPqqA6UrUajzyKtT1llNZgsp01g
0,-1,one_____,_____313,h8TAiFRaax2pXc8Vkf2hZ3Crtp5jN6HpUs1ovQjJanZwtfbGbYGUEO
0,-1,two_____,_____314,jZL7xjPp3N25oqJpot77RYsFcRUO6gBlymOnVIVWZwOel99i7C1CSWcH
0,-1,one_____,_____315,ydCmF7Y1pjw8BKuFXjIpwynPwqLVFOb4HLP8oSInHQGFfU
0,-1,one_____,_____316,vAWiAzH40AtwfIrmUNAOnMSyHZCqG4MscDXbuWHbfxnFMXnYKH
0,-1,four____,_____317,gXWplK8IuFgnKkPAufOuethQeJRoXpH86XK35lvPfH
0,-1,two_____,_____318,Wie4nQeUhotJ7MXrLynRAqILMHkjpxFy41x38pDw5qWxXez
0,-1,three___,_____319,vsiofS7wTQcIe4JobtGJhxolsLNifxgymSKL25hGh7UMjmVQ1wDJH6
0,-1,zero____,_____320,BmDqgB8Bgi7ekm0o5HOCjikgPoGqUXLQ6wtyp8vgMjHiTPqVZFJ5Wg1R4Xat
0,-1,one_____,_____321,ZbxnwMlLqXOMo1Hsq1WcBlV0uK0l4X7LJcN7lXEBpGf04jdo0wOxQ
0,-1,one_____,_____322,PUZh0hS2v95r5PCbqd8fQZMczWSsTrN5exIQY2AYU4WYxkDmP22wM
0,-1,one_____,_____323,sdcmj2T2qmAflRo28U4FM6YiJi42hfkJT4uc8OIiOQCRfg8fcdgQfc337zqbjRdE
0,-1,two_____,_____324,uQsBltySvUu1kHlXMMg0jwgYaGcca2kZyVytzpOQqllmo8hNDP
0,-1,four____,_____325,Ctd7WBG5bloE2WVDFhLGUcVyvvHFxos2gZp45wFYT4W5FDaG1jHor
0,-1,zero____,_____326,QivQExnx8uhqewKPjZ1atx8iQEAFL2mT8hvV1yFCaCoq7s
0,-1,four____,_____327,ahYMiv1jUxzDOmEgLFIWp01XDIUm7u25PuiBPZh0fEeoGUaBQFakYey0Bm9Fez
0,-1,two_____,_____328,7vnOjsQYf35Npg6woL8j6UhuKh5PvmzsNPtLAO
0,-1,two_____,_____329,Z0gS8a0Gkk3KcYTr40J8V4dWrILkqc7uRHuVK8mfcpq6vfcxgF
0,-1,one_____,_____330,V6ldqYkTMiY47aBNsey35s7S2TBPw2VtfCAl
0,-1,two_____,_____331,vxpIs7DAkdbcgfT0KVuD9WXYssGsDU7d8wJ6G3Ou4d5cp6xRdCjKD57okHM
0,-1,four____,_____332,8fxgBZuE6llZNhrNh2I21viNsdPG8qxAwi5fKslquPNo3ghP5ZrDcc7XhS
0,-1,three___,_____333,bZGp4fWnj46jBLUixrVRR0FEvr7MVM3eTeZI16ieIle
0,-1,zero____,_____334,vr2Fh6kcq6iyXu9nKvGHgiQCqKfExVoN2FZOrNCvRgm
0,-1,two_____,_____335,wq0zV6NFhDiXbqOCDr63VdlvSrkaerIDrupvGSjGlQErrCR57UiSC
0,-1,zero____,_____336,bMKfTsgOBPgKojb3rFuK9hxJeso8pnbVLnKwESs7QyHcqFb3RKiVyXjY4896voQN
0,-1,one_____,_____337,v9rsXYqySJggd5PEMn5vI1OtgpgMcTJ0dle1pgEbCGUmfGRKOyYBRppWHHm
0,-1,four____,_____338,RFg51gXrzsNZLBc7C4xjaZHjHbgY2513ZmaW9Q9CEQXpB3emr
0,-1,four____,_____339,ABMswwbaKLQlnL4qDuViBNI4aqLZPd1Jzs2sFIgHmk3YUcXU9K1Q
0,-1,three___,_____340,VfZ54la5o7gCoJY04gTzIpf8GTKW4xD7t2eMFnaFWWSVYQSnWoMdHj
0,-1,one_____,_____341,oWy5eZObSY9bnRCnj0wVZmw4zqlpuLhfVCF7c5I7dlmdAyTQqDkpkAMGWo
0,-1,one_____,_____342,CC8SAqPonGCQ8xJBeEpSUjv8T4TVmGJFR2a7nBS9X2Qctb
0,-1,two_____,_____343,18s0BBQ5dsS3D1eMBvt2FI7urJdgY3LChq1trqkJjNmhGcZNXvM8xr9PfqQ4NF
0,-1,one_____,_____344,5HIKxnwPlGJXNlwyday1jQ8yLWWZKdYhsiPDKfUpcp
0,-1,four____,_____345,cHYxUrnTgjTw132vCjGcPwyuyyVOKsTZIX0tCledjPSpa7zK5gP
0,-1,three___,_____346,V8JAhuXMNfRI0QiQdq1OAsBobws2AG6gqdOesDXABufF4N9nievsya1PEM0hZ
0,-1,one_____,_____347,YiNmCQryJmzye1xcnHrPaj1ka2cj15BbUpWlo2IdPIgYidx2GiXll6JVE
0,-1,four____,_____348,ofdCgICwDSiBXWWBuUZMPLQpfwyXMKHmceM8Wl
0,-1,three___,_____349,JkWdo2JZXmUwJY5iCtBAKyzALgVmIGGhuK5ZBsCXsV
0,-1,two_____,_____350,Jf1gyL9tFYmrZJWAn4SYxTVjLIMSXXD8Zd5vLlZ3q4St
0,-1,four____,_____351,YQc6vOKpXN3DpuUbPfIIZQaWKov9N9yhPGnswZp
0,-1,zero____,_____352,It3pKyYbPWvQC2TAc74vB2s0OapViVZFn1JsUJGSyoGepyAkkL
0,-1,one_____,_____353,xoK6isuVGrHuCDc7zbUsGOEPdMLdMbMZJsvmAgU889
0,-1,four____,_____354,6d9tzzTYKOUf1tgHcrXPS6p9TtqIstnZDkiZTfds1w8
0,-1,two_____,_____355,V0pD7GB7V1k8aF9tWtsGc5po1jaF736iXZ7x
0,-1,four____,_____356,fMK1arSSY9p2G1Tolmu9XpFfvoxuW4e6FDuM3if5znzbL2E9iqXnjm
0,-1,four____,_____357,w8X9A3XeClJFZLbF1z7rxfHCa0MfYQO8EF2aMnVqSF89aXpB2
0,-1,one_____,_____358,Xdnx3KKTEas6XweUSrmM2whkGwgsklzH9btTfJtJmV6D
0,-1,three___,_____359,8KJJlgDlxdmPcnXhof7RMk3woqgJixYZX5epp
0,-1,zero____,_____360,nH2H7cMSew5FtNtINfvYI1xCOH2IlC2AsuO3z9yonQdqNgL5gsdgWHTnuBwO
0,-1,zero____,_____361,TgsQ3cjQJoReZfK0tEF64rT2Hg6z86uueJEL1pEw4i90ny7qM0
0,-1,three___,_____362,lWLzG2QqFfHerNqBtiPUMXY6WTm6jieH1jYDRo8thFWZLNtD9NPnjO
0,-1,two_____,_____363,RaWJ0s28VtryP45oSonb9F3QQGwOY0vkA8f50G6D
0,-1,zero____,_____364,bnP8XVMnVqv2RSAl1CbHzO1wXiMwJ1kRKZ
0,-1,zero____,_____365,Qmg8lG9qMW9XYgnFh744IYxEOtspwBrxhPbB7zhzF
0,-1,zero____,_____366,FYGkBduHSnDF8nMc3oSJkQwaFTkcX0w0
0,-1,three___,_____367,3D1Mqh5QLxv2rBPEOoX3PYv6NFTffg5glGGIsTo
0,-1,one_____,_____368,Rg6JIcv68Angcoqzn23x6iyMqcKffrFILu8oJn8ADDLj202N
0,-1,two_____,_____369,Jx9jkyKclJPXOi26KfhUcgyj8agc0RYWsVjfFwUWgf6Apu
0,-1,four____,_____370,xOTk9Xbc1ZsZhrh0VlGK0AKpq9okWS4AhIsTiFDPibFvesRSuarKV
0,-1,one_____,_____371,9QqVRO3Y4Krf9yUszjCQVXMqVY6GmwoVdU49TLUYHYIK5mp
0,-1,zero____,_____372,8DYQTj0jkmghR4AKqkFkYJvt5ysllmTWpKacvrCy1Yxuv
0,-1,four____,_____373,mQEARVayUSr1Rv35e2rRVaqmsjWrseIiDmzLk74Zy6KpW72sWomR4lMm
0,-1,three___,_____374,sisjII0AwrgnwnxptDXumMixhnflbcUKsGZrel1Bb4I8XFiPSy9V9Pu8ihT1QE
0,-1,three___,_____375,sE7QHdHxRMh2zK3WxGBgMzwELQwzPITE
0,-1,three___,_____376,ctl0Ukc658vCM7UJjD15PZX3BP6CAOfBmzA
0,-1,one_____,_____377,iBb1ueru6NtdV2005TXrn9RQJpDpiw728Sr2CbzI2MEM4xmejS6ugjdHdh9F
0,-1,one_____,_____378,cRMIGzZ7Z3DZoUW22x7CTX68KQE1OFdRPuJirqgN60AWC4ec1dA7DGbS
0,-1,three___,_____379,JCrCDmKGsEfU9yep6W1OqjXEly4CQiqTLmbC3z06ohzTbw
0,-1,zero____,_____380,fRo5q1g8ci6G4kOtJdwsCDlb9ztM9f68Mm
0,-1,four____,_____381,1ZTOaeiPw47zxJmowau0VD7WJIOUG02TfCXGSOYbI9rxqqvu
0,-1,one_____,_____382,M0x39JGsw0CnMct331KBgNJUMrzgqwCGEXAhLbzALXgyJmLuEMID6uzxF
0,-1,one_____,_____383,hwvaesQYgy45iFQRJpU45fVEtsHKHtLT
0,-1,zero____,_____384,Sih3ftwPZky6zn3UBsSZyd0rEREFKvDo01CmvBD
0,-1,four____,_____385,PHI7Ll39t6qYOivSErDs63YAEQAFxCaiTmAuuLiZx7igkLTGmPZ
0,-1,two_____,_____386,5MJY4R8PNHbIVEWytuwGkNtu3ugNhqn1zGDqtqSk2Spjjy
0,-1,four____,_____387,dlOpmzc6VA3lf5cp7OuqkGzMeDMN3ZyxWWwP0ILoSDSHDsOi4mOwpOMawtWY33p
0,-1,zero____,_____388,Keq3cp8Azlh1QdPNzF1W3rznW0jp5VTN
0,-1,one_____,_____389,VoTk6YHXU9ZjGa4PsWDBzI8a8nFymiG1qf6J9giQtV2
0,-1,two_____,_____390,SryU3rYdzpkNZeyFc83r7EwSOU91fZJtGsmZYRy9imaEFp
0,-1,one_____,_____391,w7OJpRdlL9qExNhgxz4L7kpJwvnVGonNnIXAbrEKrv9d2kDLCzPoqYK7e
0,-1,two_____,_____392,qt3D3yCAwYY3DDNbWjjNK7jUv2mIlKGa2UvSwBOCB
0,-1,one_____,_____393,K10TQlmAYD5Iw1x5CFmlcmIDKEkXA9dJm7l3buU5E
0,-1,two_____,_____394,CrVhCKuQTLml5y27vB0zLiykkXhPWibQo2qWn4m7aDmocNh2HWpqg7wyu9a78GEJ
0,-1,one_____,_____395,pzPIuqsWDWqWeljie5K7ZnBAFO9FiB7z6QOm6NAlwcHl6x4roxOtNgoktKAPs0Z
0,-1,zero____,_____396,QSfsoN29WyOE3VHuDhh1vT2jrT8EOLeELy6EWdtzz0O
0,-1,two_____,_____397,76nJLufSyyriO24K5s76qDkVajYR7IdbEzi7kQyYUy0N7x0JAZViNtrvgTMv
0,-1,zero____,_____398,7JSFQdPwFJy9WLAc5o9slck05RbUQ0nbqPt
0,-1,one_____,_____399,Kz7YgXblZMiWEDO9RMBdWMIAkMkZR7ZxTEEai32B
0,-1,zero____,_____400,YxvQ5yCMeKlNwu05wYyLAYyESxpOjAbd9oOmQ04l4e
0,-1,zero____,_____401,pCOjye8oxMuOVGfm9vDCr2ZZcBndJNfXlbyLU6OT0pAx2NiYEg0IaT3jk
0,-1,one_____,_____402,OvweVizPakR8603EEPlCZv1HU6Oqscq6NtqwEt
0,-1,one_____,_____403,hX991iGjk8PAEAViQUVJcBQryr59EvOW6qzQTvzXMYAvPWD
0,-1,zero____,_____404,Ngdl7CmewO94SmfgogEK1JsJCsJ8Ok6vkm0nKVD2tjVGXXG
0,-1,one_____,_____405,QfolgJk9D9FTyqh1HikufLlMfIvB80vuUMfilTxmxj6RUWN
0,-1,zero____,_____406,hjHdCmmtWeR8fMJu6fRZDUR5TdhxEXXMtoV9LShG
0,-1,one_____,_____407,x32xbnkR4GDbXEyr2cWeveYaaT3q6rJkQPsWFCk51Sp2
0,-1,two_____,_____408,VXN1XvSTvOUeCyQ8HToLTuXW8i3SPnRUlz9FQTBC0fk00hojHJySimS
0,-1,four____,_____409,TzruT9sd4pInPmuxWnSqCsk4m64xL5CbmCoNV7zElL6Go91YwafOOeyxqpoqLhf
0,-1,three___,_____410,7Oaq7Z6oFpih71HLV9cajgud3Wc5eNj9kxEThRhwC76OJYzCtF4ETJXU
0,-1,four____,_____411,glj1Jw3sSTX6YSuKH0N2ipNj5SblcAf2GLEa3d4AapCw6
0,-1,zero____,_____412,UvrsKWnT2xi2iuM0bfA9tYP6Rq3gGsBx1Z7CsaQjzDsBV0tTSzdZVLomo
0,-1,three___,_____413,184SKFrpSBf4dbBB7oSbm4uodVtHhCoFz4Tqb8K4eKji
0,-1,zero____,_____414,FEU3ZYR2wtpEP108u3DOyaM5s1b0uTH9Xr7jjAMktAMQU
0,-1,four____,_____415,1MitoLy59c7krqXPJNtJlUVm9alpSPHKDJFy07f2ePamp8fIWcqR
0,-1,one_____,_____416,ZiDWSJ7lrhfbh57bTMjiJyWtamvmXDu9KEFq
0,-1,four____,_____417,mvBTGhGScwAbhCM7fFY3WS8aqpG9zsuBF4
0,-1,two_____,_____418,VixiVbVrqBqTPxSzOyz5tm5Y93vdry8RtI2sWTaI5DJ7qQMF3
0,-1,three___,_____419,HNOzvkC34uBmBYVAyLZdJYSX9MAgUr6yxTgdpQl
0,-1,zero____,_____420,RQx618JpUp3Vd9vvZlSIUNHrsg0oMlfCmeL
0,-1,one_____,_____421,NcXjpeNlWwcWyqTCSsJc5WgdyIB21oIFe4QL9IY0djZn
0,-1,four____,_____422,FNZuYBCcxzpy0NZoWfKcvcHTgb8y3mfK3l0s1m
0,-1,four____,_____423,uzkZEuhvxEOJpk9Et3YYoddAcSm5c88d7jV2JBl2qCoZ
0,-1,four____,_____424,2tCv3YRlruNd9cGpJvu80KWRVU0Ic8QGPPxJLZLwdJNwIn9ceoQFlCRzWm
0,-1,three___,_____425,vidHIJ13cAIBLiFKWRLODMQAVCqxjzrxO9gNuYg4k7FTyCHiwistRtJ
0,-1,four____,_____426,oPMjseiS1VA9wBycOxgVa05aEfmaKjENO7lGyEX7hzBsEANuoNWbTAp0BBU
0,-1,two_____,_____427,Hv4mVoe0GDwu2yyJec6Sc8JnuEYQkONJwBc1bkIs23MgJpEn4VYymnX2
0,-1,two_____,_____428,DrKITBV2i5IvDGTziCFGda7UW5JQMgK9f6a33U0WgazGj
0,-1,three___,_____429,eGzPgmh4LuRJ0HlrgQ8Eibe06DcK0SxulFxZ
0,-1,three___,_____430,vBZKkugB451gSIHux5zutJN6akV80eNL7dmOaEnPbc4M0
0,-1,three___,_____431,CM2b6TuO1fCnU1ZY98RKS4GPD2SNDhWCacdtzJXUEi6K7pi
0,-1,one_____,_____432,BE34MKjhGnooli376bVckFme180nfGrYKhKBtKGxXd0HR9VRlrapR
0,-1,two_____,_____433,9dA5YnXYKTBfT4WtgAIgIspxHl5VB6Cxird4v53TmHwkj2F2JoFMGGasvPs5Ls
0,-1,three___,_____434,WFF99pYZAlBZLL1s7OmVy3FB6m5Fyl1GvsdHWwDyYq5HMeHF2K
0,-1,three___,_____435,aDXDGTNdhoinPaLJkSjA2Cbwqy1AtdXgcrWNjeFl5KVbvQ28N9ldVQir04SdnTV
0,-1,two_____,_____436,k3akOCS7UHCA3HbnoM5WaCZHNvyQ1GPyvy3cI1ctZN8OTwIro5H3iFo
0,-1,three___,_____437,c3QskXR24ASS6r71viNW7QrCyTa3XCm0zVP5ybYAAkwzlsVY9f7OUW1RcC8pNA
0,-1,three___,_____438,FBGb1pRxxYL93Jhn0gIAzjUlOUrHbdrJbWmIbwbtHX9SnvqBA1Ys1tZKIM
0,-1,two_____,_____439,qDohz7QWSuA4SGW3bOoqReR2qDTxHcVjg7oT
0,-1,two_____,_____440,Z1HKHJaigNFQng6hhJ0A4cTNalvjcNh4mMXy7CWxOenjoSMK6kjDBBun2tOpnCci
0,-1,four____,_____441,jYOIloEA9D1PcxnDveR6g5t6m0Ta9phgFrktE
0,-1,four____,_____442,xBXcCYITJghQyk3xlz5vSO7uvbOIzfqnwLCSTiDUEovnqiXkrA0FZ
0,-1,four____,_____443,OCQVnHjLtWzmzYwAuBKvDb5ienuHM7iLnGc5l8n
0,-1,one_____,_____444,img3TIDDgYRBL88IiAbVURlKbltnHL35rl8w10HulDE09xoIoPW1DP4YGf
0,-1,three___,_____445,XdSjda0Dlv2XKMMqw6sqQ4ZmkWoNTqVChkeWHsePqv
0,-1,zero____,_____446,TRCi6VNaGfGesSqSFvt9HUFzJl3v5ZM29HA1ACq6lgTbWngmOqsYIoe
0,-1,one_____,_____447,eyI592MfZtl4tparuBHsp8eiYXcYQyD8cGfkFE4Zt8GZk3wP10Ib
0,-1,zero____,_____448,qUgVD1Giwsuhfu6qP6dOk8FIKDLblM0oCXzdVo
0,-1,one_____,_____449,vZR1ISmY3avcrTGhMnfhK80fiGbCQgGzmbFqnuarq
0,-1,one_____,_____450,CRADHQMUaKCjJIrGCvRq6fwOuZ5kVpS0EuKfn
0,-1,three___,_____451,G2FcDLeYxPluzsaSF7jeucZ3irdCHsCWC8UdPFK7uVsgyQ7v23lmzgLkWm9uekfO
0,-1,three___,_____452,GETYhGVogqzxoPiIy0KnrHc0VuRZiSaGt4eZf34
0,-1,one_____,_____453,ooDiYNy9BAwhJFS2BKa66bxcKtyPlkxtgBrZc
0,-1,zero____,_____454,mv3NpWjE7pjvzlVTwNHGkg6aApTpeFtnC8j1
0,-1,one_____,_____455,0cKHR91XHBNH0yOkYF3iLjWZc4sA0UMVcw1D9Y24pPr6JIOq7
0,-1,one_____,_____456,th2hC9LjhcwWbNWkEhS8Q3dy0w7u0dxqPek8RAuc0nBI2d2wcFWVBWb8v
0,-1,one_____,_____457,juxLp78b4EPAFDn4ogWJH2av70QLXjojs9vVZGksVUVrlpX
0,-1,zero____,_____458,objEKxCvFT6ki2MaqAuP2cpu53BYMZUJxZb2vToRCLtikXPVoCgp
0,-1,one_____,_____459,QgFySe6o15GZQ7QgdNl1jcrUxVgsSOdQ
0,-1,zero____,_____460,ZNxUu6BrnueKNzsdjgwOovkfOEPVvT3yO7a83PA
0,-1,two_____,_____461,WsMAoz8vo0yWLPN9eX1CRczivNdAyYen
0,-1,three___,_____462,e1wDwYoHZl1AXsBeBwPamQWmaZLsYQJvW9UhKF
0,-1,four____,_____463,IwdOURFZyWDjgeyXVjjlFN9nU8B7KITRgM98xvnC1
0,-1,four____,_____464,sXEau5i3zy0KVXGy1QGoDa8Kmf1rYPPgxMmnsvIcZoC
0,-1,two_____,_____465,iZ89iJzQpeVw3TOAWUyHFh6SlwgrxmZOttYrELs62gd
0,-1,three___,_____466,CfnAFoaMjPSK00eBaeTZ3e8Rafsr29l7nfK
0,-1,zero____,_____467,SyT01fTKr4UmwTv18FFM7ediR0WAz9nnsvOPo27yq9qpntecOnOLXJlyY
0,-1,two_____,_____468,EV9NMXNsCidcp0YE8KMI8bvQCQ2lC00zi1HoGI
0,-1,three___,_____469,v75YbX2KGFi3l7LRvKFxnm54ERi2hpnSZY8mWw
0,-1,zero____,_____470,Yi6DWAlA4QfyAKauQhpCtLUlFS28D1J4y
0,-1,two_____,_____471,CfJvBMzxTkO5apokzki7zd9CdS8QCtcPx5jrj3j0PZNZQhbD6X2RA2fGPa5qnkQ
0,-1,two_____,_____472,rEQBPqSxF6vkmgQUAq3v9o2eH9U9uJysd5g
0,-1,two_____,_____473,rp6yQug3VlNHiiuHlvu3AfPNG8rxNiFZaZJ
0,-1,two_____,_____474,i54epAh9XYoKou42pLAJxQ0oeAtiSdcSmQsIEUgeTG
0,-1,two_____,_____475,CqeOMm4cbpsqBgfoJNIoHFBN4r820eCdCWFlDaqbLup8Af
0,-1,zero____,_____476,Or6rlVhieC6ABCyS53Hjhf92Somx07enfDceUIyHYxI01QXOwY
0,-1,zero____,_____477,FT47jDAA98xKoY2t5Prg7JZPfMptyEiYjrNJ6q4LSODwQeMsPgnncX
0,-1,four____,_____478,8MYk4iKJg7v1iltFOayaDu87CcSJZDXPBRtWBC5pDlg
0,-1,one_____,_____479,MzkNgGXyuR3oS5MIBHFcqQvIh1pXD1IRmvHETfF
0,-1,four____,_____480,Mdm0E9d2AfZhT7fXBbQDyZlVlieIperVfddItLfuPgvOFX8
0,-1,two_____,_____481,mhxcaDUhu81FY0LDIXqlK178d0AaCB52kHjCxhbxfYBaPT3YphyyNAIx4JVq4i3
0,-1,zero____,_____482,ghXrfT4BKmPQTrc1so3pmVH1B0HV6J31CCYPr2zXGxrIXXhIUV2WNRHXotRb7Hm
0,-1,three___,_____483,lWBDiNJrkEPbTA13US7hQPcLN0q22VXQY3
0,-1,zero____,_____484,0UZTVBQhxH8wTjatmAZGQsfaHSf4kbhHHWhuhVpd2wMPYB
0,-1,two_____,_____485,DKxAEE887nRtCtuSSA2wDvOFGllEgoGjPyMemhScHavWoCD12LoQAPknWBA6
0,-1,four____,_____486,rlROUaceo7cqN02a2PWX6iyeFrWSQIU8hgp3VdjitiDgS
0,-1,zero____,_____487,hnQFVzt4PPcPtWTn8N7JreoZN8OVKElbNk3wW4tuu0xK7FzQLt8sLITNyA0fl
0,-1,four____,_____488,cHrzgbgGPt1ujW715nwIj25O7ONSKrer7TFARhlACGqpx7jxhL
0,-1,zero____,_____489,KmI2pwpq9nb3sl86IwjXc44zAaepyHT5kDPmwk6tKhnUia9GP
0,-1,three___,_____490,pQl7T2idFnp2s1bybYT5n8o2WhOaDhi0HcqlNP
0,-1,one_____,_____491,owby43ZAlMJXBXj6CZ7jQHFFViqfKouyU8xIawa3LV91SaTNExJ
0,-1,zero____,_____492,L5wbYy9YfWOj9PAzYCHS3kSk1GhE3uFrw659kBl
0,-1,four____,_____493,ZDjvqOsytcZw1hg7OPkyZf2QWDoGtqOE7geOqSbFlrQ
0,-1,three___,_____494,WwO1jXCZK6SfUDksVmqUJ17Zk8YCSWpgr2jPZFAgAyjT
0,-1,zero____,_____495,4ShmHbYqLoegjrTcoeeZktPt57sl0Zul999N6cpsmBap6m8kAv9iaiwJaPOtn
0,-1,four____,_____496,oFUkPzCntV0mGuZ8YkwbhV0Ss2cJyXYcWB8mM5xFlvDQcmJ0cB24oZnF
0,-1,four____,_____497,wkg0NuZeczotPqZpZP9SSnGjnsIpi5361RJog0sBBrtTrgzkmwOWyBDb
0,-1,four____,_____498,ytdjeKv8O8Yu3MbupG3ljUc6M0LGQV8ZcWf07mAZdtPINwiLl7
0,-1,two_____,_____499,6bb90kH86gkbBctdKLp1oZZ86IDr4PfYxqIHr
0,-1,one_____,_____500,vhml6nLUgAH5ntyrKUrlQGM9IjjqcySFM91DsLNk
0,-1,one_____,_____501,MJL3FWqfkqzMczufe8jzJPf4hLjoufrkqk
0,-1,two_____,_____502,z3rZhzwEf78B6XYQbTBQBo659sKi0kRcPEnEy
0,-1,one_____,_____503,bLDY7kDni8g11i1Q0XsuO8z3BnpuJVzBERlnjNFiyFH0xWG7SxHITT
0,-1,zero____,_____504,EkWQ3f8ePujGNJfP5ndqk0GJTAz4VInMHmv2I2K9yWDDY
0,-1,one_____,_____505,52Ndout3CAFY4hW3zqZO69wYSfjiL2iYq9Kt8fgBooM7tpw4SP
0,-1,three___,_____506,wSQ8MxB0Vc2nAN1Y833Ea0Zffq0ph7csntLyApb5aKy5ONuqkKd
0,-1,zero____,_____507,Q0e2qyeqERloC5HvpSkEjeiLsAGV1QaMun4SDMhtDbnljd1p5
0,-1,three___,_____508,jSWW1SJKzc5NzNl70192Hz0J4SlOD4AHViJCyudyS0Hei4xf8A9XoH
0,-1,one_____,_____509,gKo3koqdrkWq39kVZm1LnMEV2Mg1e2v6
0,-1,two_____,_____510,59DGgSsF6GfndpYaJrjcIRJpXFix4hBIKDb839yvND8tYa6iaGN
0,-1,zero____,_____511,xhK1duloSoY8gjoVuHJ8j0DQzEtlpnAuGuxjRyPXfMhSH6FOtCwwM
0,-1,one_____,_____512,43Ud27XCH24h0KzqXdi1bNhkqi0zsdEyGfnDvhUKvRAHa
0,-1,one_____,_____513,HpIDZ6phKwZRBrN9l58SjBsaWXttI73CRJkxQNCknSwTKRqiTBBjhQ5QZBT3kqk
0,-1,one_____,_____514,oVRtDh4oqlWXSsQ2pDkDYsaH62oiHpTL7S
0,-1,three___,_____515,ErFXzKl2hgIYqs6KlGDWQ8dxA7dPwrvjnC1ev4CjS2YCu3io9gy4X1Ay4eC
0,-1,one_____,_____516,jnmOU427Vek3gxgKv3FZ1QmWSt8XeQ1VzsL32FjASn77fXhUUwcElv2HLSosuDa
0,-1,zero____,_____517,cgqkG5qg3Ub82s7y4Vns5wpmyHFtjUfEeULdV
0,-1,two_____,_____518,1h6sMiGRvELnim6OMGqNXRCLSEkcphBvwuynonSmNw
0,-1,four____,_____519,pqlqDn3i482BRkTlmm0wTW9itj0dsZRD
0,-1,zero____,_____520,ZmnQpmbIBaWg1FDoKTY4aj6DatAYKAgdOjxJTl
0,-1,two_____,_____521,EVpjmnh29Mw1ic40tv9ZZ6Sf8zdmNPyCuI
0,-1,four____,_____522,vY5fKPf94puUmbIqCxNfsOJFipZ5LEHo6uXh69PWzFL2fyGxCq17XO7r8Le09
0,-1,two_____,_____523,Fht0UGtZTzS2oH7BgoKh4w0drCAGZup7c4nm2ixf0sm8g5Ps
0,-1,three___,_____524,GsSffdweA6np8nJpyGG0njVSFptmpOopUEXmskFDhIATcjq
0,-1,one_____,_____525,YHjuodi3Ez4tbPs2LwWEoHvyrY6uPd2mqW7DyEVRd2r6XeU
0,-1,four____,_____526,CUsn7SqBFNOdAXd1PVMWUl4m5cEth2iU7jWo
0,-1,zero____,_____527,4G8lqlpvFR1eMdeKBk87jAdk0IVf1lLkBXsW50TBs5gTil6Y5zuK8loLq
0,-1,three___,_____528,8hPd7r8CF2HWoA8KH5cnUXuBAF1rY5IC
0,-1,zero____,_____529,U6KaJJ1ONZibVNFfN2StpeG8YCfrwHzqv30sP
0,-1,two_____,_____530,FAAqQIh49jLMVER9jkQM8LqCQzd5V0iap0rcW2xd
0,-1,four____,_____531,DWNb3wb5UjHvl5dyNHyx4CpsROspSO12mVgzUrFR7U9
0,-1,three___,_____532,s65u1I5oT4CNpc4Dugc3hvvTFVAUsSozNQRHCxu
0,-1,four____,_____533,VBPohUAzWxrS74xXMJ1d0ONHDCVAo8BWUDRO1dgM
0,-1,three___,_____534,peqBqP8RJpRI3cswtxTrbdSb7GW3qQtqwB3NA
0,-1,four____,_____535,KOFUDbMHmXRwkzGUfK6gYj9Kth8264PzKX9t
0,-1,three___,_____536,uUeukhwBYMc8LQ38B4Fs3bSRfi3gjR2qzIhGvEdcKq0nqXNbklbJeDrHd8v
0,-1,one_____,_____537,XASUreUjdkZHBl0PnmsvGkdOBQ4egWlq
0,-1,two_____,_____538,8uMJQsAkzxpiSksGMWEy45VJxCLhYAStqXWIkpFd3vCmr4h524zrefslAIp
0,-1,four____,_____539,fMkEcSjIUT5CCHlh91NkV6jd7L1f3Zcu1cNAk8Du5g
0,-1,zero____,_____540,WWy4cQiIUCnKXorrhF5zV78Hm51quh7uipxDble
0,-1,one_____,_____541,hd3g4ry0tFzaffzo8QLoOltGb2nnyG0VqDrge9NoN8zbD0zKI2BE8ds
0,-1,three___,_____542,4QJdb03JlPjHAIBRoRF8m1HV6XOOjUkDl95o59AYBYq3YaX8bi
0,-1,two_____,_____543,OLvaclI0UlNaFInWretZp2i4CHjzEnytoDv
0,-1,four____,_____544,rPxyZ2o5v3EY1JOEg47lhAOHU6zWWU2YL
0,-1,four____,_____545,pX8ikYwU3pl4ZzrL4XrpcZ09VAu1xOOHk
0,-1,zero____,_____546,50x3yiX7XynnKQU2HrqGRUxwMkF0tyLC
0,-1,zero____,_____547,PuCLH8WTGUxcWecj74GOOS1nrqPocU1YF3bHEIIUps2F2HLzo8RMjScNOYwmXAGX
0,-1,two_____,_____548,bp0fygrNNscR2jF9WsXrtP3T6eOoWQJSXBbtQCMJv0TyWIZrFgpZ7WOmN
0,-1,two_____,_____549,UobtKgorgvxrGrP6msDL37UNPSn5vuCI25Uq9QHWeuw4w
0,-1,three___,_____550,JiwL7AXLAosdsxWRxU4puHZat3ZKHUQlfgXirLPXexLPXOOcIMyAlGvQzb9seeO
0,-1,one_____,_____551,0TfQA2fmpwGhaSKkrae7ZhE4UDCRzRtRsqB
0,-1,four____,_____552,6UM1WEI56cN3cy59DX4SoTsR9HDe6g1uooGTT0uAQrB6CQqrK9W5x4aI3B1ivi9
0,-1,four____,_____553,nHcXVx76q2EysB53F9oGzGVLxjQ0AFFq5BATqVg5xLEdrvhNr7Qfi1IKB
0,-1,three___,_____554,2zJfZr1K110XV0SuGaNn6W8DgubDwONFoIz7e4Lvf79KmF4veh03jSBS8nw8ru1
0,-1,three___,_____555,SGjBudf0fZb5oHphV9tBgcyT2xeajKP5K7y0DqrJ88a7fZ31ZbE
0,-1,two_____,_____556,IXErDsjjhjpT9k61vJKkSmOf9TZmjyyU5ko6vF2r1
0,-1,two_____,_____557,lpWtrn4XqQjSNQvlegiUr2fMPxsipC9ZZoGiPh
0,-1,four____,_____558,iNjqXx9D4aD3KsVnFPga3kxa0CNcZFZyj46ojpcgiY34Uy
0,-1,zero____,_____559,qBFoYUIurlIQQxyH03HVXjln7cjuHTo2KT3qzRAGRnZoq8xzD6yHEycjB3l2Xkbc
0,-1,three___,_____560,lDOLNyvrkFtXHTRx4vIbydMrNOuHcWpZxzjnCcjID8FqnJ1r6pvQTPw7
0,-1,four____,_____561,gdIO3GxwavrM198fVxiMWjYp37WqYBcRV0pKMw5LdJi0Di
0,-1,zero____,_____562,CcmOmmc3D7f6rsOZpH6vBOzpmz8aoCDhAGGWxaxz
0,-1,three___,_____563,EEwHlL6Z8sNZPyxTjGJLFfFoXEKqfiCJwPlIS0dP6
0,-1,four____,_____564,bAchhZ4J74jkoNbplnieKVYj2YpfxP5AO7MOtIYW4ilNUkWNPEGzV8RR
0,-1,one_____,_____565,tzpEbSokqFNdFjbSZ20GvNi3kpJphjrmVEw2v8LSir
0,-1,zero____,_____566,jum0wcuCVIGJ4fIPrsOb52AnboldS09UDNLO3pA
0,-1,two_____,_____567,CYe8rwr0Qhdznf6yYQa1jHC2S9hnHEdkqJMSZ5opkkZCKC8xi6L8Yk1IBeK3s
0,-1,three___,_____568,5R9lpIzrTJhbDcgdzKITWUb5SJm5bV6BvcDT3fUnWhsTj
0,-1,one_____,_____569,3hspUaT8ErQrTR4i48P2hz30XfBkeyusdxrLlvEMJBe2eoBzRBOdH0FTtK1
0,-1,four____,_____570,1dbxIlpa4Q1OZ4GAva4MJGA67MICmSOJzUKP1
0,-1,two_____,_____571,WnHbsCuRAl5kkPTle0193Tl5lH22PpcxHoULR3RxLitW
0,-1,zero____,_____572,8CCdMfYp3dRAaVrbO54cfHpD2zThbzuMwur3ngUA7Xd
0,-1,one_____,_____573,2UfxNb1DBerLhqbokdH9CwLcmqV4i2mD76APpVB
0,-1,one_____,_____574,tSriJ916gFJ8UQTWREoUjoO3AiuQTvCzE9w8lljNQnHy0
0,-1,zero____,_____575,0D0P5Gg9BrsDxsDiHXbNFvYwBiUnIqyHaC
0,-1,four____,_____576,7tf7iKCZadorpPKyIzP0TDabybgKsTAOTvK7XXskEA1
0,-1,four____,_____577,f3MA1pxH0dhNW86kB0xopX7yipC9Zon6wQtAijHX8d
0,-1,zero____,_____578,dUWb7tdqjhxiZb6DEOyY1GFDW1AC9GgvOSr5mPndjhAlD3WdG2iE559KvutVk
0,-1,zero____,_____579,isTChvm6flLblygZAxuJgOWOe7KAPZnOtb
0,-1,three___,_____580,BtfwN0VmzVIppk2YAPaj5dG3tHtlsFpoF4QX4S32DDMNjcoRsqgs
0,-1,two_____,_____581,YKKTK5YuSbfDMtv3GKXakwQcLtbii6mLJkt3mJSmG0UCQritlWQrt
0,-1,zero____,_____582,2BZKikKLhisPgmQVx5dnCb3ZPMvIJYBL8fTsTj8YZObF0hq
0,-1,three___,_____583,kR3Zv6OWIMJHVoAjq6zmQCIKdRMzYkaAxoWUyQrboyUfy
0,-1,four____,_____584,FNT2AJTkzrVUL2KSNvK9gQP43Wpm4rFMaXmB8xiwR5qlUprcyofXA48YAKY
0,-1,four____,_____585,QeZQa8VEniu9kI7id98UZfKetLedhpT6Ll8g5vItsdcl913yc0iiH
0,-1,one_____,_____586,CvwsybarWwwwum6fQ5uHtsQlszuvDRlWulYCY
0,-1,zero____,_____587,96w5t36Pt9MbqQLD98KJREwkdnTQrABtn
0,-1,zero____,_____588,0Gvvt9LC6vJuvloqtPBucS7UzSpM1HAZWIy8bNBzkPLxaWZIe5N
0,-1,two_____,_____589,A2OMKAF3sPYU69PKBrQmkXYcTcxdomQhYRJCT
0,-1,one_____,_____590,TFi9FtMDXYuBxsf3GkwRZz0EwoqdkWhGRf7Wd7
0,-1,two_____,_____591,fPSyHLKsS0tpMW6ES4wryOqbRlXJpA7uLYdPHyAEM4k7FmpCZIHYEU4KHY06glg
0,-1,zero____,_____592,NU2O6ig7TIKNFTBMJ1fmXYCDufPEJERB1OBN7gDo3ubwT72jpbJ
0,-1,two_____,_____593,PSQ6j7A09q6zHxZHP4ojPuYxV2e13zhQvR5KohGmTW5AvO
0,-1,four____,_____594,T6J4pbjqVZWs8acbT539PL6A6VPxN89g0NaJbPKLSM8Z8
0,-1,zero____,_____595,O2hvzvM2Xf4EgYFPtNCVtB2WalaZHWhw7weUrxPHDGXA0KuvyBD9AB3VD7RFzG4
0,-1,three___,_____596,J43PPT5XAwPNcSuteHLrGugjaUFH0GGOJkp9S
0,-1,four____,_____597,ZeYSYrdg2hL6sXL2YFRfUsoCOwlHMTHtKr
0,-1,zero____,_____598,pxyNzNnDoMbUdM7RVOOD0NAHbBzYKqwoqBAUMkEW6poOeWC5I
0,-1,four____,_____599,ZfakXBM85DICXhZKRV1BJaow60OaBWzXJ
0,-1,three___,_____600,Xv53xFjFg0X5HFsMG4FfaYvDZUei4ix6NaFtu6ss
0,-1,one_____,_____601,ISJ6qybDlbtBNC3XhItw5HYFo9IXmqaC5TvioSRvPPcFwtVCPHTR2UcNd78liy
0,-1,three___,_____602,bKkvLvuNTFXOGJiH8eRTTmS30OKtfU6A4Zwwfo8AHNSeOP
0,-1,four____,_____603,tp7ouh3O0IYZDHHe2oiT9oVuRka5d7yKUEFThCQl8EMyp7dsfuP5tbpT
0,-1,three___,_____604,dA4xoF0APhmPTlnkPE39iX4n6nhM7Y1EKp0HW6rlydTyGcmnncA7IhKk3w
0,-1,zero____,_____605,0jJ7fgccYRZYJEAmV09tTuoEAe2EkxijrYfl2
0,-1,two_____,_____606,KwIIUDzfuuonPModteBg5qinANjUfajbZVgJvCeR6IAN
0,-1,three___,_____607,he2GH796qmPIVlyuqzCH2aUDsMpuUJMHJvnZlP3KzPXlXysULj30aAI07Gh0
0,-1,two_____,_____608,MWPtV7RRtChcbG2sOUcWxJEjnwFqZQ3ye
0,-1,two_____,_____609,UqBqBHatveF2kdcFFNYsaFg3G7qeIl0ep0dgsVUWjxR4phOhufTtJ3S
0,-1,one_____,_____610,q4A8G9HfGIpc4x8M9eFVz2N3DaBbswoqKjI0i
0,-1,two_____,_____611,QKtSXVcC6U5BnCCelO8EbfCginTgY4zwx698hacrdV
0,-1,one_____,_____612,aTieaNBLc9HNLVibSrDn8tZIHQ4OQJCRrDqrC
0,-1,two_____,_____613,cLs8iMr1ii06lBBfM7GbY5LbwqBNMzjBHuPePWyqdEgV1ktu1wfUKA8
0,-1,two_____,_____614,MePrvlqBfJTrEoJcMEvL4qAAZObNmU1IPQtEJQ1M9S8GtlMoW
0,-1,one_____,_____615,IuAccmpqle33STC31TbIkvIKUj0BIN2vc2JtlanawT4
0,-1,four____,_____616,cmBZPRliLzoV4BmGfDK4ZYGuheiPpnPgQonWYZuRreKIU
0,-1,four____,_____617,oImVAgBPDXUyNhbyjK2Gjc9GBVzExqYi3nQRFWFq
0,-1,three___,_____618,N7mlzuEsVBaOoXI4RMGbXk4PxYptLYHU
0,-1,three___,_____619,zFngZLLjhhkq1nA2VjRUe4OZCsfh6SI5mvRDG
0,-1,zero____,_____620,cSlx0ZFUUEGPWZwCFHcpy9kONW8wNZM1ra9UNkNSbmnN5UQjyKW3ueso3zd26
0,-1,four____,_____621,kaMHBPwYH3rbU7aug1vY15RYVJCFUQSvNvDNlfkJRXWtWi6Uh
0,-1,two_____,_____622,gFgefhGFNihnMv4bpz4g265OdnyYRhwcVrSoyzAE
0,-1,three___,_____623,2UhyXfzHrkKHKkceCf2KaMdQf2uC5K5IMpMyG9AL
0,-1,two_____,_____624,g00Tl0GFKDT2AUz1rQz5NLvWnVDUfldaizCX
0,-1,four____,_____625,HnWH8uTX7oSw7A3U0UInxMmdtWDKgx9uuCuBad02sVkDZNL
0,-1,two_____,_____626,t3llPmcIpEbJJzNwuDHObmIJokBlaaFhC2
0,-1,four____,_____627,R8uaZxch34XTDEHO29YMmtqdSUDka90hzsqR28cgvkFMl9BPivVs
0,-1,zero____,_____628,Zz8gstoSRsNctGoB5tjFfm9yj6idJCJo
0,-1,four____,_____629,tbPdgZ3OZobvpWyWD8UHDIhngwXW6mWncaTZ
0,-1,four____,_____630,useBVX2FVAqGjZfPnfsmaHcE5gDY7KO6M37M9vQaWuGL0kCCMK
0,-1,four____,_____631,nfVORvlmVPsDsBfYwXsTlrE9lIm7qvLtGivwHgEv57n
0,-1,zero____,_____632,UtLcguRf4kG6bYDty2kM4zt3uhv8iAztSjjwoOSC1fwxED3EOG5PhVRxicWFVJf
0,-1,three___,_____633,jNI93PxmNXTm1hvdJi6gVIZS05aQY6h8Y9XoWrSh22o7aYu70K5EuG
0,-1,three___,_____634,dGE7h2JHUC3OrJbGxDYVrQ1N9DsvG2XsCZAP6apn8M9yyLfOJpq82Flg
0,-1,three___,_____635,wsMnfypAoMFxbCY5AgfCQYVHwviWpABZOVjuUIweI9iMkGS9gv3n0QjljY
0,-1,three___,_____636,OvS8qS1dmD9dc8252U52aMMd97lEA2uZOTRLnTDkxpG5SUbYDxNI5FBa0Bj9PZ5e
0,-1,four____,_____637,B376rGCRgVoW00f2KV6QxwJEBRwKnch5hyAlHT1oRUX61wLJuxtWeh
0,-1,three___,_____638,ICEhiiBfwdoIoTVlUpHd1lJ7kiKwTnVJeNMc8LCSYaQE4OJtRW6mN4yjGsF7
0,-1,three___,_____639,oQybBghwnECqImiBJ5pJ33ZZgkhzUexyN9u0Qzw4sjhkI
0,-1,three___,_____640,zSTQ0juxmrVHbhCtcAJPijMlyaKHRdRL
0,-1,three___,_____641,CnRROYaMafREMyBpWhLVWhsnCer1n8zTUbso24i
0,-1,three___,_____642,ZFvsWv9x3rJ27PO1DXLQmnY5uD5T5QCy
0,-1,two_____,_____643,3d9L5zmvAcc40VC7ihi4sSGfzwFGVuNJMivqxnXJO67lgmw9Ga
0,-1,zero____,_____644,eUk5IoVymV2oMyHWJiOGuY9AccC6yeSyL4UwPTJLeOGSf4WopnyWVr4rMTDVtfUY
0,-1,one_____,_____645,PQjyT8tS0LwZP48uQ2Y4nKPahisvabXICoVczwJB6jTR
0,-1,two_____,_____646,tVwsg57CJnbw0XkOiWwqlnbJQYQbaNOTYFZsz6pLiCFq9nxIVkTnTCazdCS6
0,-1,three___,_____647,Jui9LdrgJqxs5UdDD55brQ3ssxDYhK0dVKanvv1b0aMP1oLlFtdSF5X
0,-1,three___,_____648,Nv8reyfGIwK9d0wpzOePENaaB1ChLOLNE8n5n5N1jyB8DOXo8WSs8K6lPRO
0,-1,four____,_____649,r4khZqb2xW3hurEWnggOrdUJe0d6KnhXYiyVRkzLQ77piLqcydoU
0,-1,two_____,_____650,sG69JjSSZd3VKhRSu2kyUX3xNw27Y8nxEZNW8ofYeV5M1dXHtLPgoRIf2qLfjV
0,-1,one_____,_____651,SKMwH7vrckPSQa5XieSAo9ZcKJI6I3mipnwy321STKJ5YUE
0,-1,zero____,_____652,302yZ1R6h8L9UMalg6ervGvv7JN7tOA4sB3
0,-1,three___,_____653,9KNl066BeKL5exeM6pOVANyfSjlnCfIzdLnyVJS7VYEd
0,-1,zero____,_____654,ElD0sTo1B2R0y5aBsNjrVSmpgsLF3BAj7qG9oP7mg1JzB7ymeMGrHoRKu7
0,-1,three___,_____655,YO2imLFQCWHWOW7Lt6buBTrMNIwl6uvexHsvGzEil2dFALzjMl45gIeP
0,-1,one_____,_____656,v3aIWlizPb2BVHLhvZMpvpmYx7P7WgxmyxQ2
0,-1,three___,_____657,zYuJwkbWDV0KsNk7yFr3ecCVoAjUSrAiGSJfC0gDVRaX3yb6dHn0aVu
0,-1,one_____,_____658,v5vmo69aAUBdg0Resg3xzqScZIQqciE3FRxSMVtILeleRCa
0,-1,four____,_____659,LZE5ZkCQ8WMHdt47aaY3WSNz1AU95JAH3uxP6iTHN0h3wyuI
0,-1,three___,_____660,wwz6sMzVqggmy0sVlUxG0oB00FZ4Tl13QVCA
0,-1,three___,_____661,CR4UBqL61guNJjEpQDa9jEX1wRyZfO45DNdtZ403d7QNSraPnDJxjAe5kKrTpM
0,-1,four____,_____662,GTbLmi7vFVH11sX8Nuq2bS5W1cmwanuPSz4uVkkkVCdru507eZBESv8bEc43Qc
0,-1,zero____,_____663,bb9WCYX7MVnviW05ag4TJKrfx3sbLRMkDOu5twmcqp8z4
0,-1,zero____,_____664,51Bx0oW7ZySNGM71NledWyMyVVrlaIm5HT9nM
0,-1,one_____,_____665,b2rwo5s4vL82rDsAhKDzAJ9DUBddV2I0FzWtG
0,-1,one_____,_____666,3FDHFFDOB3C5IIl9Kr8isYRjPwcFeTIuT8rOt
0,-1,three___,_____667,01Zjk2RKVoUHDFZTeO0EhOFtKfpXiLly1eDiNaO9gNeZDPeMj3npljcnc1J
0,-1,one_____,_____668,WRpIC9rrW9QVd1iS8uX55ucdl1yABirbq
0,-1,three___,_____669,BFt8kuV9tqfvw0mJGJWJ8VFOcU7rSj1ZkPzkFuYH4z2KrA
0,-1,one_____,_____670,R7yOACyw1h9ouVmHftJj3urY0abpNatMkh51MX9ltyjbGne9BAcgi2fy7zj
0,-1,three___,_____671,FvU8NzHEwVoxh5PGboaiFjovx171RZxAss2rzmX9nU4epo0QJn
0,-1,zero____,_____672,Tuko9fyId9eTdfankwCBYgiVcrg4CzmeYU8Vthn
0,-1,zero____,_____673,C9TYKeC0BVEA9myDQpdpB4oaCMc9yX3kLKZrX97rS
0,-1,zero____,_____674,uL6MxsvP98ZMkoEbIUaD4AfhVk08JHrVpG2KCFg9m
0,-1,three___,_____675,ZcpDaQaVkPGxDomhEBpjCJELc9aRAlrPn5CHRoUVdMJg
0,-1,two_____,_____676,fFGx67SiwLYD4hMGUCMTIG0OyYoWLHOoogpzqBRQ2XWUOdB1aH0VW7
0,-1,four____,_____677,JvEzzyY0WcbGuIzLCyGEBX6Bwsdt6Xzcp23Lj89oJad81CpURtFN
0,-1,one_____,_____678,fYmTv6JJAtDLOSfnDNEfPms571opaA0HWcX6zuWpX6AhHt8awvK0d
0,-1,three___,_____679,qwN6TVeitJqBx7YkRBDeZcGtqj6RVxAhCmKzh2XG2sbhyC
0,-1,zero____,_____680,avmSbD2PvxruVOj5uYvhOLJnfnh1yWGZMJc
0,-1,one_____,_____681,BCBgN3t6sF7DMgOy0zPgVH1UjsLhakLgofuDmXoC6lX9mh4XDVluOc
0,-1,zero____,_____682,WqNaRnSxbFMKmyK8P5ozCJ3Llq0xQ1Qdlipag6liKdjV9YaDaRlGRY3NDT
0,-1,zero____,_____683,cahxYJDpkAXBlmLlPReCmRtLjfhpydLzhUVKVB1YHeGuQi
0,-1,one_____,_____684,UytBn6YhR3X372MCj8aqZ6PMTZbLtTpPjBn50WnQiCVeN6ylS
0,-1,one_____,_____685,3jrmtWZ2LPQYqyZs1WpVp1y9PnE8LPsvNGtHwGyGLQ1A7qfL28FBEEDP
0,-1,two_____,_____686,BfM9JdGT359FjY5PSecfUfRyLJ9KheeJL
0,-1,four____,_____687,3TD7vMNPJzPijUBymsGsTIuP8GwozMssHwUxFNm
0,-1,four____,_____688,h2umZg1GvshOGrIyqb7hBawQfNnnxCDB1D
0,-1,two_____,_____689,3QH2OArvhnNf2bMESgFr4pjNV10zSUDaXO
0,-1,one_____,_____690,6dbDeBz4EUaU3FgOhGhrYnOv0NygI0dvblAVNXqyJEwDQghfehpwqAY
0,-1,four____,_____691,vKFvqWYzW8mN60I8YglWUk0jXE1LpmK0X0ggt9zfizttDehG8PxM51atDg6PCkTj
0,-1,three___,_____692,elDSFS5HqvWbgJinwTLAE9ht3fArjPkFlLv7DWSPl5
0,-1,four____,_____693,LMNGTZpPUdxhVYiEk8YhiquAXLF3ziJRAuwrxZOGelKVui6t
0,-1,three___,_____694,2a5xjxGcvUymrQrRLEUX6v5OcNjgZir7XHFRj8FkvAlZW
0,-1,one_____,_____695,6tYCfhxZrZvvPc6KVvuHwZuKAiO7yL8zovyUsN5VLyHoq0B37g9FJa5FN
0,-1,two_____,_____696,HXPGWlpKIZncudWPmMmR0TmfnXpj7MNqWiMS
0,-1,zero____,_____697,tiZHHkkkZFMCTwaQwTp9wuhiav7SX2e4lPi9ZFR
0,-1,two_____,_____698,fuuNrYpEq9Gd3TNtVjj4ecNBU0Jtuc1qe
0,-1,zero____,_____699,nxolRLTNrFreOYMxGZLSO8NPmB96MFma1ZYHymx
0,-1,four____,_____700,5Oi33tPafvn4qyxcVCtGJUTSYfi9o5r8VTM7O4J1Ba61S9iH1b
0,-1,four____,_____701,LCUZy5Gj6R9VW3FEU1lAdzgdOdgmxXbkGxkwdVmVHX8wgsi
0,-1,four____,_____702,Zqq7gnOX4ohBcecGN1jIR5DquDgVTK1AailWYLAZEzW0kvRISm1kh4oktYmAQ1Df
0,-1,one_____,_____703,1TsdTA4TReK64cBddgKPiPNgljqgIN3pE
0,-1,one_____,_____704,ucu2fctHk2GCJeI1IgT784QvCZHXOffGZGS3CBHx346abMVUMvSyJ
0,-1,two_____,_____705,kjblLThCIKCTiLKPtMcHfhsHboVtAUuTV71lVfm
0,-1,three___,_____706,rckG6V96dHLKIQKKqhQcWlFq0hneC2V4Yr0gOxAjd9NczCTpqkxIOyn5UTH39AOe
0,-1,two_____,_____707,6ETgOv8fFffZK9nL7qliBAbj9Fx0z7G8lA4WNpXMuNKAh4p0J
0,-1,one_____,_____708,VA3EGe139PytgornHNgaFZULXHZP4WxiR2JsXq0Kunp2Na
0,-1,one_____,_____709,5oCqhVoBsvw4acYq0bVMA5E4ED1Cmkvqe1VV4xwFzm8waNptMvRxHxVrgt0Bxi
0,-1,zero____,_____710,YYmEXjgOEbnG0kGvtOIfOAv5ZnPrTRQkQJY5v7O78oQoqM61GYyfunEp3aZl
0,-1,three___,_____711,Y0SDDrOLqcI69FzFNMyrcrGB8AUUdyp0fnwuDkzVaW1n
0,-1,one_____,_____712,JSCbst2yV9dor7CS174nE9Zu3fZsFXHfMuFG029tFpi5pJ5HkJUOisx2jUR5B
0,-1,two_____,_____713,Bj4LATeWduEYY18MRkaDs4zcijaY9l2wvVJsUEemwsdPH6Fb6
0,-1,one_____,_____714,h5bi4nDNnopC9OONkKES14t0WKGGE9OW3gto6DmT5z56XOSIfh8qd
0,-1,three___,_____715,1YMydfmbtKDtzZSqBgSiTnSYZ3HRNdRC29VETrg7oEX47xZx1GprQZI3onamVqz
0,-1,two_____,_____716,aw7k8uuQa1ZvPUptPpHdhEPVWFSGwa82C0V5
0,-1,one_____,_____717,tMio6tCilNzRTqNWbWgdDDVFzd2KKaGmx6tRA
0,-1,one_____,_____718,tnl9l0IF0gfvNaYn0NlviFcoJdPZeIUZ
0,-1,two_____,_____719,RM2RV3uMdQW45I9W3S7DjXL301Oyp2y4mY2wld8RFolU7H395sMp3Ak
0,-1,zero____,_____720,JGMolgvCVN6DAWanm2vGRaQp3AlYrvwtxxva4dw2MIzZ4mQeCYk7FOr3Bl2Cswf
0,-1,zero____,_____721,MBEpzf9dZSXW5w6h0pNQACStxU9nERqY3QTkK0AjdJobMT0E
0,-1,one_____,_____722,jzLQuJmzLl5X3y5BB3K8W5tw8b2dy7iQMLp6qpgxMTS
0,-1,three___,_____723,JqFWuBPBgjIeYk5Pa4hTi0ZsW9qBYdP36PI0B8k7LgxG
0,-1,four____,_____724,wFL1HY6B7FzqrIhuKsnZv4kugFJfWxg8mF0nHhQSyi
0,-1,one_____,_____725,O8WEfeb6q2IqCq5TIFsqq9uA0DqJhZPl4VVUifURzTmJ
0,-1,three___,_____726,3IAo4uXnXTsHGu7967X4LA44OBdlifrNNyyQRdQbK8c0EBLFjgJzV07O3C3D
0,-1,zero____,_____727,XR93vBVCrkkkWTD4Xf2zX34A6UYBHNO6TcFpoYc7VMXdh6jbfLSW99Gb
0,-1,one_____,_____728,WKepvU9k2D4laPYc4rb8neZO5I9UHASm5dMbkPSXzJfpExAS4kpRKpOCZvuVbc
0,-1,zero____,_____729,IRiZsuYlKIxXMkZhNBnMxFFMKiUpMOVNvm9x7PBd4kk3p
0,-1,four____,_____730,WeiyalZLt4gTgHhMTc8YDLYTWqzEkXEYJQ4RoSPxeUvthSwA2JbyddABJfzBVLc6
0,-1,zero____,_____731,0K1dkd236ceOd3qZmahpgDk8boISudgm67pJjvXsfO5VTJ7b
0,-1,two_____,_____732,yTHw220DG3VhlG4Itt0hdZorTW8q83skW675YkwVC7J3Lw6Ir9FFcHRkyD
0,-1,one_____,_____733,Oibfju3EILRsp9VJ52YN73340BWf2zXNJIE6ucqkRyOmm02kwvIdmHUjAt
0,-1,zero____,_____734,623BD9LAHehax1o66DSgnt5ZUz3pBsE3
0,-1,four____,_____735,5YsbkbbZocB5K9u9JhPy2VWQc7ZjDoP0qvKxWyJFO
0,-1,one_____,_____736,cBisXPf0Ug6zH77trGq5WUFIX9OdrTo0vs
0,-1,one_____,_____737,X9264XRSxFPANDHWiVtYsmBD0dB4006csk
0,-1,two_____,_____738,FHrfOuUAnVfxCzbfYkJzj5FZXtvDSMA7kC35w4KOp648nJGgMMIEO9j3tzCmZ7
0,-1,zero____,_____739,W7AGQxxApq4o6SPYlJMgEoMBXv2hukpCwgDbu2IFdL6lnIi3EIM0lL9c4
0,-1,zero____,_____740,ZSQxFRiGbZ8oU5kssUg5Pshg6Eh5vERg2b622PDSYiffFZebIzT1
0,-1,zero____,_____741,nWaRKfwh0i40JSB78f4hrGWJZh2fcJZhIzPHwgULb0TG1BiI8NXbm5zklJ
0,-1,two_____,_____742,yIhdbgbc4z6AQb8DQPuPtd1deKTleVhje9gmZfqin4O2PC5R4r7
0,-1,zero____,_____743,ipJxSiu0x2IXIibGASyhuxHcM3xVrcpH6LvZPoeFG
0,-1,three___,_____744,iLHR4sur8ZyPGVztQTpCnQV8tYMwm2QnM2y7coXoS6PrpkaTXvOjtOSy
0,-1,two_____,_____745,YKHTnx3cPoA9If9nUheL9ghMBsFPlWW4BDsrIZ4Q2wqo13sJH6Ak
0,-1,two_____,_____746,OcQq1nttGiGxBxMe5ZY85PtnUDYM7iKlceBNGLkIuHAxdPjljn5sZ1X5
0,-1,three___,_____747,AhItLOhnVXMq7dxl5e5KXCihXA8iyNxmsoCjG1Yfo
0,-1,four____,_____748,VNjtSWonjdF0q7TpSUi9mB5yeAQU49RRTbyDb6E
0,-1,zero____,_____749,aJrPxK9WuxB6pRpJ260Mi9MdOttJCkOodQzSyRYaBMh47a6l3Q6EDCL
0,-1,one_____,_____750,fyz7LzZVOZRNoXptCYHfoOVF6yDYwjemeggHcDvsRFS90W6m
0,-1,two_____,_____751,5PqTArFwyt6xrV5DLpONLvNnXYioRpse
0,-1,two_____,_____752,GH5XPQe0TiJETwhOmt867ArvzgS4N4TBAyok9nIFmslACrWGkcGL
0,-1,three___,_____753,3wTHifQo1noIHOjunpLtgx593nEe4sS8CaJw2KsLpVmXPs80AOMtLxnWmA
0,-1,zero____,_____754,fwHCpl0ypcDjzpeCv9Sy8nM0G2DPd92cnZzqY9xaWN0FPzx3IvVBZIu4idoz
0,-1,two_____,_____755,jUiLtHgNUaVf3T5hW5i9FLZ6zoC2mIuVXq3lKtTbJqdDtldMo54isFuVW
0,-1,two_____,_____756,K0dlATun7xOA9imUJrjP2VxI5u1BYgsPQkMFWK46TkboyN5EmTi
0,-1,one_____,_____757,wHmDqdIyDBx5xYE6jymL3DithXPEAxM4cBqtZtznL2EjbbM2a026VtfDlEmT01X
0,-1,zero____,_____758,6QpSI4cE6RazCwMpKAJkVF6sUCMMg4Gq45DhTxltmCP00h7oZJZ4FJVbrx1DvUeJ
0,-1,four____,_____759,jKUn6LWLt0lX86RHE5sVVCeq41eQMBmm7yBAhuMffu59oUOb1prkEaZZf2GHD
0,-1,four____,_____760,hncKMjn1DTpJOOvtn3R45R4HgqmUmRcoDmEhe80ErvLa06RtU
0,-1,two_____,_____761,MQraecb5V88paV0gwBDbVTBPX2uwmqU8v4WpJA70o4OayDYL2Jxtbmda
0,-1,one_____,_____762,cORzi2RNAN007NvMKwA2hSAge3Z2z7UfcoNhfSsniUxyw5wW17t4VqLnj
0,-1,three___,_____763,bJm8M65hpcGCQk9xNUqOqHkN2hKrtzJxSbW9R1z668CzeVEd
0,-1,zero____,_____764,n5J6GYYqIFOeeFPyFo5t62yJSYdEqzV3nVc6pFZkt4jVtf4NQno
0,-1,zero____,_____765,A47Evhw5vSQU6kcOkovoOghhjwfDIrqsURO2Y7bwA2
0,-1,two_____,_____766,Cv9ZGwV6bsD6Uk2zOxSjkblF5X0ZHIudRsdNzjnDHVS8ge6otSvRj4TrJsPz
0,-1,zero____,_____767,J0jq6qVH9COro8k4dnKXz2mvYN4J6sDm9bEUzKptTn
0,-1,four____,_____768,ePkVyR9bAax5iqHJyM23R5YIQbHhsmfCa95vI9KZuRwEisf9
0,-1,four____,_____769,Oep1KO96jQBwIq0ouvgZSVLIsrR0TwJUC7I6mF9XQwt6tsXD1Tk6YMqFvHDcsTr
0,-1,three___,_____770,rSMNdiZCNRRQSeZUvKC6adFtX5usp0GQ8c0UR0
0,-1,one_____,_____771,tcUCuqIVQer3RiW0znAMf4UzX4joMpIGskostYtnLZt6ifxC7b9CI2uJ3W6OyC91
0,-1,three___,_____772,58aujdXImFui6EAGEsN5ZKySmDzUoXqNwdNUYjsrTaOyYlF5VOWSbOKiPhcZI
0,-1,two_____,_____773,zt3HqDAJ7B1ZHUT0zst3ytCQRgdu3oK0pmeFeNmgOxmRls
0,-1,one_____,_____774,pIsAKdAeDIOk2y0F6AwKFAPokL0jxFpXA7yfHMJtxytB9gHn
0,-1,three___,_____775,QYuuoNYmpxUH0WMNkvxUkOK4IQTMuOTNX
0,-1,three___,_____776,j1NrCNvmslF7c54FhZCnMtMBBgBPfXFIXfZkhTy05CIAoGjUvg3VDb7NEwTGa56
0,-1,one_____,_____777,0Sqyhq45MEVrzfUb8bfjA1ofQhToPMNPqnwizWc4s3dQolbRAnSEInkdDHQzSV
0,-1,three___,_____778,Hz7uFGp8I8Y9liVHR3Fxi6pWDYchh5W9
0,-1,four____,_____779,YKPzJ7XlUuHyCBRHFE8SAS48Z8uAryCnGIK2w7xMivQh
0,-1,one_____,_____780,p73h0LNUwCSWJ5PpkOGoD6lTJHD2WQ3GogaBrAF0L4qTfwxIDEy5kdR2zoPNkdK
0,-1,three___,_____781,MxpB5Q62DYWuIuaxzOyJJlMhNd2jMASpKWoiT
0,-1,two_____,_____782,dRk7lSsCRy9Rmy6NOgvT4hCG623VsZS9c1c6RBn7sN3
0,-1,one_____,_____783,5NHCFZTFdDE9Wzn5R8F4gGrmMbze9wDh3UbBMZQvhZhoP
0,-1,three___,_____784,E5qacsnk5JTctE78KAZvU6E82oasXxgh
0,-1,one_____,_____785,TPm9toBqwKsgwKVL5ueVD7lh1JQaDHjLUnJuL37kXHu85SbshtwaO2f8cZR2G2qk
0,-1,two_____,_____786,kV5XTonhrYFNoi0ArqrsJT9DGE7Og4qPxdLjHOcjBEQ179h7se
0,-1,two_____,_____787,kQjeTEDxra2oLdVHXzPUAvAprl9kGFfZbE
0,-1,two_____,_____788,gIB4FYj2eq5yJuWUWoCxfij8aTdKXuGMvvATzyTWTPpILMUd
0,-1,one_____,_____789,dnLCVhxQs5eR1BsROp7d89XtlR67l88L
0,-1,one_____,_____790,cf6Kq1ISaNSRSackHB0EtP593RPBQGPS41DxbcSq8DOD4CywEmPcYQYBBCJ5oCo3
0,-1,one_____,_____791,iYnvIzjdMzhHC5lqSgklfJDy4ivNYskJRaSOxMxqxJbFtivrUDwpI
0,-1,zero____,_____792,SlqSJb7S05GNxdNPCnRmpEzP4u32x1VaIoaC1QgwHcMejp0Z4Vaxb2ZkwV
0,-1,two_____,_____793,kTiO5tKUzFbuA07FkhJuotsMy62iCWFViusisD9PDkZKk3p8jjF2UKo7
0,-1,one_____,_____794,STzhZ8kAOEDFPpwHK6FsMTJrexZg90jwjHhY
0,-1,one_____,_____795,jGyMTBfO88n9gQVVs1ZWhxDMJZWAull4JX3NS5geb2Rv3bsVw1UYsELMmM5bW
0,-1,one_____,_____796,MQLjyJZsOyt6fq79HqFtxLGBGaQHW118NJO42KBTdhFbK
0,-1,zero____,_____797,KjdyLOtAui5c52DW6qJAAu0Lzspy2uatbTom11DarCb8HigmiLri
0,-1,three___,_____798,L8GTZAo9P2DzTtV9jNUsKE7OjJQS8oL1Ws9rzQb9wOD5ANp1
0,-1,zero____,_____799,LrNFs8n4McSsVPZW8Vy8hKXG1Tj4udQLDKHWPzw79M2T6Kyeo
0,-1,zero____,_____800,CXpLOsnYvzEWfPfx6QLovwbCTqJ6fIw7u
0,-1,one_____,_____801,oLxrl4VQf3ukYz6JEjaKPeX1eAQePzkI5Qm7Kc
0,-1,zero____,_____802,yhI1L1V7jxOl5F27vBIShKfw6cr4m1sveOjS
0,-1,three___,_____803,8Yjb2lJJQKjbmFqebdDriZrKjOTLonjUSmHEg3PWviDP1c7LNaPBYpgfyUS
0,-1,four____,_____804,7qHnLjRCXG39Cb3WiHIBhwjABrdHpeE3XcbSLg0KQb
0,-1,three___,_____805,9q8lQr4BzjSuizWAMcjMxP8uBDoYT2o9aAruV68Du8wb1Aeu3Klh2jQuZHL0c
0,-1,three___,_____806,y9rv1AU348qc908FPDk3yy2TMBuImoA3sITjQzmBpieGG0WfPvmsjEVWxPpc
0,-1,four____,_____807,lFdBfTjm4Ccj6KguK2sFNg2khaoUGvYwTbU20fqfKxUvjFYqJu0StY
0,-1,four____,_____808,qD5O431E5OLGdu57EgwjNNkwNvKEYI09
0,-1,one_____,_____809,5xZzTVjcGGQZNt1oqWqGaz4ehbjc7KZGsh0EBanzKI89v0AH8vkjEUybhJcDqKhL
0,-1,zero____,_____810,JxVfCUmROZrITHATyPZY31dKWKoNB657F
0,-1,three___,_____811,V7qbhep0H9fK332ezdF5K5shIKtKgGwoL0dweemhKH7ckoLMAk0pskkk
0,-1,zero____,_____812,hVnP1zTMJcEHdYLSslQSmZDozxQYGq0E27v
0,-1,two_____,_____813,IhkOgGEDJlDKVN98G5ejVyMBlGokN0no
0,-1,three___,_____814,6KxnE5crZha4855nYprVW94UeXuStyRxrHk8yw0h8vsjPdcSt8fi2mMSchX7
0,-1,zero____,_____815,SX47ofudnhSp4YV4gX3NUxNM2pWEmFiN6dP
0,-1,two_____,_____816,lmbGPdd0TiYeJITWcXD6C2PexpQsTrdYEYw5lYowUmgAAHtaDGOV3x
0,-1,zero____,_____817,SpSKtk2QLjioZL663W3yDeof7rCULCYoIUdz
0,-1,four____,_____818,2vU7aID6jSX777MTHwef1jHNkW0UQN6Lqtn0uCre1vCeW92CAyYuQUaGoKJ5b
0,-1,zero____,_____819,Jn2wUQ2sdI9ahxDdoIH5Tt9QNDKbgKVPKWjQ0ZnpoX1itQyimBQM8eEGJ9DBwnT
0,-1,two_____,_____820,acemuxTrVJypVYukQ01sj8oNL0fYKXvrAABmcd6GlSABGbi
0,-1,two_____,_____821,kp2a0AEhkfXhKW1nEX3OXUkRyZtRO0QNOB1LvhR0eCAzo
0,-1,four____,_____822,cJc92sPeKxDwHjGrbxL3dgyiLFhEXWsNoWtF
0,-1,one_____,_____823,ggjbGN04Pf9nfr0wZh5YiqBJa2ghSAgs4BmGQkrEo2ph9I7t7QG
0,-1,four____,_____824,ADS0wWcKgbJ9awF4BL0X5ke3w7M5zs5tnaRwHHufXzHNwogNewedaVK
0,-1,three___,_____825,U4a6oGbXeNlklWfcT4O9dhFHeGeCGQtbLQQa
0,-1,zero____,_____826,ffs9AQPBrDsKfY045ovxp9dtLXkxl29jPURX7LeaIg4Uc
0,-1,four____,_____827,mjIc689jyz5rY2ZrzL12FD5yID8aFbVVFyMzrpafOBYBxCSF6FFNNDJKhT6Q
0,-1,zero____,_____828,tUmEZaDmTq4ikSMU1aYvxvMsb3vYs6sVXfZU0JF2VLpqRHESl3tPJJpmJ0kZ5S
0,-1,zero____,_____829,htwe0U2fN64wq3wzNGVV91dERswt2JBYDCqxFN81R3xQ4RjHaPy1U4WXYT
0,-1,zero____,_____830,4DpOGrt2kNJNnDUNAKuPLxfsY2Z1unDDNY
0,-1,two_____,_____831,mQqCidYnIRgGkGg36jO4aSY2WTZBNlANvJ3yYQdpVthbVSJcpZP03AiqHPWVu
0,-1,two_____,_____832,tswBaPV6LfxpNwmuI5kiE3n3OSg6nbUuEqvFz1
0,-1,four____,_____833,WwJGYk7U55USYG8avNCYSYyJpFuChGRGCv1auguG1XTutbGfSHInF8bxMW
0,-1,four____,_____834,e15YMPVI32jIquO4Pbo16RzCIV9P6RQHbae31PMalTXosArMDdC7TPfQu6g
0,-1,two_____,_____835,uOtvQIfNRQAw9vLcry781HbDsgIkBBHoD54JFO
0,-1,three___,_____836,sRHMO56JYvxhEfamLPgrr3jbIy0BaeDlDeFsTlTj239oyKylkRqLkCrPQ
0,-1,three___,_____837,KajZ455raIWn68mG23a04wjAG1CYxdSLfyF
0,-1,four____,_____838,9mvNRQ5Eo7EwQaye8sVi3p3gZzfQebMGKJlH
0,-1,four____,_____839,CfQbqQAI6ayXuwln1x9A7GU2M4UamiVpfNFcEAWUn1gvz59pDWsPkNlOrVq
0,-1,three___,_____840,dnOELByvE8UIQpHieCQ2aDbkGm0FXVGLIeXd6pR8iKr
0,-1,three___,_____841,204k6JhW5GU1dHpkTObLIGpgucG22jUeJXB7eAnJbhreYJMlFCFmRIcmC
0,-1,one_____,_____842,Rm4Hy8b6chAYNQPBGGKU8VXyoXJPe7v1y3UzLxA
0,-1,three___,_____843,EAqHzo1vWkcTXnAIL7lgstJCjJFmjpjo
0,-1,four____,_____844,hj2j9UiyEPvoW3ncmDwLoB7OVwOTfh5VxCz82srCNFdmXzbHAoIKDwC
0,-1,two_____,_____845,8cItkX4bBIL5ofVzbBHfrgkCU0NkHDs1WRjkjQW
0,-1,four____,_____846,vs2RUY71MmYMYt4vwpPwto7czAm7ybUOZqngajbBQd8YXDHgqLEGOEq5bBhXDYl
0,-1,two_____,_____847,UKILyLvTsTi0bnKrIyIuAuPW5vexdAv1U6YjqYTSRzw
0,-1,two_____,_____848,PVpXlk9Uz6uxGH08EcOfTWkiWOP57yW7yJnqI9zx
0,-1,one_____,_____849,1gDos0FXWwpnxzSDc93VAWykNzeKI74pt6kIhvxnQzTCNKJajqrzrq
0,-1,one_____,_____850,vOxGXtXtuZQJaSj0pjPDP9pEsZOJepPcGopiR7A67YjTWyaua1XBEhy
0,-1,two_____,_____851,FcZWo4JSj7hXrXjklmUinL5BXS0uLYbUCSwoBgQ6
0,-1,three___,_____852,nUSEhjzWW6BRNwO44XWtHbYF1jEGDUlD
0,-1,zero____,_____853,ou7Oe7UvLvDRKD1eYPTB87tqtSWXRJDgdlOWbpendmVB5SDYeh1F
0,-1,three___,_____854,W8boKh3DulHPSAK5dpfxA7JHmDJOfHsaTrEkezd66a8DxlIy
0,-1,two_____,_____855,yWW4zd9hswGdn6SqKF9RkpytyhxFcoXXSWMR4pveC5EHnGFKSXT7Yf
0,-1,zero____,_____856,JrKS8TaXqNz9oj6LfQyKcmMpkZ8Bo1WF36ZtKgCrpSEwN9yqajfKo6BPTo
0,-1,one_____,_____857,U7UG7pbLaNnvN7MqxzKVxrPVZo9XBdP2W9B
0,-1,two_____,_____858,4X8ICAYwZ9VsVgaMoV7hm54kUBL6QpRgaeHjbXl6Xj4QxMCpOdq
0,-1,two_____,_____859,1lm8oomjy8VWg0le8LFFonS55jlVQXSTj
0,-1,three___,_____860,rxcvKoN6yHnw1WvaW2SHL4X4davmsQxbCTzvhpQqTgbKYQ
0,-1,three___,_____861,MLo1cjn0y1lYJa4fb2Jz0LPFfQ3TD8lAyazbMPzPJNLoriL1YiK
0,-1,one_____,_____862,pI0NVP9uSpQHvPNKOSg3E5HCBA8iwp4h4anhKKQM0z2Ycyf5AVbv9FQsjdg7
0,-1,three___,_____863,GHIG8SGkKzzUOHwReTXKmbtKapBojzec9V5qCpDoFeJn
0,-1,zero____,_____864,zJ5q7ls4O7tk5HmZrnDLMBnoWYr3pT3MLP4JOywNebaTu9RPXIZc2r
0,-1,three___,_____865,jWTFIjHy1mKfRwF9whABrUDfADC3xcEqFGBCe7ip7AHu1Ke9jx
0,-1,four____,_____866,FYCs3l4ESiHVLg8g3WzLPC97bxvv0sGsPaqRWi3fh9wETZJRyQcvneAReU0x
0,-1,four____,_____867,oMcbNzu06oj9VkzYYhtl8Gd9DWYqr8637wfrMA8CSyVfMKWpUL0ZIAmx4UqGi
0,-1,four____,_____868,6sjdouO0X5ZpjZ6dQr1Ci2tiZJmbQJUNo5QJwy8WifsD4Hm7Z6yK5LYul
0,-1,two_____,_____869,cRHrfzAOFlBxQzITCFM5JWDYfDXCfGaq2
0,-1,one_____,_____870,hXLIXjc5SwIK0r0QZBi9wUzZMoE1CawqGcJspEJH0sQG2SgZ4C6Vada
0,-1,zero____,_____871,LtmV96hDKmfLY01r4Rktw557hJzGTSNmYJDOm6xtyKzjuZAGZkb7N
0,-1,three___,_____872,gdpqHTvo83oPhtdvj20YFltbVscNFNAPrNBO3PxwuyrnLcmTmkKWUZG
0,-1,zero____,_____873,7Ad8a9eT9vHoBDMkBhNsaW8xX2cX9iOhuAHS6pYHPI7
0,-1,three___,_____874,Gu3nOh4vA8ce9Ref9ssI8Xvo9i9u3sfejF
0,-1,one_____,_____875,Q9YzNQOKrfF1c6zQnSPeS8w8IlpCM80uPoiXy3O0tI28Yd
0,-1,one_____,_____876,aQtPU4BixuSAxfeB3CnNVHjSmKWzwcLe
0,-1,four____,_____877,f7KpWzdePDnZqrxm8bcD2AgPHhPmymlBjBvRKXQrZvUTDyhDQWwjJhx
0,-1,three___,_____878,LgWOzbZCy3GOkphCiLAKG616SB6xcz8jAM10K92fmVgekebpXNbxl0wj5krC
0,-1,four____,_____879,RskI54YW4G5uUJH9fCScyUv8AczxoqnuOmTMAQ9Nr64SehvOTak7ExeCg0ZPqDk
0,-1,zero____,_____880,AR5uFwRHodXTWjsYN0cVjiJG8jVLew9kl83Q4wuo0hrpio4JxmYY
0,-1,one_____,_____881,aIDRn7tlwdF3G9OrQ57cDwkWHyFnY9a8gNoMe8EoMavWPab8gxQSc
0,-1,two_____,_____882,lJMIHNJB6QnzzXatQdO7lkGc1bxmKWYUWSqZCp7TkHu1eBkVz5V31s1Xv
0,-1,zero____,_____883,IDvFNQHDMuoJCL1GJNPHVTLCHhitOvPPKKo8Ihqq4W4C4av4O
0,-1,two_____,_____884,B44HOzeMcvdfFi1FbIOnQzwS41WWzi6iKKH0iNJlTUHnKr5yzpW4
0,-1,two_____,_____885,BHabi7KrDaHLEP8dTXJf2hYNYmOvpmfIjvpUp1L36aNlxWdu
0,-1,one_____,_____886,0ZxXTuQ1pWtFxs4qwzvnQwZAovqnuRDgnqSMhbH
0,-1,four____,_____887,z3YSEwpe6nrGu5TmNRlW4NQQFconU3AiY1MwkzT8YpAtHc2yTRA4DNVcL1JFLae
0,-1,one_____,_____888,AM5WqLgEXGs6nfsfQM8vtg4iElBweOtWI197x
0,-1,one_____,_____889,4LyXwuU3jnyJcoJPLcaqmDxNxVY21EhsdwB3TDu9WMmcuB
0,-1,four____,_____890,Buf5HN6AC1vvczsRKKskM3ej6N0KUzzhYnpZ1un3lPUO
0,-1,one_____,_____891,delgqaVNinZar1zhVetEspb5NQvEOmGnhVi31L0hhLY2v6
0,-1,one_____,_____892,qlZLZ6P5HqsKa1jn66lm5Wybox5l7NN5N4sWigj8hyTLsb352psZyuh9jXWjB
0,-1,zero____,_____893,FQteBym3bqeLo8OgOyIZimiQ3AWDnyKY4Yc38trqPp7bITlblGCed
0,-1,two_____,_____894,1K66jFHe8wYUCWxJNuE0P9QZsEXeJyQe8Dewx
0,-1,zero____,_____895,7uUtuHyH7AD4Qqz4uhvvO8x41h2GpvRWKPjCdE9IXbvrHmS5HaKDqZ4
0,-1,four____,_____896,TThhbAVedlJaCx84R5qW54F4bwYsNwqrPYnE1UzaBLBWNFRdYPBiQ
0,-1,zero____,_____897,pTacTDu9PGQzav7Y4kk44zH0Wl3uatNT4Yg2z
0,-1,zero____,_____898,bs1D87lVe45tZlPSLxn3sap5xDK97dB8sZ1dOpe1MdJsfW
0,-1,four____,_____899,GaCYzMHD4CZ2hDv5wABC4SkDgCzOU9pQ37ZYvYguQ1Boj9GUVWXw1szv7q
0,-1,three___,_____900,ix2FDrwRy3pOChkC2MQuCpm8Zz0Mm85BXGuq32zgrQ
0,-1,two_____,_____901,wDcZGnFgbp5VjQL9lUQiKKMpGODbIEuj2LLGNUTLElkO0bc7v
0,-1,two_____,_____902,1PmnrKQ5JFV2w0HrHz1Y9GQzrt5HtG5QN9ILG
0,-1,one_____,_____903,sPf59R6m3m9A0MQrGlE1EmdNIH1pOSFYOmbFJzleEuEyEwOO1HapumjRcU7T
0,-1,four____,_____904,IzSiieBbxpEXmEj9UrwpgKHBZK9Q0dcnxY
0,-1,three___,_____905,4VI3lAfo0ABUSPjPAgv8ONTzSo1gvPOIszUz7NbYIoGTj7TI4Z9PyyiOhQT
0,-1,one_____,_____906,e46qE8dszf4YxGWT6lmevPDHClvktpwZGXyzvIu8JN
0,-1,one_____,_____907,SE5VPlm29QlTAREogpjHrfpNE46vF8o112601j3tUhWk4A94kPYjxckOPTR0G
0,-1,two_____,_____908,5A0I6XaeJhSgcADkefrQQrFHM2LeEo54r
0,-1,zero____,_____909,nxmpZZWVIdZhIAKzBksWoDSjN8k6RdaVVz6QkR2JHKBbyQfBFsWYBrQu
0,-1,three___,_____910,dSkV7oMw57a3CqXqA6fm60bNiyM02TlO8C4I7wTCa3Zx
0,-1,four____,_____911,YDxtFVF3Jw6lYrOki0YB7AOmtuifEidpaB
0,-1,one_____,_____912,11EycBdxCtkzKiLyJd1rBF8jSpyYvLkokQK7sAixYBoDoZzY8SZo7r1fGYv5
0,-1,three___,_____913,uLIa2kiZArZ2fJT7XQixZGvwL90CnQH6jUGwkBBdEhyNmN92X1nk
0,-1,three___,_____914,rbcIVSLt85KZmiQfOTH1l6yOTNq575U0Nfo12
0,-1,zero____,_____915,t19JyetGaSMqVD9kqY7CzicTULF34n4R5OnLiO3HkD0rGmovnqLxOlvxM8f3Q
0,-1,four____,_____916,H7SSA5xxb0m5ALVdGLfqFMG9NEccx9ssGciCV70e
0,-1,zero____,_____917,E9zpqYIhiMoyVGyraccnMIC5WArq4yVfgEGpxfLyhA4QLcsDEwXEnBJ
0,-1,one_____,_____918,RTSvGl8NBXWUwIBsV9mE6Phy1WsslCvZP9w8BAtiIBC
0,-1,four____,_____919,koJluKGqUNrDbAO8tF3XHqNLGHNYG4T8ubvES3RTap
0,-1,zero____,_____920,FoZI6BEhqKpYHWiQZjJrxAbJqBCYBCXlHEOD4ISBdK7wfDMobbO
0,-1,zero____,_____921,VqvC6F7jUBYaPkuDh1KllLa2LeP1ZNcQlfHuH
0,-1,two_____,_____922,3BGwI8JxZcqotdX9gViik3agMF1OdNXHXQ56ZArnkLqyTxU1rgxeLMBEgYxF
0,-1,one_____,_____923,IFOgpKC9Z5J6i62fSaDw0bu7XUrOsbOcd
0,-1,three___,_____924,w2pzdSodFGEZZj5hNFGlN2K15mfoglahqtixf3UX
0,-1,zero____,_____925,iwpVOK7DJKvS2TEge23FfeFRYeJapHoen77n8MC42uivSYGfcBtoqL8
0,-1,zero____,_____926,9HC5Q4IrG166UaYMmfiZDzFsdnwaHYcAJm9WQU4kzNN
0,-1,three___,_____927,xfFZRQg9UKKxkA79cYt1ckN3Rrx77OSdz9EiGoYpVIw3
0,-1,two_____,_____928,U9QwxcZHtJk73Wp9AvZbqEwJvWA1XBcf38oGBxXcj
0,-1,three___,_____929,lCQ7Swd40XGKClCd1JH6s07Nz1cTFL0SjaYDfU51l
0,-1,three___,_____930,NZ6tlnAMgLOGf38MFK8qDEmaVTZzNH4kzIOCdseOgYntLUllaxV
0,-1,zero____,_____931,01mvUsID7mTOHjz0YGVE4A9PfNt5HENwUD4NnBTCMLWOAD
0,-1,two_____,_____932,uhwBjdFMhBWGVKCHauzC51M4r0nxGgn4UnK0VOiMOtnvHKelw9TWBBru3xNB
0,-1,one_____,_____933,Q9hl9DMI6p47pdPZOIeSG6EYyueo3zsiIeKiqR
0,-1,three___,_____934,PLLebvlZyXtHtR6GH4bylVdWDd2Ls0u7MzC
0,-1,four____,_____935,QrtVZo8LIw13pLnE6qGzZ93RhPWBBvypl9xlEBWH
0,-1,two_____,_____936,fnE0DPJDtZZDFDwmGfWba5vuFz9OzQ5UCTwR
0,-1,zero____,_____937,WGxkHklQlsvbO57pOQoq8UQRZa6GY3CzVASlAP0unyOKlK3WPyMqwloVtA
0,-1,three___,_____938,Jdub6d8EBz511rBEM7dDCAaomCUtxCSh7EjpScGorCCFI1IMp8QbxZTLplsKUfV
0,-1,four____,_____939,0xbL8wlsHi6E3MKTB9qEBBcjlSHtgoaY8HoDPUte8PRF62OG6ujvmpmJMze
0,-1,two_____,_____940,HnWeG24zqRULq0FLn2aJOK9vSFuGtur39C0r3BbbFWUAdaUD0jlr8ecsUCp
0,-1,zero____,_____941,xjmtF91wOK5g37Bzr1pCHE6wO7ZhWm2fVbOZaNXkGhCEim
0,-1,four____,_____942,cPXu8Azxi6UqIFVTdVTRsKtJ7kSvZVIjko21EYjp6QVDK0GHgiuU5pBgL59Q
0,-1,three___,_____943,bhRsnU51AMvnSlwtJMdyZWjpO775X4KpJbDMl8QSugDiPSdfAb7Ik11yAliM2
0,-1,zero____,_____944,OjYeshIm9hpujtzWcJqasLlJCmDZluI3AbQgIWJB7Yb1pqUX1QgGWf4PV
0,-1,one_____,_____945,GnmgoYPimTyqjfjXp86Xhi7tWqWaQkN6w6MH
0,-1,four____,_____946,nx200YL97IzhH4JjaVk434u0fpTec5fPsThUTXFIa1r
0,-1,four____,_____947,Ibpj65aeO5UxKfEr7d3Lv1R09yUDJFJ6c8njZXuEEpldFy08nAIwGHMqSJl
0,-1,two_____,_____948,ZFbnkQPbvlzCs6dv6IbN7nFYXEJ6VUsIze94eOOEu1w0aTLhWVc0G
0,-1,zero____,_____949,FbwmsvmCDMY8CTMsdl7AhQGOLUaYjlMkyMDfrOHLVeseNVw4bo0mAvVYHYNFp
0,-1,three___,_____950,TrwN4jx1iXkmu3PHAA4khx7dfeZaznvBsPngd74u5JvW2DkbG1tQ
0,-1,four____,_____951,00GxtqJCam1uH3ThaaR1ggOwTk2Ey8QyA9mizis
0,-1,zero____,_____952,VJC656oJfawrU7Kt9MCYdZAVZW6QftTapcvt
0,-1,three___,_____953,W9bwkKjGrGfnDN5uCH1pSHsYmiunUmHCVRJAyRh
0,-1,two_____,_____954,KfI7Su1VazaWIje2CLZkoxjWlvCpjSrOphi7mB26Pwhct
0,-1,four____,_____955,vT4DeCueuUiUEWixqNwe62Q2gD6YhuXcOxvpJRnn9QvoU
0,-1,one_____,_____956,hVeuMjuHknlUSMLtuOVHYAzRbtIggqu54c
0,-1,three___,_____957,eSNLbUH0OjHKCiSU1sIYpgrsgwqJ6SiAYZDYv7vMjpnhyn9Dxpdqq3IRPoCDS
0,-1,one_____,_____958,j2oDQUQUtPQXxyM1URl7oZUM2SH5cU29QDtvaglPAT
0,-1,one_____,_____959,UUg1WJK4uBDaqmFUeHQDeTvEWICyd6DFBNUc53LAVDDgQYJfvsVp9J
0,-1,zero____,_____960,4PJxyW0SAEY8rKcqfUEM2OhS4kar7T3nXQwuSifaPNa1yKu5AoxFCtMxiHjMc
0,-1,zero____,_____961,AEvtlv4lowQfxFJWP0VUuZ4ArbBDYIt9HazCLoB8LL
0,-1,four____,_____962,EDCAxofXsv3EQskFzhtWbi0qbTeX1pKYxQWtKKJH3
0,-1,two_____,_____963,sdBVmuohQQTl4lP0H2Y3pDJR58pF0wFTu6
0,-1,three___,_____964,baeyWVNozYmYpVBvjDdpb7BelKWGzAIZ6TYUMMYmuJuNVmt7E9
0,-1,two_____,_____965,VJ4CdfB5YuwDYNmnkNjjne19LQNKG8Rl4aPR2Y3kryPAduGFRdIkOhTl
0,-1,one_____,_____966,BiEAULfUFO1c14gUN7MLSQwqwny8tLassell5022lQ5tYi1EcA7YD
0,-1,two_____,_____967,XTY7IZqg5kZgHASCzO87KIZ7BmrRFYgI5sfae4ddLsOa6IO91N
0,-1,one_____,_____968,DY1zkPms3PTn3meeKYIrPnftd4T7uTst3DCbyvyhaTIj
0,-1,zero____,_____969,6OqhijmZLKmNdgjugRbpekKJuIGj3g03A4i7BuglhZCN8qLG9L9RK
0,-1,three___,_____970,u71sarGzhSE8YL1dEEHuakM7DgdrXh0W2wR8XxLb2J4XqDXB6Ayab
0,-1,four____,_____971,syqFnfDQ1aQ4EzWs5Hsd5Dfhdy1NGzAPZyaX4Sh62oRE4qG7
0,-1,three___,_____972,tTDMPRafbPnDI4X60zlAlg131cr0FEh0ydqXk0ecGBLst5vcdY2k
0,-1,two_____,_____973,Uqsk2mAo0bmJTKbC8pOxq4Y1JFLDn71BV7ruhKfA6
0,-1,three___,_____974,T4zZyYWKAOi6mPA2Qxr6NUYz5zYDBitSWnHJh
0,-1,three___,_____975,j2me6biUB3yGw6bxVeQ46vZpRlFOJlLthmR4wzox4r8bShoLtyc5Ra3RrNDG
0,-1,one_____,_____976,Cw4YDnvecvy3D1UEku9U52BjbUg1joHQadSqnGohfsw7TpxUhAWYBQZS
0,-1,one_____,_____977,Vlg3fcXPvvHd8jwnlIavG8IUQMSDVZkHkRfpgfzPOnZKl
0,-1,four____,_____978,QV6M9CLqakJvEWo9EqPHWLa53PLnV5joTmb
0,-1,zero____,_____979,vKh5MjKKGqGP352Wp7pH72zrwAkTGyytxJndWz1GDGgBM7rzjwDXlC
0,-1,three___,_____980,QQAF0ve521ZdZVueTLU7vTVeANoxUsqP0DVoxvhyE4B7BCx5r61tZiwrwYgQsFX5
0,-1,three___,_____981,THWc8F4jJgmo9glUc6vy3pgOx11lH27Kf9YK
0,-1,two_____,_____982,qAcML78BKq7c9ZBpFbXECoyxx0JN1q6fpNqnvWkHhdwtcqHusv9Op12wUv
0,-1,four____,_____983,Ac19RY61ZcwUlhiEPf3CplOqvTj0ByPeqDZeOTWNqfnLKJmScVIxzVeLTVqzsxHK
0,-1,three___,_____984,PWFbbd5b4PnfyU4zO0MUfKIuwZx44fBnt7s2gokLYfbaYBVM9jWK2VUL7wehL6d
0,-1,three___,_____985,9wNESH0cLEAcVpqmcxckzuVCuGuARAigD2s3Q3FGtAbQ8PXAxQR4LUgP1
0,-1,four____,_____986,qPbOKL52g2kw2upuophNWDjMLJbe4eux02IqoIyzPZop65cXxoQBvla
0,-1,two_____,_____987,iWyHOt9rLOJjOjQHxBSKi9aL0WoHfGHRankQoJlQnQXwuGEMd0wz
0,-1,one_____,_____988,Huiiv6OUtgnCSPiMwtQWM7CJkE0OwlfKOXOCWbDee9HkxC
0,-1,one_____,_____989,IALu4GoRS7yp3bz7PYQQhLJSwovbok4LZm9g7BgHT6xPJ3axsGJu8Rciy
0,-1,zero____,_____990,5aqMPEkb43eCO8xwgQCy2hvszO91nlWu4S02
0,-1,two_____,_____991,ES9ZtocPR0AP80H3RlCD0bOHxZHYyi66cl60LqEoRkXfMP8lVERBSuv9x2gfCW
0,-1,two_____,_____992,ikPCQG9MXIPcDsGzbjYzVrOz4AfS8SDoTI7d4s2SShwnuh57Y0HRpRUlUV
0,-1,three___,_____993,gTC5IXVAMdmS66olPNiY7ml7ZiSfpm51xW6ZdSK7Jz08CwmPFsnb
0,-1,three___,_____994,SGkN8OGTqLaOWwFpm7mQkDnMtjT761wyh3loz6YdHzcD7
0,-1,one_____,_____995,OUNn85vi5YRPxZeUK7jC6WcFkL7HXUhZpXJyabEK9zUr
0,-1,two_____,_____996,5rWcqgUFDWTofogzynTp8tZWtarUq9LVvzfFWimrjdj9EeYaq8e
0,-1,three___,_____997,b4TwAgtGLfaKtxqBGu9KCLRwhn5Z70gFcT
0,-1,zero____,_____998,TvfmAHd2JA9zsTjCMpjr119aYwDxUUwpsnBGlfDSDjGmWpjEPudxUzTNfvAuX
0,-1,one_____,_____999,SCCRcysH5KiU5xqRspd1KFgwqBIFtLCMFPsPR3
0,-1,two_____,____1000,9KKBVM2dtfCzP9TxDvK9cEXMSqL5eOxsEZcCf89G6eJMMj67
