779,-1,four____,_______1,KzSiwxwWzytC7VDzC3q8eC7TGqt9kDywT
897,-1,one_____,_______2,BvZIjoFP8iQYKNeZvxFVfTqoRjcczNYzLT
902,-1,three___,_______3,P39Ph5Z5hQZcYi3BZ0vmfqIKBCXZowLlhViyV2MsKQW2s6e6T
887,-1,three___,_______4,2IJ3EPesG70MjUR3JnF8HbmIT9U6hxyFu9hJNLFZYEHSmBS05Gza8BekGkgcnj
999,-1,three___,_______5,8G6WzsQFYEJcNfgly4NXOi40i5DTyorOrJxkgs5lkWDGxyYRg
869,-1,zero____,_______6,TgSrsVHDIRiHTlwIbrp6KkhW1jRwpydAAojya93h4pFOR1G89CSvpluqL653Ln
894,-1,four____,_______7,hMNqgv4unUhHBp2DKNkXEXHPa3WrybcB
901,-1,zero____,_______8,S1f8wTusrruUh8SSJn1f0T8jsmTs1WoQ
827,-1,three___,_______9,z5xFQqIFNXaoyZznalEIe8pZOsEb5R7oCT93
863,-1,two_____,______10,lGdwvkK11r6yDNquSe0h0bZMBZ4MxKsczhoSGXs
983,-1,one_____,______11,8gJEf51UBNwQX8ZUUXks8Oei4mX7H43j0B
925,-1,zero____,______12,u4U9dt1ctNo1sTISOfS4EXz94IhTznrhd1WjQlxJoDm0St4DDT
983,-1,one_____,______13,f00wTA1rcCy2AcR3aqnwycOXFfDiUICMn2uYbHC
744,-1,one_____,______14,ycRgWXGAIfwbslSCpYk7I9xsdnT4ekDnFNyKV
935,-1,three___,______15,GUgWp5G1X3SjBcnkzi2PmQCrtQuK2ttgCVfTKS
954,-1,two_____,______16,FY7UX1G8B2QOYFAFCBVVKBe0td1MSjiyORxZXCXBVpw8COlONc1Tl
879,-1,four____,______17,bve00U6vSpYHFjPYbEDjRLoOmahD2NMUqs3dKnQ
905,-1,four____,______18,waIQ7jcRyraJM2Rhg0sCGTpWQl4OZtGXfzBaB8A8zS8GejP8uG0cyKxj
984,-1,zero____,______19,VHl2boi3KBNokxwEZpRk0fbMmMMdzfFEamWTx9Djcg0zUQShrNi4G7mYguAXisY
978,-1,one_____,______20,aL0EWDvjEg1btaNmwyFAUaQd9lDSHlCujsw550jUQS49nC
854,-1,four____,______21,81DqFvkpLBIYR6OMAf1GmeMH47DJ1mbEjDslGrv4ZX8uXC
976,-1,zero____,______22,s7tW6PH6ZdjdVOfIbTFYCjlrgjbq15woZHl6
734,-1,zero____,______23,OZeJwLiiijvOzv1LxmOMG26E2T7NjGSiWfM5ZFIXm
962,-1,three___,______24,ZFfSGEXO1exChBwpAmxy3LUUF1Tu20h5kup19VzVO
968,-1,zero____,______25,7nk4wSuubbbG37Bl4uky7WQJSkFxbqRwWfly8qiOFqUObVhSMe9uQMLc1bw
884,-1,four____,______26,yBJLzM1ebkRdRqolUtw8P9diNnU5781p86pi6J
998,-1,three___,______27,ErExPAwn3NjM2tXoyOVfI0V5oV8UQLhULgUZV
968,-1,zero____,______28,Ju1C6Ap7hi4EqHvKX2GdkpeTX6iyAn7PoOYjc0krUzPIbnU
934,-1,four____,______29,orJLMG3DMS4aIiqWQE3nzQlrMp06hxRIKdQ8Cqt
785,-1,three___,______30,bXsDQfasnynLS8izGVpYSOFQJwBCXRBdK
944,-1,zero____,______31,AufqbdCX3ltEKOwlcMbzzCu1f4euqTQD5YtUroZzF8IZdxefVPeV0Q76wpPKjs
914,-1,three___,______32,5HwIqopiwXyGElkvLjrZUTYzpjEIGnQYlgW4jNFA0VPvhGnXbB5TPiAFj
845,-1,three___,______33,cDUJ715LNL0XrQvut1FOdoPhZmYWLlVP6DNjGd5GpPEdbhQ4Ge95
954,-1,two_____,______34,lTXMktiGPoSjoCe0T7smaSUMr2HiuHSDebYhuSXlILA4fVzlZ6U
996,-1,two_____,______35,jX0sSglve7gAOjckf9tctBIMnIHhF62Gxv6
910,-1,zero____,______36,Iwa2DoS3WE1s9ga076Ye4kuVgG0P5AsB
965,-1,one_____,______37,lHc6UEy1yiwsda0YJOTcYhgui6Nw7kawRqL
877,-1,four____,______38,4G2FvhNGrzAGtRlC3NXbYBlljFoXONdG8QjuCNc11XunDpoGC
998,-1,two_____,______39,sZUFFZnvZF51TIguYQBX4ODdIqPC2uhcYIHlxpZYqg5ngyh0
780,-1,three___,______40,OeMgWdhIMlrOk5eNuxQppCTpk33Kp3hzkAV2F6x
995,-1,four____,______41,nlJ316RFXyaGunaQGZEltWO2C22VQ964V8vhy8CRGiJSE8tw
661,-1,zero____,______42,Y9eSrUc1sj4wAuXkoy7PwE9pYpH3Iq0pbJCkgug3COWab7rO51XO
971,-1,one_____,______43,ekMAw5nyV4DUXdkApUmKTefRzfkXbC83A98ozt9C1WBKHFxG
792,-1,zero____,______44,bl59RzWZ6vhmPDIaJsGs8zKVqBwEnuOZbMy629Cn4pguCVziYppMJWC
804,-1,zero____,______45,SDArPWcVGopnE3Izq4VH96Rwrtyxtd2aHtVyBdcmN
983,-1,three___,______46,GEF6qmGHlYjMjfc2dSx2buNoHQ6RK0Jt
989,-1,two_____,______47,XkrHW7XVABkHwF0qTbb3fF8GCOvx5Y71BUOiCPHUTAwkGBx76BZ3y
960,-1,one_____,______48,LzKgoBQjOgPv2Fp0PEJp59LTastWZd8cbrkWLMqgzhuFw
853,-1,four____,______49,Bl27zkbdZrSMJAcUUsx6Vw8NkAjvLgSCyn6UEjhfHsY2xeIur9xOivOb4
747,-1,three___,______50,C7SU8ZLqhrCIFJTw5bqPiMPsWlnUkMWvrv5vEvgHbRDFHoM77JC3jd
941,-1,four____,______51,RDywtpHzCR3eVgouYeHE7B91XuFdTWoPj2tFwoSRToyu7EpxQoAipGb4Wbi7rj
821,-1,three___,______52,8cDJ1enZnxiEFbl37asCQyEmE2J3KPwu
935,-1,one_____,______53,Y6a2CNysdxlDYOGwc3zSnOwGTx2xZ2LCEwMMWE2ta7OiGeJtgwIQryTP
996,-1,zero____,______54,9oPdPj5bfSeNu5ELw1BANbwQuKgAhjLqS8SiOJaRpwyvHtNAfjK
871,-1,four____,______55,MqFl3dFyDTOtD00pXHXxZXTIZQAdlnPINEb2aP
727,-1,zero____,______56,XcP9djO9we5S4rjt0YzCJoMV7yBpAWRnABFYUfLoOIxx1Uvh0NZ
957,-1,three___,______57,twVNXspLNii9bucXZzOllBbJSwFx9KXSrLRSstYb9Y2kak
957,-1,one_____,______58,ih4nbxM62vpuxWIdotB4JIDibLVgL2PvomnOhrQ10E1K2BtD
932,-1,zero____,______59,xZwd25bwkcbZ1VXYw3wONLTmjhAeckRI6EqfGxvHIs0Edc4sf1rb8JACaENk4phm
992,-1,four____,______60,G5YW9AAKPJxJXDAXrgqP4pKvokkOGClZTaX4Ap93jF5wt5T
927,-1,four____,______61,mePTgpWWzDe1lJtpbNf97eSWZTSxOZZH
990,-1,zero____,______62,4DjnclDhtuahpjj73Gx2wx1IjNeRc6yYVKnwKBYkzGOXJt
806,-1,zero____,______63,RjcTqprymtF8BydpYAIpgjh736vwXP8315Tc8bVwaWdYgXCB
781,-1,four____,______64,Twz4Q57XZASbN9G2PXCfSKMnhc8ZJgYdq3IihTm
990,-1,three___,______65,qJPnmYLUWx6R9olVnK2b82Mcjhm9PltlLq1DFg0w4RRlh
952,-1,one_____,______66,cy7aOch61hQMbs7JtXPDXkK5dyRdKGCFAfQKU
898,-1,two_____,______67,A7jznSBOjZzjMq4JUjrb3KzQqWtNqh1CvO4nH9BmnE
976,-1,three___,______68,srXQVXGogFn6NRtnTlg7qq4ZKhkU2OGE9fs7Exsx3ke5ECQ8BRpmt
612,-1,three___,______69,gTcV4ILtMqUTYEIUPQ34Qb6TQyGPVhxByO17YbJz8vmKwoAkF4Vu2
936,-1,one_____,______70,34Hwy7XqFxuOfQTiEB0uy2kJA5VhYSUZUaXh3FISc0bv
927,-1,one_____,______71,PiUTlp4G3L5VwDBl0SIb4WTxJmHVsHGa0B2kT4hg14MZUJ
964,-1,zero____,______72,g3OREICFiy464E39b1lbgZXw7gMqJyiARPVMSESFOwwX0
950,-1,zero____,______73,NRywQrQWrsioTixpQGRXzeBEaLpNUehsEnzPMpkHJy8UDLKoZUTppDd6ySnln
867,-1,three___,______74,seCys7iLfHWWct53mhgzNA16bYe1iJ8mxZcntr4yCRV7izSjgKJqs2yJsss6NAt
862,-1,one_____,______75,xxE9sYx5oo2pxdUGPBlNgdnTWOxXqUGE1ENQCA0uJX4OOOZJYditkkaLsTGmIEal
987,-1,zero____,______76,SjGAnazCfZuTkJyNQ1MKKdM7FgHs25lpeJinss6
890,-1,two_____,______77,j3bklbKSTiBmfbWtXd09m8rmVLPltvz9A7O9cBPWQsbbmsqzcltoLO6Q8M
982,-1,zero____,______78,r5s3dm3F9UvunpKT6EUKQ5iy2ajhKwVAKtpjqiI
917,-1,three___,______79,xzyxpE1nANHZuMhAbgvWTza2ruZLLvBBga2BQNX
930,-1,four____,______80,xEnBsnZVz0h0Uz1FTveXW2jCe0GHaq8VRxsJLLib1d4qXX4XcnJdb
790,-1,three___,______81,yWqy64vSxxIBPXw6JUBE9vZi3bNcKd3XsFN
991,-1,three___,______82,kWVqt25DdxYhIQ53AUYxsJv7R0GssqoajgDAxGQZCqBlPIA5luzDiZgnA0UYH
829,-1,zero____,______83,3iL7Jw4a7L24qE3hRx31YDcqtNgUqrxC1PZfFVbLnRXRN
697,-1,two_____,______84,0U9avV2043ZDo1mWJCEeWaEg1pti6AdhUoD4Odt
737,-1,three___,______85,4K0bTdy1MEsVTSSS7SkIZQg89oBQCwyZKFwmCZBPPBE58tJYWB4r1
864,-1,four____,______86,rbMoUvGMNKGPecG6Qe359upb9FypLVL0XNyY
863,-1,two_____,______87,535hsMd0fV06zERhxpno5EaSba4v908ffvgQ
955,-1,two_____,______88,jaq8Ra7SgdF2NJmqRmC3svf7bZjj2Fpcr
979,-1,one_____,______89,WbBTItAvZk2OdJVZN1FqBU2aaLvcc8wQx9lZxGZ7Wg4ll2WA9j
738,-1,four____,______90,dnZhpW42GtdH8vLBUAFOSnin9cLgzIQYiCcqs3eG9h1P1tJAjyl8jIFhiKpo
947,-1,four____,______91,TYK3xqym3F89y2xvxoHvIKIawmMGRoBRp5M0eBD4qjEXTtb
932,-1,four____,______92,OHyLflGidKg392SjI41evIJhYVfvdK7IXGqYRSK5UsPeMF2N8G5OePn0
810,-1,zero____,______93,mjmrxkXUtlw8hDge1rznfOVvsevWr68DjmpHVwjGV8ruzmWz6kVZ
962,-1,four____,______94,VtyCNE8ksaewQPziKut16FF9CHL1Kn0IlQ7yZ0FlaCx1ZUpFpbR
951,-1,four____,______95,I8sj0Ir6MkvcXIIKqVh095aWSyRM1l7c0cYIQXYsVZI1RjVTz57OuJ96nQZvpp
777,-1,zero____,______96,XrWscCKUdqt8L8F3Y3By62m7KD8ExEUzDGKAIf7
884,-1,zero____,______97,D0uR03oOIkgAerlnHgZlu7WinaGsJ6eo2HJxFiHal
893,-1,two_____,______98,Qb5P8wyhPO8IqNGr08k4VJ9HcCAqyXBrw9vNAjdBTap785gJWooj6ua
722,-1,four____,______99,piQGC6tzwVUrThzsnMzWQrzll9TfY9aBC44SFsrFP12aJgTfuLIkkQ31aqO
928,-1,four____,_____100,mGTK2eih74SWBrgab3mBILYlhkDx9ky96Drh3YeQcmLp7H7Y
907,-1,three___,_____101,ROC4HB3pz4CjRXiENS1UTpSJ2xZLdcka5dcZ
876,-1,one_____,_____102,QoGYd0aeAmaKnZApDgWCghYVT2z2TOvThfhgt7G8omLl8
990,-1,one_____,_____103,qVeUvq5pBQadpVW4psodtunya9KgRXcO569hl7O
830,-1,three___,_____104,niFTf6q1UQmgEl4uN7prnKRWVCHmV7gmHkJCSdKoGVZt
868,-1,one_____,_____105,a34DnFK9foTrKlTxa6YaWqtTYtSStnRqAlYkP4ioZ8f
922,-1,three___,_____106,h7cre0taBXTHE5S5mjsov9p3CkUVxLPrXIw
976,-1,three___,_____107,aErIyjd4sz6Cc0B3Lilwr1IVDjBbLxEKN34FHpApb6os
837,-1,one_____,_____108,y5T9upJzCY4I9kg7VCWEJk2dEKyTdgmtNNLFJ5gC84b3V7d9xH2Gr0
940,-1,four____,_____109,M3v3wK5JQV0E6WBvslxFilgmI41qmg3b4
998,-1,four____,_____110,5QDgZ8iPEx0Tglqzh16ziofMbZI81uaIXgVbjU
984,-1,four____,_____111,OosQRkdfyzcVIzRKjwvauLJWJg54g7zyD8Ey5LzIy6jY71Eu1VHKoxeYy7FFM
974,-1,one_____,_____112,PaYxEWu6Ecuej2zEI8yQqbhj3L5KZvPqF5Elt0DQrxgJsPLxFFlxEQjknURP
979,-1,two_____,_____113,bqqzTEn7eGF9hFEBc0ZKLnRZFZJTdKPPfuah57HxSa4L4m
977,-1,zero____,_____114,NuJRjYdWxo48EqyVU7NmXVZhgxmE0iTp37g7jfRV08
882,-1,one_____,_____115,bhAkvsvDYyhrZy94GtsXdIJqzozhRHwJhJUahJjLm6Uj
940,-1,three___,_____116,kmSCREjxbEwQJATtqtetwpNAprO5sLfNTk3lt3f
987,-1,one_____,_____117,tQJZV6F8G6XfTIXdpmwqWAnKLSjMBxHsNBHYJjC3
772,-1,zero____,_____118,p9Ehu1lpfoxdfciglHYEQisfzq8b7CNC4Q31LI
999,-1,zero____,_____119,SLhMvc3hXSydFIOGq7NB9zuePFOldEjpKPtI9JBkYwuv
974,-1,one_____,_____120,croEUJTpPeKDOD62kuq2RG69PcOXIzGvziHc6DmnKNcZTN27YR
972,-1,two_____,_____121,q9MuCDfUnlG8MUw91dDo82DrbTfmcBz0MtFShEALPB7eYwJQLWpCOKlXFHl7XkTL
944,-1,three___,_____122,whukrjfsnK2PvJ9NrE4INhguCqp00YEJ86errbpU4MUnvhzG4ZLcKiWX1RKHfXz
788,-1,zero____,_____123,kdFEiQVk5VTB3lA3RKqRNWHuSyntiDGyxYiXguWNafG5R9rFpxStTROmUCt
996,-1,four____,_____124,tCEvrenL7StMC1DWbSemRToxxpFujbNC6Gz7Ri0oFSm7G3VHuXGcOs
813,-1,one_____,_____125,PUa7x8MOhXaacuAB0iFpyyPJNK0AMKoWcSSGRLXwo
961,-1,two_____,_____126,6oCSdf2Dhs5tqIPCar0h0l7EmVGuQvxvihujLZHe3OUpkkmmGnpfHZ3xvfFJquL
952,-1,one_____,_____127,Pn17URrEEZFh64wxImABhNR0MD78KUDmU79GWmHtBqm4apu50INYy8
982,-1,one_____,_____128,uObJX0c3oOZ71rkGxK5SKETHgEOb40CM9N3KfYhc3Ya0pvT5BK1C
991,-1,one_____,_____129,h4RXRBHlnPH0S6yAav0MjnTC2mqXhpa9261Y
799,-1,four____,_____130,oQXIqdThw1UplWifjLIO3w9ztLwa8QpySUwqBqQTY5fWbWyHzerorvqw9
968,-1,three___,_____131,KoXfCP26wt8WN6nRpQ7xm2F4bfo3WPo0BUzc
990,-1,one_____,_____132,IXeP4bJosxrMuhuqCZ1JgqN0I0oMUR4Ziv49kf2Uqd2PPNSbPd
953,-1,three___,_____133,AESBozeMpUIiQm2gCITxuh846LB3pyt4phH3lsUABoICveWR2izbnfHWRCP
977,-1,one_____,_____134,rTmB2NxytN5KEUMXJCF24UTrudK3TSCLaU4oIs3YeuRz8al6M
929,-1,one_____,_____135,34wzbuMj23OAgssTzwgVYIOUqd3E70sPJPb4GqVv6lSb2GnIiNZnqGTi9ZmTIn7j
918,-1,zero____,_____136,TquCmulteEsW0Z4TnLIjDKVnGRQLuIjwieJAGyblZRLF
967,-1,four____,_____137,PSPmOqgiEAmdGNJdh8nYrCC8uUtQyQ6NFmrfPyjNivg8Aqvdwx
738,-1,one_____,_____138,COgNop1p471GW5m6Sznf5sUUQ7prrpl1djdnomdrtfgLKrvhGSy36eLW
984,-1,zero____,_____139,9CeICYkKSoPaIodNWFODXMCOi06qVNv9m6vuTpqZmrTKoyC2RTv
987,-1,two_____,_____140,vywrfQKpzhKZ4NvXXOTvllBq2Ttcdd5BJfniM2V0upYiNforSIqFY7OWmgPv5gah
898,-1,two_____,_____141,XHlxbHQmtApZMl6xufehfTePraFjg1hde5jCSzIXNHQzNhllg2agPG6QOlDi
972,-1,zero____,_____142,qS7HWieu2E6C57KKALxPHW2WYMOJbWhySFv7e
957,-1,two_____,_____143,HZYLpBWDZEG94s0TKqh4xnaM35QcAG755YRNL6j84T7sStK31
833,-1,four____,_____144,JEWu4rEFW22iBZo8KHFNedu5owIvm3dLN6IfWHhcTs7
956,-1,three___,_____145,DlossaBJb6i48j07JIJ43DNPMSxdRiCO
983,-1,zero____,_____146,HbQDnqSeJ5SbocEzbk5GHKBD85VkDcEBuMtgt5J1ljyf
871,-1,two_____,_____147,dpz3xRwA3GVDyIWMvoStMO1QT6XPKrKreCriuvi
894,-1,three___,_____148,Sh181xmxxaBcOYdPXmiSAxLzeAolXViJsALGf8p9vmgUphfvYtZwoy
808,-1,one_____,_____149,94wftaZrtLohs6M4GH1AKNbLS0RAkClOU6W2EOfCflINmQXhYEGZHl5oW9bn
842,-1,three___,_____150,SknwZugvT1YaDPzkOGuVFHtiDuIiiSydYgQPr12uZM7bRx
985,-1,zero____,_____151,mNhAcZR9wbLJwRsJXvhWqguEXbakMia9sXwHbB2lk
862,-1,one_____,_____152,NKbc8CPvcvUHCuEnDjiLQFel3f9VI4ZE8Bla71wZYc7e0HKpfs0ZRanZpU
962,-1,one_____,_____153,cdBcFHwQz5RfVwXp7MYYVpqGou59Z7ruSTt7UzM
813,-1,four____,_____154,60ayyQTrE8jyhfScn5QnScp9yehIvfoYO6lwf7M3fTE8uHnjQtxE5073L7XZ
910,-1,three___,_____155,2r2VIh1tG7MCZjEGZP8nqCkpTJunAy1YJYRDdM
921,-1,two_____,_____156,fk0YuTvb16s90xtis9AAKGJx5ouaGo4xtcvwsJklZ
986,-1,one_____,_____157,lFbFwlM3Knnc9Zk1CJdY8xUyR5Hdw2AdOXWvb4r1NnRamSr824l2QsY9D1ZqXitZ
991,-1,zero____,_____158,wAEmjeS5NIabU7P4FyyeABqNFaFaYKKEa8jRrCWDYvm7mr
984,-1,zero____,_____159,AyWcENG2ay4KSlpW2seITKXCMgPcd8aFnHhVyhHCmJK0nfTBCZ7TU63M5dJ
995,-1,three___,_____160,igqspA4MDGwPe0GxuT9VPkyZo7so0kxwEJFmZ67rPSWnuL17enH14AYx
916,-1,zero____,_____161,oEBdA27Yb99l4TX2MIBJRVvVNT3F7vJZV7Fo6mQCX
854,-1,two_____,_____162,gntI176mZusnvv3hjMonStf8TWOtPZLZg5mnWdZKbn304utDizWY
981,-1,one_____,_____163,LhRelvnx6qUb6PgDzbljilCXCfhWUfbn8ADs5cJuRLb0gRvuSfZ5ey7KACF
997,-1,two_____,_____164,uDfF0mErYJNUSk7Orn6fGnRupmT8sLWmzWkq5h9iZjzP3qnX6UW
986,-1,two_____,_____165,9oo3Agchi9A5TVrxUtD2POm22XxskOQKtDjM8ZcD10
865,-1,zero____,_____166,G5cbkk2tCqepcYtUr8EZqvqpw7nnC5gCCRESY6OzbJ49
995,-1,four____,_____167,rz3uvGtCF9Or94sDi8Y1OwhwcMzhSHoxOmhQ05SB1khk8xC6QMdT
930,-1,three___,_____168,wQrToc96sCgbRIMACOt6a3HipP0EZ0uplxRV7TvOrDVCHC6FK
996,-1,three___,_____169,p3anXpAQ9fA34tTKfjX2HoLMbv8h3dtghfuj
968,-1,four____,_____170,mhewCbdTp38bkwmPf6OA75Gexq6XewKHh3DtsXTIN
581,-1,three___,_____171,3qyqADcQCi7AfWzXW0lfzfqWgCQ69FuznDoCdRPGU7MWgEvXylvzruWKqGHOlPc
889,-1,four____,_____172,b3BQvvbf9uH6b6EvHHc8ekqiktuGiNfMCImg0DfC1aksPvichIEJHopu
976,-1,four____,_____173,KKXcaR3kQ48wMitipvUaFTElP87G5K2wVNc
999,-1,zero____,_____174,16BhmY22Omygv1QEreNDgWmjosdKqEpyXtTUYyMZ
938,-1,zero____,_____175,pJhaCGVwgeFRdmxHY4oLoBpZrHdXkakcDOMTYueHUM
635,-1,two_____,_____176,w4tNeocR1diG021otdEFnGjAn1EopW2Qx7y7BFk1lPPS
824,-1,four____,_____177,AJk0gs8aIRHwkxG4z5lnsBKhw7WhHZ1QRQW4ywft4
999,-1,two_____,_____178,sM4t9Zti8murvYjtslvW1hwiWvGM70ycj3aLpXiNDTsf
936,-1,one_____,_____179,GliDxaujVWDsVbNxRGYEvAjbdzsYZC35ZmUORu4JBjm7SxHPoMI1JKnw2nJG7
690,-1,zero____,_____180,TVOYM404sxcLK7zpqYV9OxP4X3BJ7tQ0KD7zH51X3sVSFPyb1qpgBZ
920,-1,three___,_____181,3fEOEZ48xy0W2YC9PLgCWbEdwShuz4HTOQDE47ean3av7ghnA19BTUlYx
958,-1,three___,_____182,Xxm9HyzBYWx3pjZKH9wbiXgBAPo1qE8iAGw0IWzQ
988,-1,one_____,_____183,yxR3NXMTKWyMfyDQFms1CZKSIkWcbN29BPHJkEkD3CNuPCydYUMyPfAb
907,-1,four____,_____184,AAaVBVXMkN07wg4YCMgNpFE4qVPoAWHWCWkdcEhuEclmxb5S
984,-1,three___,_____185,n5Du1Yp55ixjko9CFNdx58PweSLZf5rWu6G5k6
984,-1,one_____,_____186,lGI8Hy0QSktewxbiamJXiaBoXzUO9re6Wdia1TQHNGE
992,-1,two_____,_____187,j0zw4DzHy8jGQybGhmgl3ogjWCUAmKUape0jyybs1Pvezuo2JJoMDmJZ1NbEI
851,-1,one_____,_____188,bBvxkdUXkL4L7oQuhjmBKNaSDMSkCnwvUQ2312L
986,-1,three___,_____189,BUbZLouJ5wd6bvwjKKMrBbb9f1OQY8Eo6Y7rvPLpyYzsHj8xeK548ArEq8ift
857,-1,two_____,_____190,Laws25T4mbvLjJEMm4jLid2E2UpFKTL1S1kbVK1hzljaQ6X
912,-1,one_____,_____191,l6EjPHzR2Ko2omSuwx7iS61VKmPa322kCKGF7tI6D8w8ZKUA6cOf6xYei
975,-1,two_____,_____192,H4ttXNTUzDoz8mluBFZ644JEgWlcEUa4LYtwdc0CW5ksiV3iTx40Vjy2guqk
894,-1,zero____,_____193,qrUEtSZcWOwdrqWA6xLw3CbxrBpbuBPnpzOyGcdFuX3x9vqio9JBzvHo
936,-1,three___,_____194,mzo8TlbBNaNWieoiD7MzpPINlasUBLfCyAAN9fFBEais6SPKhvSzbPzA
867,-1,zero____,_____195,DuwJ9FalZ3oHnPmjaqpN0WvkVMWh3iZi8cEmIcD1rjBcKiFWgZUTfAZUL
831,-1,one_____,_____196,aFS7tQMPnsbRSSbWd7DQ2WRrve9VDipYN4e1sVcFWjfeSpy7h39
799,-1,zero____,_____197,r07981YFucixzTkFZgFNbfDdfdd2E9LnkWGEp28QFZi69mwU
914,-1,one_____,_____198,tEoubkpdOPWNoiXpPllyg0Npa75IEXhjLiuItl4CU
988,-1,two_____,_____199,oRNdJZRhRW4ZDLEvybO4FyWmYLc2c2EWCcru6hjo
938,-1,zero____,_____200,0AOJNbRd92RiWxHvXiu7whw7N0pKxevqxWfw
852,-1,two_____,_____201,n63FqG2cdCPidYrIxAk5byKRYZsjW999BV7OBUFCj566tBgY
921,-1,one_____,_____202,OJftm69gBYPqH6sZA2aXabKYaTQRzPzKe9bbMBpfsHF4lNKST
928,-1,one_____,_____203,WsR2fLoQ6ZkxfZ4Hbw31Fe8RbPTrNaCRtmCHxdkxXHE
871,-1,zero____,_____204,DPZxZ5ApU9GHkf79zuiv8DaQxNZUBH6xw
985,-1,zero____,_____205,kSC1gkJA7Fw20tQUl0n5sJSCgVNNKAI7Mxj8hU2Eqq7yGF
980,-1,one_____,_____206,2factJQTte8OXjAG0gsCFS0cEuBUiiLwRbl8V
917,-1,one_____,_____207,Mr6Nurqai8xVucUPjLFcG7K5N97R0JhcOqJnszkWkVY5WeqyYzVbrkXcMifrv
966,-1,three___,_____208,RpnxFQ0T75rX9Y46GeRfmxU7Vml5eFTZGrdBdfdoX4r
963,-1,zero____,_____209,u8lqUXdSSVirDk0Nks6kOTUFLxEpRHBNp7pI6P7MS49PHBomy4Y7
933,-1,zero____,_____210,Vo7CmPj7hZPaXcoLT86Xf252D3xoHHFFiCUMc4cG
868,-1,four____,_____211,wWAf7ASipZCecwE0U47rQ9nJRiNzSqmUbJQz2826ZerXECBWkzcNbmTqeXcCZPNJ
762,-1,zero____,_____212,76ToBdXzQWEvoNbTVscbwHLoF1Etj1wxZTVdtsqVWP7lO2ohbxU
830,-1,one_____,_____213,3JJ0NmDo8ucgT5Ox6acNF0PCemR9iMlnFi5hgl
870,-1,two_____,_____214,iheomjvR5exU6Zpb1DMtWRmFEYw7qI8zlObsfYWJAh
866,-1,zero____,_____215,bEzPzV097MdaVXSsvybexPyZjHWaxmDJ1mMDqKT
963,-1,one_____,_____216,9A0Lz21XLZDpOiq1zXZWmsQwUdZnOhR0INbMA7PM
1000,-1,four____,_____217,X6sAZPjBHZee8GwaTqjZwSKrUjaiQuyYR8795Mfy
865,-1,four____,_____218,wbqA7d1T6v9KLE8aPMQ1EWZ8PgrIQE4nuRqPDr42
958,-1,three___,_____219,rydxIU9KV7c3Qfyf6oFe37jjXsl0JdTB5x6P1zIuNjBD9gKlA9pCQLpoPrEW
994,-1,two_____,_____220,LTJo6BURZeHMTTMBciUGvOTZnc82hdzjeji14TPY
810,-1,four____,_____221,DHPHhWZvdR72wbk55C1bo930UNMygVTSnqb1dZqczvuUx778Fq6qWZF
925,-1,two_____,_____222,W5pppCFhyQyXyI06gh7zAyUlOThxjfwYwC8MsP00
926,-1,one_____,_____223,XNRViyBc9tTCCDMkZ3b9Oyp2gAIarH21XUbU6qzCtDx3OG5A
986,-1,two_____,_____224,ONcQ3LLULgm4VcbG2JCUDjd7D2dW09u0VEYvWCF6TP6
923,-1,four____,_____225,Rv7QXU7XnEJw12HWZAb7zLn46LiRfbXjKQnTK2Gr7AGy5aIOWRSvGItzKf8R
976,-1,two_____,_____226,tIBPhtY7JddETHoJsAsZPg9SqPVrptu6
920,-1,zero____,_____227,8K5e2X7QfVWz7hYP8ZY42IgBkQ0wX50pvkuO915q6ly6In
973,-1,one_____,_____228,ZI6Td4YnfLUgeX7UA6Yiyw33kuZ8SaqBDmi2gTRGMdDPerHEOaJE6vqspxcHLhn
948,-1,one_____,_____229,SZPrTeYswp3FpMloz4AWzqOK7fg2LfadvAEijUf3pVFa
998,-1,two_____,_____230,Gv6jye3IgT88x0GPVfalRmWfHe1jwN8q7NLwUZyXlmb
923,-1,one_____,_____231,uHyLe2XT1ojjhJDOnOY31A7IGoo02dP6t1n0cYlhEU5m4zrqATPulcK8MsdxeN
946,-1,four____,_____232,81EsAMbHXFFepiHnRU3FrVmMmujpwu08R02oMUbI5
855,-1,two_____,_____233,q4ZfCQVGikxvM35BvlKlvHWkrrH7B75Xr16At23BVBezfzC7MZC
820,-1,four____,_____234,yfXQUt04dIPyyj9L8YtB4cVQFdYE0uVhXBZSuW0C7auMy
908,-1,three___,_____235,1Gzgkdb2Jil8mu8y1TsmCiMhfzejCohlGTueX4OM7BFnuVLvrkqfNp7
900,-1,two_____,_____236,pzhIvJVYdVl7iUAQicXdNjJmKFqk3SS54U4AqVSYkeuii6zqBD
928,-1,four____,_____237,AoNmPFLYlQcMgvu8PHwFOvbU4hi6F8rJJ5mM9rym6TENZpqc53Shutln11
987,-1,zero____,_____238,9ed7YbrTNdcKVXvvSZSKZFQRwOTKQaY4RHdLf9M2
770,-1,three___,_____239,OGgpChwPARooek81ZhmeS8xsY20RVN6mAKqWLvCtObaHQnx0sGdEecmq9lvOIDB
765,-1,one_____,_____240,LWlH7hWKNbpVj4WtDWBCdHIqISNrae7Df
986,-1,three___,_____241,6VNtQqLvEPSlVpttTyeDR2XS7UFv18x5wL3fvl
971,-1,one_____,_____242,Dm1KOYaqxXLpGte2jYpa9PFSPRdiJYMZKdoMjaurlADnUEiP7VD5bdlgpaOripVj
869,-1,three___,_____243,4Scn4B8NZANso65ZiJEyDvloGXV75MXlBaRrh
945,-1,one_____,_____244,I6ke0cMIAgwcnvph8RloaSx6G5uBdGsWeLnoMP1FldE1Guatnmt
934,-1,four____,_____245,wylnzvfw9WnHP0RkfNLQHkRld9rQORIA9PJznwDRO4LpyzNnR5
926,-1,four____,_____246,StZm9OLTU8Fg6gHDimoRh0HX4K4HNov8zLPVO0LqAw81JusoF75irV5a
782,-1,two_____,_____247,C0vTs6zgkvdytNhxPeMCJJqjTPXrYPQPdDxA
820,-1,four____,_____248,OcwLV1jMxr3XFx66tzSeOknRk5fCeOIyFwLaYoZ1kU5QtUg
887,-1,one_____,_____249,2Htibstltcd54Z9h4XvVp7cANSDyIYg4AcQ8e3KoPI7bkTkXQY3SBhVH9QC
978,-1,two_____,_____250,TqHaOzzpd1US6Rx5FcZPbAhZpdJkhuyp3yqfXiaIirTUsQu5mCOuH
980,-1,one_____,_____251,OP372Vk7GTUZtCIyWoFzTW6zqdyjzgOLpsrUog34TVZw6Te4uCD8bSW6IZF
990,-1,three___,_____252,NxtJuHop4uHiW46FaQGIvpzC7hUkzcSb1cAspk7hxO0ZoR1UegrpdZbAZe
916,-1,four____,_____253,GEFTNLFNFkmSH5Pa9hzy0Tw2YFd3XuAnW7ToXOF
943,-1,two_____,_____254,eE0H944Vx7H0X04aO6y1gv3vt7zy2lFnJJ
754,-1,zero____,_____255,L16t2zBIQggLNlOUhQAKYdt64Zwym21FYaBMq6BCb8GpaCTMdemPwGmmP3Iv
949,-1,three___,_____256,uyXa7Hz5uIFgfofIlvWY8UTsbCRsmXATHVCtLqZJkwspy
961,-1,three___,_____257,oOA2FmAYRlrld2qmDmfZhhh9JWegla3AVk9tDBoVRHRX9ElHHm06gKP
887,-1,zero____,_____258,MrEIN4nZw1dvhGeSFJWuxbzDSjXxoj6t789oEby0ZFMXxCsCIZZUaJTY3KJMX
656,-1,one_____,_____259,VBN3ZMhqvKslHK3OvJw4NPdxAPRu6Z0fOnPylwByFePBAbjvuIYD7oY9vo1asVA
964,-1,one_____,_____260,E8stNWMEB6PwJoZ7Wqxwgykw3Dw84jcoc
1000,-1,zero____,_____261,FZYjI1kK8uxj5oB8CvLp3n30QGKyLweQpuE2YOsKrMLdigb1vV9i9DA
504,-1,one_____,_____262,DDYzNyAkLD0XVt1nIQVCQ9zyg4k3iB3z3aw3j6
983,-1,four____,_____263,F2pXCCQSnVqLam9jFvZLnzEPnQtLUMq7eE61Tf4IwMkhLIifCL1vQQklUB0
950,-1,four____,_____264,b9hh4uK9K7nVN1aQ6UnkUZrjCWCj98stURT9xNpQTYKzNWwMJfN1i
901,-1,zero____,_____265,LYzbmm1IryWFK7R3ISQeiTZ37HLHcXDYDUy20ViumlL3j1odUq9FT30v
909,-1,zero____,_____266,T4IXlM7fgQl71jCTtP5AqXYpzBpvmBfJdRUREaJ0
963,-1,one_____,_____267,NRAMCXrNhDgpMOzpjMLacuTzy2qAUz7vmeDspx6AaXTyKPxv2kppSH7mX7FfYj
790,-1,two_____,_____268,y9AD61Y8QFx7JjRz4oiHgU9BpWI8HtFwlx
997,-1,three___,_____269,8OA6uNBVoTsy2AY4ztcGhZpeMzmyw4ZpY350wjaBTJTZNMxBspAS4qnST
965,-1,one_____,_____270,JPd4zC5X0ogMWB06GhnJSt4SbQctcDXV6gCnxEzO1f1fO2JOiAnmeae
936,-1,four____,_____271,Bs3YbIBDx0PFP3sNujtDHErloe8CqgrHbcz0JFxwExB3HoLGhEScNOG
905,-1,one_____,_____272,wAmMG0FAoMy8nuXsrEkgkKTkuVOtMdK4XBWrp2VLtSyJt1lQIwloSSjgER
732,-1,one_____,_____273,VKBEgi1rdpEGYoNku5XcVo3WVLeUR9ZHsuyJ49LbSqVhP
700,-1,one_____,_____274,3O6FdIoFlJHOkbZl92ThFUq9m9PLzH6jRbJ7DXNBw7lRDlUcdtO
956,-1,three___,_____275,TUOpRJlB92j56O2o41VUQyp2L6rKjnq3QkWMdRAlVY8lclTd9T
884,-1,three___,_____276,TXtPLe1B5tCsG1KdChDQWCpxOnsW9x6Hcl4rhLAdRP
912,-1,three___,_____277,2AaY73W9yOtN9rmiGeN9nv5OxzpFxRB9DXfB5CLvo0qmZmMgTpvsCYp1F28y73
992,-1,zero____,_____278,z20jFA4D5Net6MOdlMIDga9WgfeNRW4jSmDQs4
893,-1,four____,_____279,Ie4yoWUf05o8nqO3CbdKvgb85zkFOmYlGZ4lJHG
969,-1,four____,_____280,2J6knz7rUY4dLUgJV8YiXl021lBE0HdEM5WqEMw
998,-1,four____,_____281,DoK1MtbltHvVCFabbFaqCOWe3H4Lvc72dD6aUW4E7uzMOegfSulf6WH7cu21vH
803,-1,three___,_____282,TQv13FGPgN65kjA35gKAw2MmoxYVISefKw0RIKmJOR6A6
974,-1,zero____,_____283,BOWSji46VValzvkR2saQtYwmJ67QLCyMBlGVl5d8G6TSNIM2F4EZO2f2D87Y
900,-1,three___,_____284,SvUGVR4WwdEtCZgeI9ZYzI2ND7TBunb2uWCROXIr93Tih7lM
847,-1,zero____,_____285,zLM6Wln5ZZDEJ5RRsvZYuB3k6lrQQlZOZUTYvOZa8cWoXtmh5ujGactxPK2T
990,-1,three___,_____286,cVgO5MqKiDeM0iAQWEtgf5SnT6MrcTX1oFBe1PSNzEpb3HrRYl
942,-1,two_____,_____287,je2EHQWIYFNN6fTVViinmXBIbCVKAJsWmxUh87sHxM0yR
971,-1,zero____,_____288,8Q6RkPmdoM4p9yWj16gaISjGdEQbhuCN378mi75sE28TMyL5Zgo9iLb
698,-1,four____,_____289,MVrXjlsuHOsGlr7egE7bEJrR8qqZZeKSXyNxGfQpqidxJFCTIGx2Lexd
991,-1,zero____,_____290,YRoAei5FMtO1COnpdZkYtpUUqm9GQ98jDLpZhOyL1XkEVlSrV
890,-1,one_____,_____291,wKR52XEXBaBZQ4tx5qIWwEudCMjPkSJIBVFCTm1ENVtrMc
992,-1,one_____,_____292,bqSU9EizgyFzCjTgaEMvzmbe2Ty3c9VEE1gHSgmP0JdyOBAn9qUn869G
758,-1,three___,_____293,MEpCTAmMjS1lnR35nhlYBKKmQow3N4uAw2JpDjjIfr
950,-1,three___,_____294,ICnTK2pCFakZ2EjmyAixdBvwUT9zn0Y9j2vwuENz707p5Qyvx9SAz
938,-1,one_____,_____295,nIUQZlE0j2h2BrBcr7yAxMzF5rX109eFPHXTm3Z50CBTKsOMBrX3MS
987,-1,zero____,_____296,LRVa10MlToTN4ui71bK4Ilgqe4ay61IHu8xbRMD
980,-1,one_____,_____297,QAMNMdPjVuSQIMi6kHOlRgEhuHxluomhaJ
816,-1,one_____,_____298,jkZ4oYNIr801BEOBfLVBVOAovL5PH64OVr8Fo62
934,-1,zero____,_____299,KZsFRbdhrxjHm7ZfcR4A1lYNHVuo1QJbqjj0XlkYIVPN3p3Fh
962,-1,four____,_____300,941Ajn7o9DFQZwIUv5uI9NtjzeqwWAcI14ruQAN2cswLU
951,-1,zero____,_____301,zG9rW6zuGHB4TAj0wBnpj7FnW5fQuOBerft9SnYrv64lmO6A2OUe
980,-1,one_____,_____302,XpXsnorhKr4lEKj57BtBuisI99T269f5iOz9wTWA4jwez7
751,-1,one_____,_____303,3q1HcFoP5t643P7FR2er4Ma4uYI8ZwFjCK3iDj3AlvDNSPVVwwPTy
839,-1,two_____,_____304,YbOFnawfhDFvo8Czsiek38Rj7lmhOLQTl0
965,-1,four____,_____305,Rt97EqpfKqG1zbm8bUsr4GsJz3AUsEnEgfnW8MHH6aa1mdK5reak4fj
967,-1,zero____,_____306,k7Mgihb7tfh8HizJdciWnDITHa1Y1ukwCegrxV0pEXwLxtB
949,-1,three___,_____307,S9M3ftZdEgNFW0jlQPgAYmv5wktZlQNqkWkCUaa
971,-1,zero____,_____308,KDBACmVvnMYpn4kNU28IPeLiFKSbYfcbf8sxNIW9tlNf
908,-1,three___,_____309,F69VKwLtfRVenfaCAi6nB9Ubah3doXZLo3jnd5IB7ORBWuHdpCknJG8
977,-1,four____,_____310,iZaSxdb61TIlm8f5GpoPcwC3rnVyaxtGJgoIAlYBCLp0f7h5
912,-1,three___,_____311,VdwB4G6WgE1NO4UCA9V3Jwv4R0FV3XFfe35pvXmYi8MUt9cwSX18g0MernTKMpxG
960,-1,zero____,_____312,YHLE5G61HCuHiyGMeO2KB1CyfXpLMkGtl8kO2qTQV48dRKqcrXuB2KNn5uUE
921,-1,one_____,_____313,EaSH2Jfx9D2nTicXGNp62WK22r6ctz4PROKPr4URA8A8MZEReJ9r8Zrv9ksMs
975,-1,two_____,_____314,gP35JPYTGyGL0TZ6m6GsjGSqcfP1V8BMkVkav3CQEoXibL4d1PC
810,-1,one_____,_____315,OGpDzb0PvNqQVpI2wvb4SDpbtXFEtyWUAVb24PBJ5ukxhwoBh2k4mBBq1V3A5i
967,-1,one_____,_____316,s5G33osntwzy2989cDiZNn3oWeWeSsBx4HcWpKrprODTNBCtzsNM9KWd67aenp9l
782,-1,four____,_____317,RIRMarqobflWyqIPeDG1SUwaqJXMkODz0He
986,-1,two_____,_____318,US7NpOaKh7YvJx9sBFr3dRdwBRiD7Cr59AgEE
851,-1,three___,_____319,LzrfvM8U2nkJqb1y1FAx65TMz3hybIclGeIcu
858,-1,zero____,_____320,8K4kMhRta8vbYyIufTdOuQbOTB3eKfSW0k9LMJ8WvYJ5z2xBpgOV5aoqI2xd5
806,-1,one_____,_____321,B32FZ04a7PnL0p6PtIJ8p8puTm7jLiP5uRm
780,-1,one_____,_____322,jRtr8mblrVKsiYLFGMfewgowTQlNcAbdK
799,-1,one_____,_____323,pmoOhjcBK4HUA1VZT2lQJCLNdKbHBBF5lMkbFvTm
881,-1,two_____,_____324,dkEYADYP4WE3g1Zy41ujZYbHpaGC5DBMwDPkySF0ld8d392kyQd8jujNi
994,-1,four____,_____325,AJLm0bg4zf7EqKs8MD9w3YSTWImcdmspRA6hvOphVBWdj3vvz1SNoPDvPkOmjIN
861,-1,zero____,_____326,i7RWU8CyA2KGE230NwvoOD6C2bAzDyiX7coN5wZZvapLZ1JsmKWegA7jRtccG1br
963,-1,four____,_____327,Izp7w1mWEnvSTrQrWTZlbH7FcEEgLsVeA5
999,-1,two_____,_____328,jo2ax290lh0XOZZSy9oQmBXo2mu4cnj2yj0Hpyf7rWRtsjResCbiAI7
965,-1,two_____,_____329,A9G4kvf6ffiGLc9RIgC7ZB5YXOZEZ4Ma0NezmmdliqKfHfj7O7YAWIs
783,-1,one_____,_____330,qto1RWKFvhEtyZwlr2jM8wjlKIhurX9ddsDn8XYxI4eI0kyj
598,-1,two_____,_____331,SJrg77VvWHMqMw63WwRo0qgLSUFwOYpGd5mRDr8jFXOt
988,-1,four____,_____332,EBvdt2QnGC6wLAI4joTh97hns8ZvfHhnJcSV0209rnkn0aAfAYXRXojQnGGiJZ5O
866,-1,three___,_____333,0i7PdFDFgZjGE8FkSqTHjWIcRaURUDWD0CtzGQACXs4Och1WMvIsxJV8jGmMKm
923,-1,zero____,_____334,FloK9PPUURx1Vew9J4GCytPI0JGK6AFOrIRLWShd
913,-1,two_____,_____335,7BB6HXfxtFYkOjXQHifH7ekHjxN8f2gQJzmZCLg5pcdluCBN3M
606,-1,zero____,_____336,YSm7vrZAruENwAzRXg2qEV1bMo9sl81TG2rW
593,-1,one_____,_____337,dFTbkEH6YuaE3pGcVCKivjYK46yxd78Dcj0fVPZ9MsNMUOn0MDEEFcG7
760,-1,four____,_____338,Cpw1dXjJtM3hXEhUlRQi6j6mUznaHVHPCZJeY3WlbdsyyxYIZ0XGT
971,-1,four____,_____339,yOCwndRZ1uT27lU4WuHOZugt89AxAQC3Bo64pxrW
972,-1,three___,_____340,HLYfR1LafROxCKZvOq4FylIvyEYyI61tOxO26v
770,-1,one_____,_____341,vcSQQf9pFLf702BO9f1hYqEkeZDCAJvqc4IcW3ctO5
806,-1,one_____,_____342,b6Wpa9Q7rMAoaCavYm4Wk95BnV7uLtC67AkW0piju1UPrcbivdlu27hvMEGJfD
932,-1,two_____,_____343,eA99x5nPTuTFxGamP7ioZYjkxe8WjP9DNtoqoeEzlfdNgKdtTvkM
994,-1,one_____,_____344,Zy8l9zjQNeLgHFG6H0r5Da4EDxsZ5dnwZT6xP1KJzNfSdmhXtGQ2RjbXJ
921,-1,four____,_____345,s7K61xsDeitqMs34E2g0aJkGnAQRGDANDvUl7beqySTUgQQxJIdUGPCyLELQ3W0
772,-1,three___,_____346,psWjuwsGN1M9wgv8vJxuKNO3L9ZB1a0Qqo359p0rVgIVPTZ1HzZhp
847,-1,one_____,_____347,ZCZgCimKiQjY95THkqeUGWdtQijI95RJao7AmXgUYOXlIfJsLRoyxgZYTmTR
558,-1,four____,_____348,C3RbHBi5wrM3bq2RWdgd5P8fAdzjdgq8em6N
939,-1,three___,_____349,1nl6qNCBrvohjeJ1V4S9CCoI18yqgeazlYDRlTf5tL4dAmFsqxOF1QdKSZlH8JS
943,-1,two_____,_____350,KtK5WQXHUDxZbC6znQFIKtoeTZMY4cNEBZO2VGS7OrAK8I4mR2PEmdRkUe0MxcgW
902,-1,four____,_____351,jTx5S2I6hfbc7XrGoMsqbYqUrnObZJ2NcAN1sOWM51AfdQWyMpIrZnXODTRSFl
985,-1,zero____,_____352,viroP92BRDOkSNKGtdZMoOSr5czKSLDMipEZoM0WT
966,-1,one_____,_____353,xV44mleP24iya8Tjy3SB3l6cwvKFWnIrTencRyoS1glUhewbEZn8jRAU
992,-1,four____,_____354,F9HKaaorjudH1EVZou4uvJGR9MqoXP7Zf2rbFdUHvgQKzq
932,-1,two_____,_____355,qASf0n0CsVY8xsXMGmsx248jjxDPmqHpzY
935,-1,four____,_____356,5IpXfxLaxNZcyJF4yLtjsmlypC2yPa8c8C
891,-1,four____,_____357,o28u4rD5zD2SORom6ynpJx0t5RsEtSEzyiSFIjPjrmSH
902,-1,one_____,_____358,6zhrrj3PPfXBHa8hffCrgPZ2SBYIkwMYwy4eKzRERbGYchJ773ifyVJzaEfa7hA
975,-1,three___,_____359,lPEethHYYxZ8QLKW7tDePp9jQLweH42ehWnHk4edKs3rtQTnY3oIL
940,-1,zero____,_____360,fnPCbbcaLcKGyjff1VFKmxqIhuVu8b1p7LoWhRnAQCvhhMbN3pXuL2AJ5
955,-1,zero____,_____361,XJEsMtNHSEQKD6XinksYYySIDzIVmrAFi6JGM2Z49CTj5WkSaKwwbEqqMJ
978,-1,three___,_____362,ZC6nlXCvCGAzYYsaX3mG8n30qHt4XPf4BMMVaoWpFpDrXjuE
894,-1,two_____,_____363,kcPK0hbJdfqsKJEBr81x4olIYYPaTPZNjjkZxl
946,-1,zero____,_____364,BRxInUuVjUKCntgFXiLwNVapKiM9pl1BgvP9Ehjtx8XDxI84Z
911,-1,zero____,_____365,xzFwEBOqcAoBD71hfamYEq2LacSjh93fnhPS9L7TcRxBqwXx3Wdh3gqb
789,-1,zero____,_____366,hltl4NSCz9HRAXNxSnjzGQ9XfnPUZrzi7nX5ZuERXYPeEfscmeeQJWT
886,-1,three___,_____367,rbzkSdK8YgzPzzhP25xefeWPQgNrg5e1LzHAoB7Bn9ZcB
930,-1,one_____,_____368,PSNuiKgFl7q58PfHCEdxCyZyI3m37uEWeEypUTIoP1e32b5tCTsZLs8sk0
789,-1,two_____,_____369,ac6cVEN2M3sQftlNJekWuAX4JaeNP4S67drAaWL8bXQKa9GZ9cyc5y
982,-1,four____,_____370,NQz5urzYkLc06gkItUAQ6lWynXOAzh84Aimdkne1pvmwvv
765,-1,one_____,_____371,BQXY3UoARlTuckvWR0D8GvECgawH3jz4ocfqQHHbUpWPHB
998,-1,zero____,_____372,a8ba7H6FRAw8AESH1dMcCpOVGU2xTbNKmaoNITltUaR0Jeg7uWFHlaopWvTX3
886,-1,four____,_____373,CRfWrDkqnbGdrt2zSf9R3zGRTtfyrVXWKsA1DsmgyaQtR2sUIXaJFQXk
971,-1,three___,_____374,jfVl7bzUEg9YCR58A2DjmdH6d7LMiQr0bH
894,-1,three___,_____375,OyJHJHAf1LV57VcetLbLYXZiVwRRv5sXydJawPQQ6XkELnMzhudnQAMzx
904,-1,three___,_____376,fuvlXi5YouIzKReVgNz6MsPYEvkUivkJZupOfTYKtAI5pzf
894,-1,one_____,_____377,NfJRVUJioGMdrfBi33Orz2EN57dGlUxVsA
842,-1,one_____,_____378,TFZCIbP0MkPphsSYpPu51ztXnQYGUNzx7YzzXwtPZEi3SzjPmfRSqT5P
960,-1,three___,_____379,kQ46fWa8BcloZevslphYxA9EZP19AojyreVvaFACBsUDjv8A2UjNUSwdbYR5VPMH
876,-1,zero____,_____380,81awrckAMsXcTwDY49en6DCnCs7yzM2sg
1000,-1,four____,_____381,dmwqE4PTZocWLAM6fIySAXJMQSF4ycgIDcB2KW39skzWjmzZiuaTids
968,-1,one_____,_____382,bI401OwMb9eGP63h6dOE2qye8KpMEIaH835vTZoI7gugbFn
836,-1,one_____,_____383,r5uBRRBcMGEZj6jStLrBPhosbF1AYLlR4
944,-1,zero____,_____384,f80nh8FaazXW15ANq5c8zlubGfwXbRAi2wjmCKvhq264
921,-1,four____,_____385,j2fLVxmdwRxLZfv66CkwdZnzZ8kYUP31dwFfYId
637,-1,two_____,_____386,LALE5uvvfF08LsKNlh4DEM3Ygo8iYtVhK7cLrF8cJy9ohun9qs
706,-1,four____,_____387,lfFeH1Yk3ERJ9f41JcUXdIISn6b24s06Aqg8h1fLdQZmp69mfRSNv
965,-1,zero____,_____388,SB7alZzpL0x5xcfxD1Hxm8ADFZv4bKfPGTvlNQvvJsGWJ2qdcvj6fqFt0i
932,-1,one_____,_____389,FDJCAuGg72j5jqjUPvROD1Q482wbufaqPHUaa8E2jtij4PEqW
953,-1,two_____,_____390,FqDUfpXxMYO2OUSYOBiBm6mVnchmVNBA8VFmWYCt2
925,-1,one_____,_____391,Svn6yr11S8fCVHLDi3dkeWdGApuxJxg4vXLavgGzgu4fe8wHEg
976,-1,two_____,_____392,bQpJcwO9aDCfUkuLxUBEThurfKRDQ8ErnP0yeFmKMOROJ
970,-1,one_____,_____393,YdvUPUltQMlZR6sx6X9g5Z4m8vEHWD4FkIvSP9lxsnR6dwz
882,-1,two_____,_____394,SJWWAbF8lz9YChZEE7F0QChvSqJ8yzOniOviwHRQBxk
744,-1,one_____,_____395,bys4ryKnLcqBlUC5b2e9gmPXQsFlcqbKm9W91HGNvXb
940,-1,zero____,_____396,OMXam76jzjH8GLGnoglMCVIAoSPWdfLmDnhxrTnNgc1gJY0vDM0
730,-1,two_____,_____397,Svfkxpq7dpOsht94HSsPNfd40FmCsBgzCMxTt7SyENjIEb
858,-1,zero____,_____398,Q29RwBleFyCg8OFFPY9nXOD18ElIHmK9m4vE4mVB58IIrLmXcOAudydg8UayB
998,-1,one_____,_____399,NSjH8IdUAOy2T8zn8Za5bQHPIjFcfi6Vt
862,-1,zero____,_____400,50ByQHXJYpa8wX5yLaAn5nMEeIgqh6PmjcUQUw
891,-1,zero____,_____401,wpJ58rrz8dkkRl9wX7xnyEf90nGbjXwVAI26S07u5FkiXCTvcmiNGQflT9prgg
971,-1,one_____,_____402,CVkYjydiZ1EaGYltAiR5R045OETA3napn3cBKLzMU7R0ZQjIsgASU
973,-1,one_____,_____403,hcoL4t1iUByLkajEICXmLiAPIghqxqmf2I8VNJR6eK
854,-1,zero____,_____404,GpajnVcVIsVf7QXTMw90i7OHROrj1yqh1Ob90ZheaoC51WD2
722,-1,one_____,_____405,2NzDMoF6f3Rq7OosDxiaKqfpAfuFdidwF5rCeMZdkPcog
839,-1,zero____,_____406,ZRc1nz4LN9IU5tUH3DP5DLKQIG9Pak7cV2cYbMhAXiCPPgubd69uwEY4kPNf8k
970,-1,one_____,_____407,C8jaNLHJ3OOzrkyAWz5pRwhHDFPdlpP6eNnjO53N6
970,-1,two_____,_____408,ySV10I2nnk4JunP8wOzpnGWaGD7brKTS2NzCuM4wrKFQECBEAfP6cwG94
989,-1,four____,_____409,Gc8eHyypjjyMvVsSIhS7fMRbss8at9Atr0AE3OD8
947,-1,three___,_____410,ySXkv6EDaMkt6TQqrXWYT4laO5UppMTl0qzW0b85cNwN3DT5FEqMcbF
986,-1,four____,_____411,sQ05dFUC3kC18O0Z7Gh9Tc1ouUD8NAs4bHYFsD6vnhSSLVzIIVGQyeg9pn
828,-1,zero____,_____412,beVwiSXrWscj1W3tavJjNYMJ3k4uqNikR
920,-1,three___,_____413,7JTF6KP0c1BU9dQQ4rWL5xVULNJWbifmOpHSe
915,-1,zero____,_____414,dm1cY0PqsJ5PsNDhQD4Ox8NJCFERV9BOVRdKXYL7
914,-1,four____,_____415,4VypxifSRogBjg29bMMKsnil8HMezaqZ
983,-1,one_____,_____416,2cpGPtAj1pbi7yCPyUB3VfjVZ2zGGBa3ypJCdb0sUIOnc8V49iQRdwUVDmIzV
1000,-1,four____,_____417,q4eE8zt01CpVqoHrrH9dVE2ge5XoQOUJgNFl6uyI6HFSKb
989,-1,two_____,_____418,ewZSLiGBxW4s00L54zzjdTo2okAEuOZwgiAGpmqzEn
979,-1,three___,_____419,9pVkjcz23rq83AJxQBA8JmfXwxQCJwjc49pZpF5yGBLncaKSrvU9ixsS
996,-1,zero____,_____420,rHQmvQ5owftDOTJCd4jCZzUkB7cpgxsAD92NWa1jJn
841,-1,one_____,_____421,Awejo57h8ArLbF0ihvD2eU2mm8rI4Sk5tBdc4jvFyBQyvxpA0v4KbD
767,-1,four____,_____422,uX6C6AxFvNPm7V9XLuF5Py9l2Bpznll4Woe5rceVj3D4X5maMrYVdAeUFcoVCrlc
924,-1,four____,_____423,iryhczvqsAfSrQuXODRTZAovOF1cpxaFOHJbr
945,-1,four____,_____424,FTIVjzixVBGRzIQe45Ix7a1XRuDvPR7L
931,-1,three___,_____425,G90uUVpu5HFFtSyMGxBotWFQG3aLWbLjZQEI7lVXNyWl
935,-1,four____,_____426,yBeuMpgi2ybmTeBvIKKRxqFZ9E68Bu3majDDWrX09I
959,-1,two_____,_____427,7JsCCPlOUmEJBvsxY4LmLYPIBfdzf3hrGFjUDjKGu4h1a
984,-1,two_____,_____428,7Vl2lsSWPDfjXSozbbZ5ZKwOTq0bKuQVyLnBkkLQyQb8eJGYfZ
945,-1,three___,_____429,L5UbLNj0nHrSaMRq07VozqpDYFGDh2YxmF
759,-1,three___,_____430,WxIW3bEmNdXcj75l1jMnR2d3BTLMzcpdN3HLwAkLWEMpfYgvTF6Hmqh
995,-1,three___,_____431,hqsnFTycjmS2NVBQTXKZxWNHNe3dAtORHFRiJzZfoX2JkVi3n6AELD69
723,-1,one_____,_____432,fJ1yRVzbNBc74F9LZmtE0M0YldrEXg1u5VXm2mAoyqeXYzf9SE7sVL5yuxPW5
996,-1,two_____,_____433,IorDQxzghVPA0MvZ9ftPAgG2fAx6uBQHrlfgCEoqbmzEukEvKXAgZulCIw
893,-1,three___,_____434,gB75i8Utqttaho5lPzBMERdeiC2TEFEWawgtXZlqa563xsoprdng0
632,-1,three___,_____435,3VOWdgOcZ67Qg290MaSD0tCO9xPAOqXvELutzmk2XY
964,-1,two_____,_____436,6SNGOkWTxN7DaI6lcGXi0WLhNqBT5XOYzgw5SpM64DYJyCEZcKCDuGGqdM2hGe7
960,-1,three___,_____437,6OHkZEe48rk9c7NiuOAIjjFSvS37HLe07BEhNXl8jtphFHIo
730,-1,three___,_____438,ffKpIrA2qfOSHTKB0TgN4sDTgUg1j08XmiAxWSAmiL8BKFQsqTw
943,-1,two_____,_____439,O2IMpJZwUqP9qGqSGHdVPmzB4U2JYzIIl86oM531r6augGhXSM2EiOUYYGRzT
969,-1,two_____,_____440,yj7k0LzbuDwMJT6DGYiq0HQdN3oD6ixvXNcIvLFEhI0034
122,-1,four____,_____441,IqsUGbicnFSaQznizMve72XG9bji8TXbSelZyJwspoOQytpvInwPWilT97
927,-1,four____,_____442,Srae7Xckepk0b4hDowTmDGTfhITf0N2Dk7XANZ55O
965,-1,four____,_____443,HEA3eSFyf1s9XV2odyknmtwE6Mb3L5yyiczH6U3LoWrJUO8H2fKGFbi6WpVN
850,-1,one_____,_____444,u35dZ2GsSXaaNXqVnEaNy8A41lVjK8qqoXnOJfrQAE
912,-1,three___,_____445,J1IViGcFaQYiuimjsbQhNANxcO4NBgwkyzeN64onqR3ucqPnl
928,-1,zero____,_____446,2wH8VmBRoAYhRiyWrCA3ub5ZMEIHKGo00xG42OQYbtjb15xQNLNgc3p7b9vz7SAA
717,-1,one_____,_____447,jxT6hFXTJ4izlRI0kFtTNjBsWqhOIEwtxXhrl
967,-1,zero____,_____448,c3BqSRkCPe7QbwEVpB9snlTmFNVWlIYvdjQ2h
580,-1,one_____,_____449,FowItfdP7vNSivglol3hyle9FS7vnTDFB
982,-1,one_____,_____450,A2fsH4V0uFPXZmtZ6VaOeHdZ4l00Td6wjZkvfIZuoBFnzlo6IH918Sm53fsLxR
917,-1,three___,_____451,BxEoXNiDfByhPNoyuS2ayURk3ERC3asZP5KdrHUwCT1
974,-1,three___,_____452,l1VAd0Pw6mTdMSgg6QOJb7xRbGzwejSVkoKfsM1cOg5lao
858,-1,one_____,_____453,UUGeTGxYKg9wTsnLm05X4au4wmfZs5yxfI
780,-1,zero____,_____454,tka2CU3RjeSit9AMPwoT7G5Bk7yBm2tpnk5a6h0B
975,-1,one_____,_____455,XtJzwwDbyptwuXP9c88HQMLwR7uPjq36kKUyirc1gNXM
979,-1,one_____,_____456,bz5HQsZ8e7hzICs1EjzDbpCVvKSt5mYeiamoBsXiySqIqQ1GWsM
997,-1,one_____,_____457,NjGNSSIakWjCm58HTqvzmnpwyS40G9LBCsLFUVbeeUcOmsl6NR
996,-1,zero____,_____458,7xRofxVma2pRp2XCC9pSDjKBuj9qdCn0q6A
900,-1,one_____,_____459,CLocXtIEaqfnf3BWeKXfh5HVPuZ5GauywdP6xHm
807,-1,zero____,_____460,eSm8mknhDM0kTqO6cWDut4yo8oxSDIZ2jivXScrhOTJ3R1V0Td
759,-1,two_____,_____461,MvrNyy0hrQRfnDQkut5ninNuUtJcn6um87
977,-1,three___,_____462,c9hUb99pA7jhjgh1Pr15bhMCnYQY7jhj1t9dqNgRzMgpw5DscdNMQbgMslD5Sw
994,-1,four____,_____463,6OAsAHfIKScujjMmA8ErxnA04H67QL2b51MwVj0GCag
937,-1,four____,_____464,Xb6ocAeSFBSKgERnDBIEYQ3akbesyxtAiezxNdZC
991,-1,two_____,_____465,xydbfpzyRG0mMStksG3H0vq6QvRGkPJuLupJ8RWfx9eJIBerU
877,-1,three___,_____466,HziglyAjjdgbj63AH4VTlzNGoYJFKXekvcUGms
967,-1,zero____,_____467,Z5BBcQKRG1Soz4EuYbLz5GDvRAlWxCPkyWcAaz5CElGfMjizQFxBsjX
988,-1,two_____,_____468,9kpNVSmUPhm9bHQkihZamDF6oHLSmrXjAGGQ5jwh
995,-1,three___,_____469,88n413o2TITXY9bjHRbDDTmmfYmO3jLDHCKzvdNcHyqmY0NZ473LVVMb6jjAnnww
862,-1,zero____,_____470,Nd21zjvLoKUgOACehSuELcwNcCmJwC1DHzPT2P28o5nLFV72eG7dEOM
851,-1,two_____,_____471,KZQGnN7d2MUWIvkekOAy4e2J6E1ETn8H1aIXCdukhA71AlbObtifVOTRpZ
792,-1,two_____,_____472,8TFbxrSFo5sW2V9DcPj33nEqiqNwp6W8l
953,-1,two_____,_____473,tWy0nn63h7ZXVMDtyOHWdsQCmqs1t8821
998,-1,two_____,_____474,UO6VUNUgbgOpmTKBdgZZ7wOtwgK9ynIWrsDFaze49imlIMjmMqZ5mhpk
974,-1,two_____,_____475,jpI6skybRerrWKb8ubAFOMTMPZ36egKuxS63SS1SmjbQx
996,-1,zero____,_____476,rGXjINJ497eKrfGnmD29ya65R1UHQj3hzcR
875,-1,zero____,_____477,JLt4RROk90pCKjTpISZGjGl5n5OyKYT7CylDlK261jT8tYKTijQRiRPC1fRVX
999,-1,four____,_____478,TMvZiXX1QkdT0fSVOWS1ftT6N9KMmqG6sk1ar4
422,-1,one_____,_____479,1x5GKc2SSIKEom39uWHAxBG38Sg3WMy78IFMllRq55IE2M
896,-1,four____,_____480,sxONgsvlFPaHcoTJTClLzjZyhX2zAhQgxpS8
932,-1,two_____,_____481,YIu220mxJPyermL4HsH4hnx3CtlovvHxYsZjijOISk89mFUXNAc
884,-1,zero____,_____482,9II3YN1Iz9yxG2OhyMSlV3IHE6edQJCeb7hvuvDXJddqmbW
899,-1,three___,_____483,qQOOzYwFTsYMVpOmCoPhk8pPfI5q3I7jXzGxGKHs
761,-1,zero____,_____484,n3wyMXU3S5oK7zLsmk5PDbOrJZKJEH5JrmUy
824,-1,two_____,_____485,nApqK0pLkG5gHLlMb5m1wiJ24iuUSOTS0Rj8mfFid4eNCYwCnekRX3Zn7oK70hq
920,-1,four____,_____486,QhlDG5QhjLOLPEPPRkaxxhjIkA8yXL9WBM8zJAEv92dxebNS8oh4Lmag8F8qckl
987,-1,zero____,_____487,RaeN7WbQ5Ywr4GTTyXvrlFAsoRbXm17uwLGF3OwnXk1vazt4Nt4KmQDtI4oZWEkB
865,-1,four____,_____488,Skt9z5ZwWoeDNTC8yRHuTo5WzSDk4pKN
884,-1,zero____,_____489,TmZZRnwnn8y41GXBvzwKIpZJWB2SVP1CyPe6hu
987,-1,three___,_____490,Uu8OfRHoKD0fGsCNydDMYWux8KhpsSMSxRKDgFMoyfEXByxjm8v8YjBMljgdVI
814,-1,one_____,_____491,IsscImo2ZxoGPktc8d0aqynJeeJYCdPjLlO2adCZtUcovbar7i87r5ERjW9
933,-1,zero____,_____492,YwxijESGWyDWbTPvOl3WiNOFtfcjRMQvzRWfQb5m79
713,-1,four____,_____493,psr0xkjf4EMUHr9SNxFaGMgwZ7tl715dPOk1g315qk
920,-1,three___,_____494,Ph76UXONwUCyngKiSm6ckk8zMjUdaxyiag0t4qQHbFK0TqcQqlgQ
709,-1,zero____,_____495,9b3Nf4dIQE86PAC21dDVjlbcazTbtWBQniqAXJ4Ok6MBNi6e
925,-1,four____,_____496,0J6oEd1KuLtu8az13Jf5C399JqbUBoWoxixn3GYsKd
968,-1,four____,_____497,JdJODBauCnqk5qqcVJR5iATz1p7mHCMztf9AFKqk8DA66Nf73p7fP
994,-1,four____,_____498,wjOeaCn262OhjwkxXjyPcMacIc3ED2NzWus
988,-1,two_____,_____499,iPd4SLHqHiALWborTIVB3odD1tyXuUQdtPjnRlEemAwEnNMabS
980,-1,one_____,_____500,418SNlE0CDVmgOjULd2mYc3LRii1rNe0up4YsX5T3aSBoMb1GwUjo
920,-1,one_____,_____501,AFXCFbJpFpEOEPBgdjvWoF21PN3QNpIALPcgIKH1YF5lSBHQzl
979,-1,two_____,_____502,SSRWdLesHiGxUMpOTCv8GEeImbs4Fazqcz9hx1Pzxhlusw6
410,-1,one_____,_____503,PrSgH105ZntEoCObJAMsjnpFbEo1WaLLN6BX7o5j63GkzIKP2V
840,-1,zero____,_____504,z88OivgJv87wwTQ1aBRPSuQ8yTjsP31Xvr6Ugs2rdgG80qsXkJkI0D8
927,-1,one_____,_____505,xlnqJzjy7kgYsNoKt7CEQeW08E8C0aAservO0qUwZ3W0
919,-1,three___,_____506,QmiomPdwAuvKad14ee6yKniZbqEgU03YDqfktp4ils1WoQ4m2rQ1HG
828,-1,zero____,_____507,Tr3miVg9iKs9SuwS59YH3lxBBe6tG21S1VXe4YCnLRyUVhHGjV1YXBw0Au2
899,-1,three___,_____508,BdNbtwrRwA6UdgQQ1Y5Xi00E32klTPgYNkeMuSL6GJtYuncISck4jTzy
804,-1,one_____,_____509,6PZjjLxwg0JZcZ83o0ztQmUO2DoYCy1mW
926,-1,two_____,_____510,tgay4KK4D1JipF8hafjk3sGCkiOnhequSUk46Wc9Y8XYjE6Ezf3qOv
942,-1,zero____,_____511,GeofwtQGyaUiw4FD3ifXZKKOHUcc3JVdiYsmMwzHJmG6O8QLBS480fLV29TELed
942,-1,one_____,_____512,a2oeL2X6WX5MFquUBKDFntHUou7X5GntlPSfVIfQiXLHxSQ
981,-1,one_____,_____513,Ae6O0tYTDqiPtJYJOnltpRhHYFHcXd5YKyuTQukHFBZHXE7oiByPoW6n5BhFAL
930,-1,one_____,_____514,51oVkufpGqT8DdhfGb8ZIDL5zRstYAqmo6LJx4sVr8Lv1g51TS3vBdb
910,-1,three___,_____515,wPnAkPma6WlL6n2RMUxGPT1vxKhtARZxPVr1kRkEyr9PnaFETmYIlLg3POY
952,-1,one_____,_____516,1ZTQY5WFCZRhzH6ti3ZZ96nHIDJXtiUGhimFOi
937,-1,zero____,_____517,K5Hq0oRW4C0PJsF8OwUBqfLlNyHPpZukHkITr3oxL7NAiiLqJDTeE3D3afmWb
983,-1,two_____,_____518,HPb7TzJ2mofTgrXQIc3ZbhlMjOfCZ8ziRRSzpnfZVumD
960,-1,four____,_____519,BhuOylfmLooXP790E0ti7R1vGa0OOedKE6THVhnWf7MDl3
977,-1,zero____,_____520,4J4aJWksjmEHTtOhVn9JwOeWOwb0Dghxq75uGoaiKXtDL
935,-1,two_____,_____521,pA5QqN3Ao32v18I0CzbJimoxOwh1KoeTbxnX406VvgHte6aH3AGTPRKVvl8Vjx9D
883,-1,four____,_____522,W10FJGahuAPDu2quxDRww54hmpHf9FBAdEAnIDErUsLvfYxCquzgrmI
983,-1,two_____,_____523,OJ1Sdyctqmoz0k5fEkZkQHU6UYRy7b0Pc57ujAh1lABTTerkCgP6HC2wB
992,-1,three___,_____524,NAtdLwLAbe9rkbJahRlG8SicdQ9N2chUL8oIKQ8Kc36hluQEAH826D
949,-1,one_____,_____525,4dwkTIKNh61QSZFn87DAOjFwyLoVVZseFg2lWOc06YwC24M7v8g2tfmq2lq2LKfl
908,-1,four____,_____526,OwOkyTkRF2yN0nVjLpXjQwGEjejezSnGJli2NcuDSd2zsgPVUQI30NzuRiFmC
964,-1,zero____,_____527,V73QNTniUd3X6ic2eJuVAtQY2UHjPjolbWRyDaDxH
761,-1,three___,_____528,0ah8tz2FbN3fX1GWoGOezlO8M5z4zQMBcnIpJ0FoEzcroAAs0
925,-1,zero____,_____529,x9bYVD0i9yzsy7AdmG7Vjcdho2oUAbfzyIjTJBB3pMp16C0
934,-1,two_____,_____530,xmJyeyWYNiH6unkfY0Z5JckUtknAVT4LH7gVJGcJ
824,-1,four____,_____531,xk9c1YCSQltWBc7TFi7P6rtDxZZFrVNhOOIatxBGPpfGwkx2Jxj5msnKYjiy
743,-1,three___,_____532,q1JJEIEeyOfG2qNGrj3nlgQZw3kduXxCHiCtOd
917,-1,four____,_____533,5Fg6DevbWNbvPUenzs59IYWStuQYOnvadZSalEwO8P2Ti4ZrUTK9xJM2rxkFLwwf
911,-1,three___,_____534,Gvj1kgqGi66QbiH3r5zJCzOxGPCz18MJwDZn5AFJDoCuaMWCqs
925,-1,four____,_____535,AQPLV7cxTN7N4Mxs1lkxaE0xG6LpbywIDK5M6rSMTiHSXqCcop
929,-1,three___,_____536,mLEBOPTXZYAK0aoP89eHs23CIzRiVTLsss22i5ZfucHydg
993,-1,one_____,_____537,NOGp9PNpxkMajrZPbz34dCXTNo3RncSAZJGw0RVsz
981,-1,two_____,_____538,6kuxn1VLLmR7DEIHSgKlOBTv48n32NdiZnspPDOddHuiM
720,-1,four____,_____539,zZkuhC6QU2L4BGf37cTxodEaD2c2fx4H5u4Uq
995,-1,zero____,_____540,Q8vCPvj50suRyK4yu4x02ADYVsvfmzQQcH9iBn7CgbAwyt
913,-1,one_____,_____541,Mpu69MdPdnygMZaVrNDg8VFpyrZ7Xdozec8JG5u9jrlNXi2fVjbmnxDhWpuC7z4
849,-1,three___,_____542,gNesiAifssaKdn7SJSY4a1cpieRfq2TvbSRFxExS37staj
885,-1,two_____,_____543,0sCwtPxLbbhwQhetbdMA8Ob8yTfszxAQIq8E
994,-1,four____,_____544,K9G4KLevmEjJd01ZAwPxe2g15rjIq761ns1R
996,-1,four____,_____545,gfZZNcVhLwKdqGXeRpCtkCikkf8TDsMZ5OmLvVobBwiruux
943,-1,zero____,_____546,23HKwDsVPqKZALvgfvRZfDnnf6t5PDIMfQ1oRNGXvuewJtMdQ1sOhWvd7Mw7IapF
835,-1,zero____,_____547,QCdrqDBl591KSxtySZdrrFIDBQPaXAkrpLf2sr6lDQSQjMjeyd3DKAOgwUby8
957,-1,two_____,_____548,dkBnDN1lWguLSxwCPpcXU4jxw26kdbpJURoYrdr8dTf93aY
861,-1,two_____,_____549,cpvZ9OgML8jWhsePSrFXw7VbkUqqHaTDPlT
985,-1,three___,_____550,dOjosLqIOFgkChdCSkVdstmG8tXRe4FKy4GJAv8hslumkv
879,-1,one_____,_____551,CBvAvLcGcPrgUmE5sHnp72Jhks8e6CsijlF7h
922,-1,four____,_____552,w44CW2UjB70WqaXZALYqKUH6uTvQDQi5wH4ighbAFQvTPdG
962,-1,four____,_____553,CpU8GWnqw4PeZRQcytXaBEdZuCEH5qfcxEeqt4P4j3re8
940,-1,three___,_____554,0uKxRYIwNoSuUDPFeUId5gjtj6Db1UgZYW6bJQE2O3aaD5OMmRBJ9
787,-1,three___,_____555,DadI4D0H2nVanN4cBtnFYD4F34FE2VZTRvT1sYOTwBuUndHa
915,-1,two_____,_____556,atm2KZJeo9MezqWVGGCzjPEAdRKHXb0DRqer
907,-1,two_____,_____557,2WLnwmNnA7STVLD1BnzElGAdwIIhkffEP6fJYnjpT6Xh2oWkFvGL
911,-1,four____,_____558,C7cx89kf8YFsJxb16Hz6EN1ks7tFqqEdlEBdnJ
746,-1,zero____,_____559,p9A4msp5n2RH9LjOS0ogBECrOmz8YrnjAZ3cjHYJJQNSqvUwNE7
901,-1,three___,_____560,NKjU1iqaK0yuNajNgsxx1p9gAbMWhdlYLsa8poDWU
973,-1,four____,_____561,naXuU6WcVfO4lj1pqcszVBdSta7tSwHBpJTYK
942,-1,zero____,_____562,7BuvYuWoGugX746X8npbG32QHniunyi7mROpZYDag4amRrMn08Y2
984,-1,three___,_____563,PwsrFJFpGYHQKiBq6duEiZz5WW1Y95PJUduplm8r8cNB
1000,-1,four____,_____564,GqCTA5tBKDaJiS2QoYghFMPP37AqMPyarU3ydTcnlzhEji9fIb3SRp7Ha
859,-1,one_____,_____565,223e0M99lduOItSw5GHFZwzLpZS1t7YlMgd
412,-1,zero____,_____566,QiW1UnDqfwcQoobMQXYtc09y2ui2vLMiTrSTi8W
814,-1,two_____,_____567,0ccRpLB4eDsfG0a9C3E5Ib94SzPQGi6ONBT0Yut0VwCrcNc8c0b4DuM9mZooq
910,-1,three___,_____568,atDIJF6PJwnjsvRduBBoctKB1fC3uKsdWxkTS2cs0tYudzZ
892,-1,one_____,_____569,JebAhFICFNTrM5zQ1lkPPgjBV1FAVN7mftUQbarGipdaAfMuG5
912,-1,four____,_____570,9kc6Hv7tv07XMDaY5YF6RNCgBt9ISy4Ww4N0L
924,-1,two_____,_____571,SwyCgMc2FqxrtfLYe8SPYkQg2XVUSN66v1V
843,-1,zero____,_____572,ntHVNfyAbpcNrsUrU2XZ6IsS3zgmFgBBI4BPiNe83VF
641,-1,one_____,_____573,IoHDvmqBfbdH0YhD8qcjTa6drmVxT2Mst57rAWPmjiUVqxRds
884,-1,one_____,_____574,V9LkhdrbXMT2sn4XqTgFB1pKgCkgr5l6c2EpNVG5lwYzV
675,-1,zero____,_____575,K5F4NVO4g7SfwxcFktouW8DJFy2bn7jr8EaZtUHJYA9ptWedygAxC
779,-1,four____,_____576,Bu0xZ5MzyGEf8ugyzlGXWsIb2TnPqEsH5ta51tvvnXuY
904,-1,four____,_____577,7QpzphoYpLRCuYUvntC2t3pvP1WWZviNw5HS
824,-1,zero____,_____578,cmkKcl0I39WjOqi0z7vbJbAFVTAR76l3jpFH5
975,-1,zero____,_____579,nY6Tf2vUPAf8Nx3Nmh5J3oGisUVeuNrJNhkyQwbaUYGqWrOwKq
935,-1,three___,_____580,elICFzpYl6tKNCePqCoh4lebofTBYI4fX1MDKNOrSYcoVmbaPH8eY1
920,-1,two_____,_____581,TIPlOf9acU0RcDm7HCUtfSWD8cBZVxgqPi4t65f3aGlEHtyQa1TnTM
1000,-1,zero____,_____582,W6eOp5OXMpKBtrdNFKiMfKXCWk4m8lIfzo0RSjS13
985,-1,three___,_____583,QO0lbRucsxwxgqLXQCoc3zvosqpdSqOhB1q
992,-1,four____,_____584,VfgEVtbmT8juiIVRU9ndIcyDsnJ4d1BZyAF96igCdvEz6d
638,-1,four____,_____585,Hq0CqswK8QwX3SES1ctsYNKe4BRvEK84wIl
897,-1,one_____,_____586,d9bCros0wyMAcS4lP2Fx8iO20CP2yvkS3HPNsSNaJf
913,-1,zero____,_____587,1B52TEuv4wrdmrodFEZ5McS418Um8eEJSmRh8Yq5brxa8gY2CiNWjCng4wnM3
749,-1,zero____,_____588,ajvZrM7z497BEkkQWDg7jb7hRjyAMZZhrapx
911,-1,two_____,_____589,M9BQzJh7Qknwl3bPhwzccKSi3hGPhhADS7DVZbMDFZzXVqtGI0Ns6v7RM49xb
952,-1,one_____,_____590,Bw8e2CFMP5LdPBPRS5Gf5J6ojduW7XAwVWZ9nIlmm9g8SZZLbykN8LfzcHGpDJf
911,-1,two_____,_____591,31lmFCDxvrMn2ODf62CuU0qg2kc6FuQW2QlldvEBEB7iO4WyAG6nAQqHSBLZvWjj
932,-1,zero____,_____592,j3PlCZvQgPvyIkz3POutOHvU2qTrGcvw0XZ0rjN
929,-1,two_____,_____593,ZNI8wmkUsWEp46hBuDP7jNxcEfLwZwpA2MrLHLfjXvWXLxgG7T3MwZOuPNpM
984,-1,four____,_____594,WCg0oFqADF5Jj49w91X3xiWViPpoIcGjAgBYxKBNPW
865,-1,zero____,_____595,XsmEtlgECrbhk43o5d8h16SAQ73u9cOEG2JV4wz
906,-1,three___,_____596,6Wip6SNR36wZ1LUqbpA1MbZKCXbTjhHe5FXuaQWTWOgafA1xUw30Uvx
922,-1,four____,_____597,COMwDNhZk3CJzlNPD0Fs7M35IyZhEb9rntlonBa2zghPTRcQxCck9NWFsOOoiKzy
895,-1,zero____,_____598,bx4waK7FjlkZmwJKXUdjICaJrm7xgfFyOSxBS1P8AUiq9177bhQmZnQXgLJUlU3e
983,-1,four____,_____599,u9qeFr3Ix6x7Kx7eSO1LSoIRMtiszsxuEOtxZwatv6h
969,-1,three___,_____600,cOXOdxr9uIdM18Qe1zKFbwuezZNJrEAdzczBehUc
846,-1,one_____,_____601,h2rWcGe8wobhBzKYyh7knmjqH0GDHibBMW1zTka3rl28Ac9zziHR
974,-1,three___,_____602,N3WBXUmfyh1gPMrLIzQSpwD27ZAFRUvVjzz4heL2lkEImnzjw8nq7nDBB7W7dQ
982,-1,four____,_____603,KgD1jPxG3VGnsNMd6reqV3yNjQihbQLfhvQaFbIUnPSxW
930,-1,three___,_____604,aMyJbNKE9yf2DOX4AOIQcXYXiUFSqim8CwheqzBsPv42kZUTD11eAMGD
972,-1,zero____,_____605,wbCj5FQHdaj50c3Vq6WZLPLzcqbfMRrQPRkbRf7JGkQJanQEcMsiAosV
824,-1,two_____,_____606,D8DagQfq1xCFUcvHq6z7mYhVP6HwlaacufiKGQ
832,-1,three___,_____607,5cDdsWFolAERQD0s9oSiZ78TPcQ920GSF0ZfcGEpUc
935,-1,two_____,_____608,dQESgfSHAjG7QJArNdFJoEMr9YQBNF68c0MpBCsfJghWw5BUcjWiyX2BKic
644,-1,two_____,_____609,3BThNiNhnhmYq18oCTBRzpPSb0pMaotX9srjQYgcsq86mwLfpqY9XVOzbfEY
936,-1,one_____,_____610,lNnO187teXtD1i9VLzOhW7fgF86tfHIlgEDrPAWSeqT
979,-1,two_____,_____611,TtyQzNR5wMzMmJFWMG7yCIZ70BHHh3oYapcjXMLec8ZbUlB
947,-1,one_____,_____612,nEkNDldrFPi9iSlaPzdAd55IR5Fen69lDINW
978,-1,two_____,_____613,aw7tnV2ieiLAm0w4ncXiU1SWbeaEpZmrTs51DP2CYA8TlF9Dz4B9LbKTrSBI
1000,-1,two_____,_____614,Xz4bIw7Ljyqx6A2WvFoIlVtIC6QNxt2epXmeVtnLKzBfMOKPHA7zBRy5syNuF
935,-1,one_____,_____615,qI5FXT3CBVGoWn66NBsXJXTqjGGY3CcT4ciD
981,-1,four____,_____616,l6G3JufegrAbfRdQs5SAt4StBHTCXLwZ7KMUQFGfuSe1j7JX19nxR6nF
859,-1,four____,_____617,MuzreZHscQwnaNCoq5DjfhB6npJPjb4B
993,-1,three___,_____618,qtNjH3Q6vNwNaADGeDPsAvjBvMtUSA1Yklq7Tm
925,-1,three___,_____619,jbZaaZRqWCpjzi8JMhqb44oNkQYRM4neqK2UtdlwXHYMjdDiD7We8INX6KHzLT
686,-1,zero____,_____620,9t94FQYKV5lRTGZfVOdCHi2mtanliQgupjjMrR
867,-1,four____,_____621,YdVeN0aWpl1U1sBcOMiPU368wRgQTGAXjvNig9jcQSZzmLnZckVIQ1mQ96YpMCoC
995,-1,two_____,_____622,Z91UFuLNUTMTGI6CC6MQkGDMlekIcuJp
979,-1,three___,_____623,wKiM8lSw1DSc0DUfuJQS9cBNm0ikIXQr3dLNI5jGd
929,-1,two_____,_____624,aKonl6kmnHcv32UvTHjfYhrQLOpRDBHJmpRc3Hlj147o0
691,-1,four____,_____625,vTSBC3FoNBZJJ4Bcvzw8qIAc6WhMdNnnCClgzj
903,-1,two_____,_____626,jZOSMJtYf3KNOxrxN5xGU01MyajsVd9pPSvlb
665,-1,four____,_____627,AYjMVDh1ZXxhKHeHVMuoJ7ZGOtY0NA9OhjwGIXi1qSFlJXsKBjZ
843,-1,zero____,_____628,zMxSy5ox8SljcqhbBx37Lg6jEafDo71vry6fTLpXTvfb
881,-1,four____,_____629,kFXQOuIPKEc5TLb2wHcDkB4cOkVlVhe1bT8nCZI3
949,-1,four____,_____630,DwFZ7GVvgU8p8UAjU55uFSPQnOrnEHomUoFUzUIR4qO5BH0HEpeBUty
933,-1,four____,_____631,ZLlc2EgBegeof2udweq1SWxc7Q4DsNKLCS1gf6rZ
958,-1,zero____,_____632,Z4NlvIpmM2Aaj1rAnrxdRcIskd4uWK1A8nB
936,-1,three___,_____633,OHbGBxOVTUGwSUzFJBvZz1cDXyi55PA091t4FeLPPgRH8
931,-1,three___,_____634,3Gs35bg1smBNx5N3iUKvihHNBcYEhGhnvvwKP0JnELSlcfeuCDxA9IJHiSp
950,-1,three___,_____635,FJ3fGxIvYdSCk1mroNuOFytNAZzzUxpFrfQltcr1Ccss2urlrkBH
910,-1,three___,_____636,WjYLVP4viukXJF3bq8o4I0fKpwXPIzGVVHEKFllAZC3YvrD7dl
967,-1,four____,_____637,frnal6mDxZP4Eso0qPaZzyIo3nWcdasS1ephsBc6PuWB6Q
625,-1,three___,_____638,jAIVzDdp76yRynRC7LOTua5K3oMfFWa6F
856,-1,three___,_____639,IH3maYDLQmgHCKy8JJDFZ8z9GAIDBEUhdPv8LO
939,-1,three___,_____640,fMFm3EdqaZUwcv0vtmsNCtYhnVyxm9Y3c78wfSuysPHrjC3jMndUoM8ua
967,-1,three___,_____641,9jCJ4vSMbzC6T4xbG9B7TvTn2atqGw3q
994,-1,three___,_____642,R2FBWaOcXSiBUdgHXSOUZ9PpXeH3oveGVtQUlS3u3hNztZ8GhXfOFRV
892,-1,two_____,_____643,gyWNdMtTwiL8oqf9gDwEkkSa0ucZS5SKkE3gwEUfbJftJ79
997,-1,zero____,_____644,WJE5NbWloZiSuGRYkPJq5noTDX8uqVbJcoZmr
991,-1,one_____,_____645,dCJoua3ZaYqkZCnbxRuMa7A5k3ljfAnBbxldhRa1J4NxZKqNoEw
688,-1,two_____,_____646,pn9f478LsTp14rlZTSjsonYklzIGfEwG8r2Y6wg5tkavPx4mGMfpBKWkYOi7
919,-1,three___,_____647,NFDN0FFwMDjubTLMv2oxwy37Nk6D5AVrOmhBGw7As7vG6dV1Jz
753,-1,three___,_____648,M0oohOocopALgTs6uqbBO8WRullaVsNqGXzTqc7qEoNdwncBhdIzxmF5lXmBRa
993,-1,four____,_____649,K0PcYPh41RfZ1t3ZSNnJ2fTRb6VkDqXR
957,-1,two_____,_____650,1OlPkdpzGajitBafbxcfwqn6RNPCnC5N6gne6rpnCNjIvN18
934,-1,one_____,_____651,uMOW7YcxYgQ4cpNYki894G0QDpoiYoevStnC
629,-1,zero____,_____652,Btjrpwb3F79VdUVdbSebyUxjp2B2Pvc7c3srI3R9iHPfqZFpSY6
792,-1,three___,_____653,7pppKsPMdB3XZTbvmsTNt5GJxz50f8Xq5X2BQdsKkvY9LifEJpk6K
692,-1,zero____,_____654,G57IayaiMNHrm6ROcUHys8XjlUXQtdqLlt92jylh94dodjYX0xOOrf7VE
986,-1,three___,_____655,t6KNntg46Q418LkZfr55Gd4ltLm5POefKXMw0vxVk1NPO8S
793,-1,one_____,_____656,NMY6Km2u1VnkAJt7qbLTEuJsVPh8VrALv
966,-1,three___,_____657,j7RnmWrK06Oj8vzweLndz5ZtY7gRVQukJhBnweHm9qOwhI
963,-1,one_____,_____658,UDty48Zjpwxm5LZrmqT01H8tu5XmxxcQ96qIkChT5pDTBhQhFoStV
965,-1,four____,_____659,d3udCmL1PiWJPszg9MaaFQUfAqa7AGRD7GMUZWWMH0dGH0uMLVbefjgrM1
833,-1,three___,_____660,2Gw9R80xwQB77Pvq6FEZkGDDGZ18bDq4tzJmnq
733,-1,three___,_____661,OdafSXJZCVXy4VT42F2Rwl3Ky4fUeSgq6XbUtOqsZk0bJH7FTit7cIqjQJCvmw
915,-1,four____,_____662,EKyWw9c9kCSG4uEOcN2YULuHDxgNXSGE
979,-1,zero____,_____663,K1q07hSVrILjHBW15BfxASyP2PwM7YwkXUmcsyJz0qWtutGcMxhYBE2JPcC
995,-1,zero____,_____664,vaYTOPpA80NdhFncRO8QcNCh4XYv784oEclcbgFrWr1Fo01gKjxJ
880,-1,one_____,_____665,ekmnVvQj1WQkMMhzUhHHxTdHvdrFJRyFfcN5yOb4Sohis
979,-1,one_____,_____666,dl31llNJSdq3hBr2Zl3YgxQbXUoqG65PNq
362,-1,three___,_____667,AmrIhS8xwa6U7UDszVpwvosVEl0cqKQ8HqXzeDbgnEJyTgc2Oe0lYBHz
917,-1,one_____,_____668,dzF6W5mlfhy9TgtDChpksvQQ43ssZGoDYF
792,-1,three___,_____669,cBZDnqENXwq9mG42nujBvbxnlQsTkqvo22XIvqB7d6zrpjXqOJETT6pnuFIW
911,-1,one_____,_____670,RVMX3ezNeX4otHGVHYiI14kLfVPqjj1zChGvhSzTEqXz2OrAHHMg
970,-1,three___,_____671,l2wTuEFUyR0p5tmfz0Xp2UItAt0VXyoIzLn0TPolX1BEd
994,-1,zero____,_____672,rxKydvlfrtouZbOUHsyqIrNBec4bswPyqYpyH
991,-1,zero____,_____673,DaBXlaajm4zz7teGPjPALKyne6XWiaQuvqCYhVre
854,-1,zero____,_____674,M9WV2hMY4GvFQxK9dkgQJhh6kjRPTP5pMyoWyW0jUpxbiAXDYdEX
969,-1,three___,_____675,TRbwJXf7yj4no8kzrbXvnOkhpRTjplbz
790,-1,two_____,_____676,a04UUCrSYxrhHfTj5B4Uo4rPMVQ5SbHl7JtmrbCm9V7mhl94tpPsq
759,-1,four____,_____677,bSmqeZm4xkZFZJm9KY1pMJaOzAckJuETwAeOu
1000,-1,one_____,_____678,CI7GTxpSD0p5p9xVumdsZwBD5fExryMDkwLYzEt4mR5jrdWOpVXvwU6P
928,-1,three___,_____679,SzVOw4SXYO5QiYypqPiJfDDvI08jbgVwMo35w7HZQk4WoVH
904,-1,zero____,_____680,pdAy5BjkhpaIVUJlx7qtsGXOrUZAcX8C0GeIOvzlj0XXjeaClaalYK3p
812,-1,one_____,_____681,OcXtuOAayw6AjgXZMirCcEHl0eIFE1pdY0QjuQxm8x4Lbe3Vn0EZOziql37H4f1
971,-1,zero____,_____682,M8oBa0b4QQfhJO9P5clQ6JrhN0w12z593Kz4vl5
908,-1,zero____,_____683,cd00xkTCvy8hrGKSzi1JRVFf2fgVte7K2
947,-1,one_____,_____684,h4F2jlKBAngQ6sBMCQwPbO7QWUaE3MW1HjCSSI1MjjP3gq
944,-1,one_____,_____685,cH0yIWOB1Gf6Gk1H6kFTeki498s8BPVJdAfKGjy5qOaZrWivar9VjkS
941,-1,two_____,_____686,hrP8PJb4EPyKA2sYxbQtek0F8olBzZq2nIA0dDbHCmsiZ69bK62CLq2QobSCcdh7
902,-1,four____,_____687,cGBrZd9Jc2mSPsVU11KknJ98HA5yNXCPu
931,-1,four____,_____688,KQKLGfISCLsKuwlxoOrxYRoxDko6NBW71CgRQydlHS
953,-1,two_____,_____689,SUFnzBcLADtgl8twIcQ0CBNUY2vZeXZUFgVVjQNPP5Ox0hooozhrCh
926,-1,one_____,_____690,h7f6eFXl1B05GxXu6nFh1X3CL1bLxcqDm3UMtRH
883,-1,four____,_____691,fE2bQLX4YWo0QA9FS6qYGs980szx7P93SQBmWti
940,-1,three___,_____692,ddwoxmbNehXwDlVkO3fUdPyXNTmec0jC2gUCtcwCRmFdXH1c0dICTkP
993,-1,four____,_____693,i5I2kuHJwClp9eHyndRcVkzsI334SwycuGi
710,-1,three___,_____694,abiRJEwMFqDjR42lGwCarnOAvZXBJCC0Ao41kVjaGin080WJeyOcDQ
919,-1,one_____,_____695,xyiti8DyjohPGEjYPmI5Z4v3YT6FIEIjeNmPtrrliYmKujyWhjm
996,-1,two_____,_____696,EiMisZmLXilTlFCRcDTL9wjyruQtYL22VYy3iYrghm2ISlO
975,-1,zero____,_____697,rETa0svhtPh3cW6uhjNLb7CJHA2jtopoF0Qo27vjtowfnKZcosRo
973,-1,two_____,_____698,lY29OxYAcUHH0RWzed9gguRtjxCEwO333Ez3w5QiAYpaVa2jbEbROlMRl
912,-1,zero____,_____699,GRq8n5bH9v8Dih8qcnjqtMnWmVKVCdlcLGuAEXPeQJH4RjMqlMYp3BFsoMKlfWB
788,-1,four____,_____700,AVeOSZyWcDDamKCTE7Psk8sVyTXKlR2yyGiufFoyUIJe
948,-1,four____,_____701,6C8EiODZztrG5CaJwaoRVV0ok6tXEtuJPvCauey
710,-1,four____,_____702,njhrUeientr1iuF49G4j7nm4j4i7aa4Z2E2RjWGPI5MkLF9SOl
990,-1,one_____,_____703,1rTw1hgblgw75bU1ulFFT3qaT4LYN6zwNdE
964,-1,one_____,_____704,UG26FqGwjbb2COLc9tOLTgSDYWY7v07BLj7RFM3NjHxt
880,-1,two_____,_____705,jA0QfE9xgzKdTS7BtZtKpHtTL0AtoY5zloK7L73kG7lCQMyt7rlmeLBF5
985,-1,three___,_____706,43kVVbUr4LSvFh16UoJZOO1drywJNXMS3USRURHollonOdO2I1M
908,-1,two_____,_____707,XGLqW5hFpyVvthqm9kLaq4N7nKVxohePcZiXjjmyoXFPKRkhTQWp0
962,-1,one_____,_____708,urROwPz3iNKDwqIXGLqpuJBKo60BOM84PzePDlbxzWwp6QHqeafvdoM6VGeY
974,-1,one_____,_____709,dG7l1zcuySr5X2QaZG23hfBu6ayUMrpIqWFHgFMRkpsX7I0NtsQ
874,-1,zero____,_____710,Avp325xbWI6sFN22GUDu4DdL6CfQI6FaIHqQxR2gMynhvDEI
984,-1,three___,_____711,TLTa7oNOrgWutuUSTtu1ARDCvImA5dDMRJUnFsyWGIt8BdyuR
930,-1,one_____,_____712,F1ebOxvOwYdND5Hm2wGBiUEYe3Kt5LEqQl6hbMMAe9Lh8C9USsnAjiXF5z
966,-1,two_____,_____713,PoEXcu0PKRzQXBCoebjiEoVGUEnhAT4OxCa9SpUp39GuZvhTsprejI5
804,-1,one_____,_____714,sHBvKlOktYW3f5iYbdgrr6uAJQ9bs6Qq2
847,-1,three___,_____715,T9BhG7de4vHnxEIveNHkb5Lu9VFqjUou9BLFlmH672hQ
990,-1,two_____,_____716,i7CxIAXmkRuk8w7YrADwLISyyXwQx1VLmvIJJPvVZkeqPWX
839,-1,one_____,_____717,HMicU1QisLXZ04qO4P7gvKgBGX3Cbp1Q4Tl3lRzRgs
999,-1,one_____,_____718,BXMDl1Cq0W5hzCvtCNO51aQlPnDKxOGehrGhfAZtbKi0
922,-1,two_____,_____719,kGMYnoVyelYj9YGyH9YAXxhZy8t0oVXZFQ
964,-1,zero____,_____720,PolMJDyilUlHRWdfQSHYPEV7yGv0T9q5qc7TdG7iHwlA8mwCcB
994,-1,zero____,_____721,KaiwlnfGpbrQ7ORY2lPf08LBCpqrABeCPLUMHaV9Q4VP13HIjQmaVDTeVnp0vo0
730,-1,one_____,_____722,J1610YotasKS8OXyOxJux5M6p0prftyUcvT1fFh8XQ
963,-1,three___,_____723,rdWy1eZMhSNPlmjPmgEyu2toDjibPsqf
977,-1,four____,_____724,v3IlAgqxGutinLD8OC4YlfznzQZbA684y2TVg8oeju8ab
991,-1,one_____,_____725,5h0jDtocbyemN08kDSIn6k1qzozTieOkMPxnlOQCpGtVuFirfcYF2sAzQ7li
857,-1,three___,_____726,WVzdXq7atF5VPk9z21qTSsyt9c9y6UftuJd
953,-1,zero____,_____727,eI93qhDuOWHyw7FzDbR8eUL4JLNisZWUzQW4YaCU3
887,-1,one_____,_____728,qB62inJPhwBMFLudG5Oei5qz3Xc3MAVDVLg0RicjNqFhQ71
957,-1,zero____,_____729,A2h4EcbsvR04nLfbXbKPXJquCNCQ2fKW107oGrTLM047
821,-1,four____,_____730,QfoD4xKshcY4gEaw7w6NfOpsbBAMC5L75jn7OVzeyMrwtK3ZqWZ7rbs
989,-1,zero____,_____731,pIJUVFMexe8yN0LYTTnn9KSbDDdbn2IBIhCQd6oPR4dXWJxHwQjKrGHMhBs
939,-1,two_____,_____732,IsUOsjSEYP5ZqCuNpCd8XOZ57mU2Fg84amiZjN0kGriMK4mZro4
979,-1,one_____,_____733,XkO4QkhcmKWFIkFlLLHWAo6UNySILsyn00kIpCak1JmVJnm6G4SW
978,-1,zero____,_____734,lg9OnnYTk7GtoeuOafKNsBwhNjFbkFhIgnfCsJT5
873,-1,four____,_____735,pgvgmih9xfvWlFBqgyfidiagU0Vhzu0EhOARu1FAf
893,-1,one_____,_____736,NS0ZJSqHYIFf62zRl5pY99uki75fDsmZdKjFOIlZAnruOX3q0ojsd6xNxZ
583,-1,one_____,_____737,svmB90QLRI1ymwKtMwTDget96fp3CoCpoMjnzqZ9QRMDl34
993,-1,two_____,_____738,XDUNeSffNyxgSBGdx6mGHrYeewZZRzPI
940,-1,zero____,_____739,F4HYyxJOaUzuPuDihhZJ2UJSyqUgehWdcoMtnOqyFM
906,-1,zero____,_____740,ZDzLvgmZdoikYPtmEGYwpZ6ZeVkTMztSPZmnuF7ktdXJKGZAlMvVVLSRQAJoI88
987,-1,zero____,_____741,78IbiQQE6ChZRS4u9ygTFCDFo8pNXEOJqhyo
913,-1,two_____,_____742,8Ugo4O7oOruvpybfAV3rCvTnjGD3cCoxC7uGSon
945,-1,zero____,_____743,UVRTNMYAmIPuk8YRKnFKKM1Fa5Ykfxr5pZeFHeQSlDYmbShh3URnQbL
860,-1,three___,_____744,xun3aLBLuQCO2iVDUwP7ms64KmY9J7BSGahVpVGv47m5m5HpzbIh6zPODa
843,-1,two_____,_____745,aUsYCXfthyOyKn2xx0w6tayPWSdYnGaxjCUmsREESMbvX9ccgdCDIGunGOTr9
981,-1,two_____,_____746,itaNrdfvY6MahmoGlibk3eOxO5VokeCYApXrFLWQ5tpUoL8E8kyMTrHFYqC
980,-1,three___,_____747,211eituqWy9PQwcmu4xZ3eXh6InXMqEJ
939,-1,four____,_____748,2vpBaXCQiHGU6apij9TEUldlkbFkoLqowzJnRWA10S9mwq
831,-1,zero____,_____749,esO8pfi3JfQB0RVGjB9ftwJSREveiJasKLqIL3zDHfEyi6LiWw
957,-1,one_____,_____750,ofsocbx1W4LaHE9pLKQTBsXB7tfv1s9rCSVm4ChNkltHD
990,-1,two_____,_____751,JvI3jG75jbAkvxBA0TVRnzaH7z3gqtL7kLe2e
929,-1,two_____,_____752,tzklr2btgpQuWfryl5vGvU4dDm7l8bXI12boZlFhjGavOqpKm2R
968,-1,three___,_____753,fLAZTvMJdGPkn9UhcAVlwpGAu8oNYPp5uA0yxQOpvInmSsKE
825,-1,zero____,_____754,WeRmsp9q6naDGjQkYOCEwz1qeWApPm9iN8EoIu
840,-1,two_____,_____755,CWyvyZpFTcEY7bRZ58B6YJw1AyJrBaqtLvrfNroOOwllP
998,-1,two_____,_____756,Uw7N2jvtmPTnQ0ijP4GKPDVUHZGjjgI87xRZCFwDbI
996,-1,one_____,_____757,rFkpQusZcrcYx1SSdAKsbxcheL6ErXlCFU00T8ltdCFYlubKwKVFUE
916,-1,zero____,_____758,wghqVwr8BGRyr3TVtQmqnYN6ruTnE45o7peJWdfDLXw5Djx133K6U7oQqkKucP5
778,-1,four____,_____759,2N7jEQtzAp1yVY7EXLuCmNGNkw64r9BzaYFUUw0MtQ7WBVkNefpj
898,-1,four____,_____760,waIGAEaTvQLZOvbOBaNTu1RIM3pmIek2CDWCgYf40m076WMXuZWZxyqZ9OQZu
994,-1,two_____,_____761,cb3eKgOAiIQlH396uFFkwBm02225kLZxVwzuMeTWRVEye4TDPz3faR
815,-1,one_____,_____762,6U1k4xXbr2ivUbH4NLeBRie9cRGFv0ZZjMSlGl628EexNGkPOJJEdyO85cQuA
918,-1,three___,_____763,oqqApcdwrrf4zvqRElJBe8hR1GCpUiv2GiA5OqfibORL
965,-1,zero____,_____764,64sZ5Fk23XsBAlIMXEoGmRkqRjb0yrUf8A
975,-1,zero____,_____765,vYvapWa61AxyYggL7nrDgDedhQcPPPipm15ao5U9ZJbFWCQSnyYk
944,-1,two_____,_____766,ZQoWxPiDdhIAMqt8w1djjOgfb9904m66JlFjDl7nl0UR
915,-1,zero____,_____767,kFb20ZKDLgjfEeWv1ifAwIizku1whJiwYSzSc6doK2ce9CwNXVfX1w20Z
825,-1,four____,_____768,cYWL9TAoKtEXwTb9HcKFpET0etvDtsLaZAI1gYZHe3Fj7NPAzA6GVVRJW7GgtJ
976,-1,four____,_____769,QhIo0h2tZUKiGhGDkrHzKrQyzQ6gnQxLx
926,-1,three___,_____770,Yp6b4p0vNYajHcER8yq8WhqPr9nvkhqBezfAErqQ390NvlMx27a
679,-1,one_____,_____771,cMiLWNpYwwEzlDPDeJxSHaCiTJSVDCZC
986,-1,three___,_____772,5jtVp6Ugahir2sIREXuPyK0qiqpjnf4kyOtZ6JNvMRuXA0aw94kHid
998,-1,two_____,_____773,wQEDoRyTUToO09NzgA1pbsV4kVjcSqmzj0uHcmfgD26aXGBR4IZOgotJ9mWn
991,-1,one_____,_____774,CVHUkp4NT0eqCdA1OTW9VfUeWCjLOEUrokmXcStmGzy0mrDVsHRZbhpWsAoB
988,-1,three___,_____775,58dxJeuaHRR1ESSxV6F7zSSYYKSl6ZY5tGnRsYBbk4nby
876,-1,three___,_____776,Vjvep4PEHI7PlWiBlJBEfKYWnNtlptIhQmKddBSx2Hau
967,-1,one_____,_____777,eeizBSYKBa6Oy7VknR5FXfljBjFUSeVqvLtPodN91Hc3
948,-1,three___,_____778,j4XC4D1RivYwYxJJJKzBi06tf8lCJYxZgQAvpKMLAzLvBz8OSMaxjXvwy
956,-1,four____,_____779,1mN58bR1WdlMXN5ggYfmh9cFhWK48xqr975A3gwnJcJ3OsvXxM8kBlRjTx
987,-1,one_____,_____780,RrtksAXqZxq58J5dyx0w4SO8aq7dUJJske
807,-1,three___,_____781,Lan27Scg381NZfl9pVSGywOSAZB4F6SrPcqf88ZdeuXbdiEGg7sqc
923,-1,two_____,_____782,jg4vGbI7NhuAVEYGQrnX7P6ea21SEYhFKgUchcby5EIXORfLLbrX1mjNMv2S1HVq
989,-1,one_____,_____783,6Uw22y6dnbtDODGjjavJctsfnWdw86LVBuVBipkfWgHRYzeY0dt7Gf0SJFRazL09
870,-1,three___,_____784,ixrki6zKe0a7hvy3JRjPGxhSQdTNsn3tfxDGiJfu
965,-1,one_____,_____785,5nZ9F6BK59K60HM6r2bG3kIBjE1HfvXqxSOlIXhIkCRYGmhFngqm
971,-1,two_____,_____786,24l1dm3w4UqE4QGl7CByziKbQzickpjWf02RganojUI0LWwUIpAl7AoxAV02rVVi
931,-1,two_____,_____787,vbkFmTwNGUiFvxCLLpsHjETRRX2flvPC0OlvD5QFSM6
836,-1,two_____,_____788,Bgx58G3auXg0l0Uw1f45VZ8TrN8TqjKH
976,-1,one_____,_____789,Jcgz4GSw55U4HGsUewSGxpTDBtAxEMFq
984,-1,one_____,_____790,4DDIhqHt5Z83Z3F9lL60Hr71HyCKv7Yhb7ZGH6
983,-1,one_____,_____791,yE1jVPYDv2gVWzUrPxneJ6eswUtjs7SNp5d41D
958,-1,zero____,_____792,lRXSOBMPAriHBEJHTMBIYbQt6lK8fi50L0STLS2a
971,-1,two_____,_____793,r9zIhZCYOSlG7xU0mMWKFlpHOJ58aKjHHjV9yA2rmtQP0F12VnWrhrYR2RkLG
989,-1,one_____,_____794,9kmow5q3ZbJXJaz5p7Ta9m7gLMqxRqvLIdrVldzHEI
912,-1,one_____,_____795,TEw4a2eKfe4z2QIqNOJMnR0eTMMa81sgGy
897,-1,one_____,_____796,ERfrcTHeEyOBcaCLpVJMe19ZHObKgtAK1
957,-1,zero____,_____797,McdkFvp6F8XvJcvnEjcO1BZPPzMB8NWTQncEteoYdwhNWZbN3BJhBUHt3kA
975,-1,three___,_____798,CpayLqEkl3VF3KfOmeurncnAjKdBF5vG22gOlgs629dko7yZv4t7FZ
969,-1,zero____,_____799,UqAFcDs5nHBLNR7LvhkxkmxgQM2NaCKNr0t
999,-1,zero____,_____800,blQjSFrhYclRY0nRHTHXNSV35B55zDHXW9ICANeVx7cr0JbBn73
992,-1,one_____,_____801,QIoZvkAUobPTdjorvRQqRhDOSEiDpQQ7F3AkpJEJEYxLmC6ewEpZu0OTjgl8I3c
890,-1,zero____,_____802,LQI6u66chbdxk1IMMsHIEBoXx4e0ZzUokncYH6WTldhfsPjuy1wdI8tszVd
993,-1,three___,_____803,8YRs48VeMzea94BpGnFeyXfjveJaf4GBuheom
967,-1,four____,_____804,CLJ7BBU8NCKyluYMcNhWCI036eRTtGJY21KN4bwzhgD4d26I8Gb
917,-1,three___,_____805,yjpgBfLZgpqI8tbLr8YGxtw0bGN2twaj2f8H8
867,-1,three___,_____806,kNPCzLv5e7WD2bY0a2Bwe3S9hJzI3o2Sk3epH1bKZz4L8D7KnJ2yfi
875,-1,four____,_____807,OP4Cr9vZIvU9ZLFvOwxmYdEzKm7OsETcGIVA58Qbs1NqnGaM
945,-1,four____,_____808,kxn8lkCyvV9mpBj0p3K68KrsLdfbiD7jQdOCuUD7LMhtdggWAmiYb8
937,-1,one_____,_____809,ZClqH0chvaB3okmORnxWLxlWKPnKG3Sa
882,-1,zero____,_____810,GiA5WGsPgRWFuKosORlY8vHMI3p0sZqZwQtk8EaCH
904,-1,three___,_____811,2tVBpjHTq3UDBECgbAdvaOHd2ed8Si11GZDsb7bEIjaHFAbP
964,-1,zero____,_____812,Bcg7Us1VUnIk4YV4N084TvoDtilramfgjqKRALLGlatYqjR3
889,-1,two_____,_____813,9SfvNrn9kBYn4hb7qo5dTryQUAuGPTO7NujcOW0V2dBqx8Gl
970,-1,three___,_____814,kS6t4jsBYNSEnWv9oWw0Y860Zdi5xH9iA6wA7kdo
888,-1,zero____,_____815,RUvDYTxwFlHzbaS9D35BOoNPMsLwCtRh
973,-1,two_____,_____816,Sg6baLJVTBnLB6Yaw4laSiDlxYgV9QXMAhPYr2fGHNJW8V2zaByKdCHg10G
963,-1,zero____,_____817,Tf7fhVOkWTv6VoYGs8mxYUM2u6cX2ZvCpeiP9zjJnfoNnajm7mgN3Qv
924,-1,four____,_____818,TLFhZQKSmzJrCHP3YJ8ZQCrbys4QEkWNO9I0r7SX
988,-1,zero____,_____819,CetYAfaHnAky3z5kSUlq6Y1rDabTTQFe
878,-1,two_____,_____820,mMYNEENOuT0pEBhAVZjaV28iPCMYgIGmRfLtY
980,-1,two_____,_____821,rygiyJ3inorJ6YbnDMsgZOLDHe8anvW1yHaG48JoUEiWgdmau975
806,-1,four____,_____822,00BpHOXEXsgIzsbYAkkIlCI7qDHpFkeVHWCg94wrpaik3aFqwDjdyL8QY2
812,-1,one_____,_____823,LzfADDachTKI3SyHvrNO0oDEO6gKM2pCFx3jXBI6zBercGQyng3NYpfb
823,-1,four____,_____824,vKIrCkdz0cM0Eo6dBrEsmiehX0mhVwElFKlb72XoGppoXddnjAr8qoZmAq2McrdE
903,-1,three___,_____825,26u2RJ87Om8vkFF2fGPjnHfiwCLBqp8M9wX8
900,-1,zero____,_____826,JqqBohxcx1qrVgi0qRZCeXHo6bBXJFJIrBqz
988,-1,four____,_____827,VGewjRq7W7NEVGOpNfU1VGojGN4ygCQ2ah
989,-1,zero____,_____828,ojR8xufMBdS6MlTobV6COJb1Dtm25qhnd78Raf0VK9jSPNHCmb5CqFxMI5Oz38
980,-1,zero____,_____829,YtNFzC3mDbjMqtWlBM8l6htm0jF8E02hlqdCP2oOa9Fsl7qkvE
937,-1,zero____,_____830,uUapE83vMT5YocMTKDxOaRV70UCar1ElIA3CQJHpO9LmB
952,-1,two_____,_____831,SrYkFVaEKCb8uOYOa8A3tCEsAXy9fiUM3Yz
863,-1,two_____,_____832,UkXUW86p0OsPrOiu1Ss9LZV0PRgqATdtZ4Eg0iRHbbyhu31LQPhABPpFY
946,-1,four____,_____833,7NwPl3QkURBQm8P7hD9rc7JC2XE2f6vVTGzW8Uyh4oXx2I
931,-1,four____,_____834,b3nwCZwcxFspH5U3RnsdYEl6iHJpS6u3gTO5FsnxhGPaj
879,-1,two_____,_____835,sNfIatQRodoQgkGK5TJ83jPv8fcL9uDpTDXaIDOumNJW0ES3mDtF7Ts5Xr2f
964,-1,three___,_____836,hIEzrQnDucEDJmjoVgH0m4ygWzYR0Qk8IyquW8WZJp55EwUmu34h0E9E
914,-1,three___,_____837,tAW6r2MCPpgpl7N1eROHWc8eoR2GdpGwgqJD59
969,-1,four____,_____838,n3aqnDJZ52wG12waVmcufun3oR1RlKFdBFNs1Nd5V73PS7kZdD6dJxft0mM
830,-1,four____,_____839,DKTN1fwDM2ilpeQJYiDufYao74HW72tHua4vjH3ZbcgB1n9bTAieuJvcYtqPU
982,-1,three___,_____840,sFJ5xPto2qilWp9rqvpndFzlfG4uNGvyDHd
864,-1,three___,_____841,ck1RubluaVcwSGVraFHB03nElnFmYxdeRnZ
875,-1,one_____,_____842,1R7Az7gPGlO0JKPs8nm70SQNBNizSqZbWSzTGOrVqZxqCNshb3BeeQtbM4
718,-1,three___,_____843,9Or8iWiFeS7Ly22S6ILPACRQsuXdNYNl
914,-1,four____,_____844,QI2otwwSrsiYUUnhBA5Y6Msc3FsjN3Y0jj72no0NBZ4KPUugtxvZa80mKBP
985,-1,two_____,_____845,6Q20fvPJVErfIm6wH2490TOf71vfvp6xRdTKru
999,-1,four____,_____846,n2Vn00QixBAvmvolt2bZak19ONnyU2cS2az11m
997,-1,two_____,_____847,THMYCjZDdeH5a4E6hXKhGGpf6gHdFPbNX
952,-1,two_____,_____848,Qahf9BsEPXfoQR8h7i9avb4ORqNKmX4GoW9n5mZFIV9bYYUwWiEfSlgmRYR
937,-1,one_____,_____849,2UJelzb9oUX675v7I4kQqkv0bgRUNGhQzWUgU2w0jHQIOt2Wsb
966,-1,one_____,_____850,DPqjWMFrNdqwVngpYjciJK738oaTChU4sR
811,-1,two_____,_____851,540LsEHR85wwacddJE4t1qpuo5N9djazueJSmDkC
963,-1,three___,_____852,Jy5itSfKGMOstk7C1mHpJKBe5J26VoSlbVMHVg1NBEhYE5e7ky
846,-1,zero____,_____853,netcnqZmdXvbDWpSXzNiAeZcpMrsKb1GM84B9TCVyRkMOd
972,-1,three___,_____854,olN6yas80xdlBgpYgyg3lHNEJcCmB7Xf5bI8rJpn
965,-1,two_____,_____855,ELPXDFKVYtJLHW9YA6pXY8KwmrNes0i7PTytT4An75Xc3QpprSRhWfgr
993,-1,zero____,_____856,oymzNHvGv1JDfi1VPazp8lLSk8CPKKE6f07idyf7YZVEAP0w0U
967,-1,one_____,_____857,shs58BpQuPk3iEVytJGcGMMwIbQxJ4UKgf
894,-1,two_____,_____858,v776E9JeuURm2MJ6oHjiPMJxaS86EGJEpLHtlYsZ0jvnCySWPy
655,-1,two_____,_____859,Yf3d2yhFhZI1GNTQMLY4jL6ldPOpQ5WYvQdxtAPb
884,-1,three___,_____860,sI05QkySn9SK8YRtmLVW9aRLYuyY4QjQVuODY
906,-1,three___,_____861,j955XvUygLHR88ybexJDAH3ZvxoZvidXsek1qrmht3VQisAyPCFCQol1El
896,-1,one_____,_____862,cq6aJH8Y0RCWurTZ6ZPr02fPk0toTWH31mSUvqE0UmvSltAT4YTyiA2
938,-1,three___,_____863,SNUyrqwklEXeyXpuN7a1Ybm6NWSBMVU8eYj5
952,-1,zero____,_____864,Xa529rIVKsUI2FIMBzYyxkfG4LFja2UgbO4
972,-1,three___,_____865,zH7DFhrVxtc2WjAsN6USlgDkyBcb3jRTQPgyssSsd1geuSWCLhnPjhnwvgW
858,-1,four____,_____866,GodCxnrm4P2YZOLWmrEKon1ttjS7qCONHr4tp0mYP
886,-1,four____,_____867,LJBEFJjguOAQtZ9EekhwZRWHSp2K4seewht0TL5GcBNk6L
711,-1,four____,_____868,lxGYxIPniSb8REdBWhSMjixTPtPS9WJUs1trdsNRx
910,-1,two_____,_____869,W7U3dMretGE14vOqJKsP7OVem8FbfaJ0GMvNbDbYt82uLuxHIEih3fCb46N93
952,-1,one_____,_____870,CgEGdH9TXfzJi7RaK8YPgMCxcdCcfuavxVSX9FOhQzUh
952,-1,zero____,_____871,KcHjqgyGnIKmP89OHuFl42MnQs0B9MrzlAPga1xFDJZX9UvwYlj9wmYQ
982,-1,three___,_____872,GocT02CSZDAKnOuEThZTmvmHRTjbbF09P1y9ecCuLSJGQzBBYTFW0Q
876,-1,zero____,_____873,6s99hfO6Mr7YconEn8ZxfZtYOEymRtx228jULAOC0YS0xAMsptUkhm
1000,-1,three___,_____874,JgsZ1iDNOiD1Y5jwbIkUOidLg7DQcNwqf2zPaz34
909,-1,one_____,_____875,f7j9y1OUQziyariQCradlTARw93I8Ua9bGNdjbH
968,-1,one_____,_____876,SnMSW6RATYjb9IQcnKgkh3IJAHWN783Lq0Ex2t5oYseqgxdip0JYUeKgu
878,-1,four____,_____877,lPk5kNMVVancRjfAPW7smpY9u0Gon6W9bYM4upPk8Z
986,-1,three___,_____878,RjkHYXhHInmdXusRF4lXvbUcuTGH0TVeeG0j2Un0ZKYAAtzagH8WTSv
896,-1,four____,_____879,3nPat6QoBwjv4ycq9m0d0nOtXdVje4vMHYXg83UC0JUoHed9Ukn
869,-1,zero____,_____880,vwSGUvj8308M2J56SLNld1KCKjLkCL2MqTO
954,-1,one_____,_____881,iZzpI0jWG3UmHPQlDsIpjKlCjUwHkgOH
875,-1,two_____,_____882,QIh0GhBBavbkuTm0NGjiFKHRpOjVyZxTfVgOH33ziLAEr
966,-1,zero____,_____883,KqXSDWVGSHXaGK30RS4uxO4I2HnzRf9zNcgpZ8RRykaoUJFA
958,-1,two_____,_____884,1wR617FBT3BJD8Kyob9aPiOpH1Pwb6wHwGc1SRGZbmjwsm6jbGe545a7HORf
898,-1,two_____,_____885,voK8Cc4JTtafmTJqlFmeRXbYW4xB9xQHOGEztMHlXS1KQpHnunuqcny2
959,-1,one_____,_____886,RGvSDYiIffgGP1eJntt38iSNniAzFbl7tXLl5P3WtErFcyvVQ4
951,-1,four____,_____887,FqEOSx9Bwy4NbEJItpn36RIjEgqUSQMoNmERb5sm9oPzdplOMo85vozIye
926,-1,one_____,_____888,sSttaDuw7iGCzBh599JX1A4UdmaOM8JfW8BmcUxr1uWimgzPjoSM7ng
962,-1,one_____,_____889,mJfmDSwz7XLf1KWCnw9XWPoG9zOV09UCXfe0D8Mz0wW6l
890,-1,four____,_____890,Ieg8nz8kjbrTQFpeXD4qRV7NnHV3Ifws34ekBGEk4ZRSDS5JZJ3llTXEJ
831,-1,one_____,_____891,6qVEcp1MKa1DGz1TqMGPo41qGCx3nZX1xABjK4J1CfYztfnBGzRYTtOkAuFg
966,-1,one_____,_____892,xbRNTZSqtfP43xtWIuivaOGmmlT8IKzTlv5Yfw99DPpepLdu3EPMoirI
943,-1,zero____,_____893,e0Zu2jxJSCDi9PdeYfkn93n9nSjXoKB9lFM26QnGxLk5IIPessUe
732,-1,two_____,_____894,i4AwDOs6FmIDlrBPcA5BOUGK2KZ7kqOOgfnr0EGm23D0006JHe6q0
994,-1,zero____,_____895,51NLoitHRsoZoz5D1XD7uBkNrGFWFjdecwxe
959,-1,four____,_____896,iMwsBINXThTxnVs83dEx6825HIhzk9SIr2MUAuoNPXSWFtq
940,-1,zero____,_____897,uJqg8YYlYu8hVSSLxOJHiWMVCV3TH2GgRR4sVuit6HuiQWYXwc
950,-1,zero____,_____898,p0krmIfuhipg3bweBkaFuOp9n3lJTu6nVvsh0UMObljLVQin3yAYH
873,-1,four____,_____899,1e76Ii4sfDOHQ6NdCXQbqXHY6ljxfWyxy91EN34i
993,-1,three___,_____900,jtDtu14oHkz05UkmxO3dZttCnSw1u1xOk4yaK8Q
365,-1,two_____,_____901,zDhhQXppzCdzrEBVDn3MhYz242IgJh9KexxeQVx27Fvl
975,-1,two_____,_____902,kXEfbwe71Yn2Udoi4rjjDEnghjgO90zXe1hZPpTRpMs
893,-1,one_____,_____903,WAxM67NYBh2uTC2erusP95dDbYL9Q77XpEcBhh04GEZYTVhSfHG
709,-1,four____,_____904,rOztXkxJObS0AQBRZDO2vsztapWvzYqDO294Vhu83eg8r9F
927,-1,three___,_____905,0SrSdg8wERgAohpSPoKqpxhMPBAi6sN4DYauDfUF8PzL
939,-1,one_____,_____906,H5YpdYepMAbqlz6BGje2YOVAPIjRKyyES4yCN7o7UW6ddWLCHvCiBZnx5n
888,-1,one_____,_____907,xPJ6ButQTktXHV1dz0etoYdn0nxWqEBKeuWuJQrgBaScqMCTdcVKPSEzDgc
955,-1,two_____,_____908,D7MxXT1uqMTSEsfZrAYWtanuc3NwYFdvv42QuVr
773,-1,zero____,_____909,IrZp6roCUyNwbVvU4KrOR1cq9BcERmtQJWDgh1QrH2oVn911olE0JWwmY97CHkg
889,-1,three___,_____910,S4zqmBNnmodTolbkTFFVXY8R9EEkuyFdcbrBWEWal74SPI
883,-1,four____,_____911,C8PGXvCf7BNCzFgt1cNerGr8R3FPEyi0dRmVJoJePp0
918,-1,one_____,_____912,1OPn1jAm0MHG2KSbLBM3aSKBATt8lm3Rj5v51HerN9S4rdpZ8xvV1DXI
867,-1,three___,_____913,YEHuoux4CdXZyo9X5yCZ8LkpdUgeVU1gjO1kdM8qE
995,-1,three___,_____914,rnnHJBTmhB34YYfZQDWfNOTFjd0q1ZbyKmfNAAaIFm1Cw34nda
876,-1,zero____,_____915,VOhuzOooHFApMhPPCp68U1POY0dqKt18DkTxpUcMNU6Y
994,-1,four____,_____916,kfjm0pFOR7th9srQcQV8YeyY1HzJW1MN
898,-1,zero____,_____917,8mLyezc53KBHGFxgagUN8irSFwgtGVLQHGCQu7zEo1ENOH6cLIWY6vtfv6Dwk646
880,-1,one_____,_____918,YeDSpiq8N0SbINDGad4ht18OMqS1zkZOmVPC
954,-1,four____,_____919,5IWuzVsLlz9jvhwc3CtkP01XIgvWlzuIg3yxDHokGwLAGkfEEm0MBN
699,-1,zero____,_____920,AGHFO3X9HwpAZUoo58RiWiOw2jTq45j8LMvLg6
959,-1,zero____,_____921,fKlze3i5QMHwn8U8o5wOdNpdibtpvROHasPoJTuyDTK2SlkkJ0LiMUSdZiaZ9be
992,-1,two_____,_____922,rzqs7YGxu2ATvRROAvH3eIwmqeDQhTAVBCpNFmzrbeZFXsku6W
934,-1,one_____,_____923,vDcg4hdLEXrNC7yzfxoiNvLkIvMJPBxE2ff
837,-1,three___,_____924,QTRnfaI1wVScirarKC88YuFtgad8ZMthYCq
943,-1,zero____,_____925,jwfS3lCkVPlEWLoIpLRsySwUMWHC5jBVLW20eJK2XdJVn12NUGCsn
942,-1,zero____,_____926,af0M7FK9nNZifPYYRH1dSUhr03xinWpIhK3hGBs3KjS
951,-1,three___,_____927,ofZ2jiirAXaCVS06zaXjsdAIDXizmtR8
997,-1,two_____,_____928,W07eyY2yEgQxBXG2xZAFpDUJbXhlUJviK
781,-1,three___,_____929,TYW47azFn9EA7B6xSDoOzYKa2rWuTHllOi3v4ySf1fT
902,-1,three___,_____930,GpYnWZsfE9IRcr83URNoPsaOPNr5kOGEZbXmn9Lb6rxg2ebSeQH
997,-1,zero____,_____931,rTSehRTVhP1PEfKl34XEUVKtbcxlKuuGnf1SypI256fdvQZ5WfX5biAh
915,-1,two_____,_____932,ywvJaZwW3TRjLvLzN5hrHTRoW4DnQy8dZtXpuQpFcgG7VMAFYyx3GV
883,-1,one_____,_____933,K8MaEAujtaJcuPtkBMqBb407JDbd0QDRkf9kJ0B2TbHgpz
557,-1,three___,_____934,aQmoJvIn1W8YmVMqw2n8UtX6HyxXrMEZzhbkFTatjcNUMmWv4WFFi0h0DvHzk
999,-1,four____,_____935,rUaoCSX4bukcx7vASvpeXpibRU7FMNBv7myuqEqByS
965,-1,two_____,_____936,dwuTlFvUAuxZ2fbFN4LXTfBlrROrnKJQ7IdzxpPbecM
966,-1,zero____,_____937,5k18UAgXlSG2XvVF52sSZHALKO17UqtBwHdcvPZ9euE
990,-1,three___,_____938,wsqqAqlgJkzHwC148XmfotRljEJPO0ZjqjLN9tWTex1aixXVfLVgE
973,-1,four____,_____939,M7NRFgcnF1z5kFB6RvjU9OEhzohNe5Fcsuj44mBfNj
941,-1,two_____,_____940,prNXqcqvjJgZCbHwlaj86hsZkUw2aa3M
972,-1,zero____,_____941,GZzSFe0U7D0OUCADPQJJbDSqVlUM6rxGTTXe60
959,-1,four____,_____942,tE493b5Y7RcQikWTWJNSIYX9NQyJThDxZPcdoOs6LOEQHeaC6qkI86fBW4
892,-1,three___,_____943,UYXNwcyE6VDRoLaxj2V2V2nsUiz3nhEkuUvdGh0kwoJTHxks37vt8aCTSonZzCkQ
872,-1,zero____,_____944,u7BWZYcriiOm6rp1aVdggOZjy4ZLMAl36e5
507,-1,one_____,_____945,edf1Iq92rDt4kt1PpiUV1keCMnAjR3pwaoHC04i1uLxBnStYl1jYTUN8v0
959,-1,four____,_____946,Txc23CsrzHSOXZRv7VaUU2OI9sLoZhd2KF4tls4WoCFw9hP4iy5br6rpFyMYvbS
970,-1,four____,_____947,Jaz0mDUTXhcK2BduKdEkxzamKbouaO4v
1000,-1,two_____,_____948,24dmMOQI3B7xoPVX9RJQgmCKEMabWzF8aLAxKfaFshAbaC4jnt5IUW
715,-1,zero____,_____949,YA0xf22bjV8CNESLtyrjAqefAWDxXYq2B5iyUcClHZeKQlOdmW7xs
961,-1,three___,_____950,i7pijsUMpMtDJZH2YsKMwmRLpC0pYin7mmPXQ3aepq6IjQGt96EmuMy17L8RZuvm
941,-1,four____,_____951,Ghe3GiEABYCAqp6bnizjue5fbh2gHNXVAznKb4tfY
936,-1,zero____,_____952,OpnUkXSwpEsRWBblYDmi3FceWNTQR4CQUUvtuXT
907,-1,three___,_____953,TugTr501vAmrEHT2TUXQd5vBioG1bWSo6fSmC2zEjvuGG0
941,-1,two_____,_____954,3D0HLeAuakOM1JVV6kmgqmxwfjM4NfBQRLuPJtpZWGxdeiGw
905,-1,four____,_____955,p1JqLbkfOLZOuLGe5AvwuaWGfG4GnBn4yJwj9bN6HHvZ
819,-1,one_____,_____956,qgQ3nM90yvhQWUYZUwATDeS0OuROMye0QENM
913,-1,three___,_____957,ZuZ2WLO27H4oxdK8Hy5mZ0UglKTs8sSH
968,-1,one_____,_____958,lelZabRLE9u6jl9HiiiIP6qHa6C2KQJ5GfB9IdF0wwQaXy
895,-1,one_____,_____959,u091XDlJfYrw8qLw0oGh3HzFD7lJ6lKOvFeyCm1Is9s2P4zaPs
945,-1,zero____,_____960,9GvJnUKmZoDbHM20eqCHCbGHdLrTKpxeuXosj6BCPj3qPp4spEI
898,-1,zero____,_____961,sHSm6zvtLmNj65EzStWSBJZJdQnu6FRtOub3bVMJ
848,-1,four____,_____962,a9DdtCpM2JhaejduMUPaU77RHF9qSCTZGXSfwP2qn
776,-1,two_____,_____963,pXrEpsqmu1CHEgO21GYBRcJpSKfdhKz0ILmv
885,-1,three___,_____964,kDaNuDV9IANw2UWMUcSU6nSZEFecIE3rUf851vshW2qJ5x4j5he74BR68LM4l
995,-1,two_____,_____965,6ITw92fWiF3nwqfiCHwqSlqjwrmumnqAbCznkHGAdcdKMIp6LtXNZK
808,-1,one_____,_____966,AVOURObWzddfNlOIy1sYjkl4Qb7C2c2lPncCJvkvg7QgCo
982,-1,two_____,_____967,Gs3AiadvhrHKtg8drGqcXjvjXUIAtVZO4zlSE1FaXoDgsqbEW3n6iS3UeBrAl1
677,-1,one_____,_____968,IwUgdaUxuGBYCaJYWKgmhIlr6l92WEKW9wRREQMhfTv
995,-1,zero____,_____969,prFRuyicLFJgih71SRue47U51If1JPmNkRXnRlK1vt0zzYbsd9HPzXSk
917,-1,three___,_____970,SZMsf1cxotPctc53rMoNwPnXfzj96mHeE3
860,-1,four____,_____971,UqlzIiWMQU6IHJXp5Tg4NRKpHw5gKich12EE7G
989,-1,three___,_____972,21tZJdCTbqMhY6vTQcrfl3mhZaRcKOYKm42Tsd6XOKQc
991,-1,two_____,_____973,QA7t1bxWK41OfXuTH7tdRtVw9d9z0TneCXe5MePYMv9FR0Khg81pdoH
960,-1,three___,_____974,iNyNg0ZufjBfT58GwWuHTJcHsLRqFrrCb1BNnh3Kl34ivMb2vDDqD
997,-1,three___,_____975,qJzUsWq7QhJ14F4DrovITUBJlbGeLswq1EbzY32rsdqA28uZpLsjRJGuv
983,-1,one_____,_____976,klqc8uxtG3XXcLtgNkMyQaeGJDajOGkbpTBPmFZztO8JI26utedN1jXuYtKnLc
997,-1,one_____,_____977,Sr44IQgVstspvrsNisohKgURaTn6o96WVXMCBA3E93D73Z
846,-1,four____,_____978,CG4si49o6dRSmFsmDGUdXb81CTAI5I8D16
973,-1,zero____,_____979,J0F8xuz3bhi4HmypzYkHYnTQuq4D2EU6xr4HUIBY0glxvZnGP5dsEWN91Z9X88
870,-1,three___,_____980,Ow9xACi782ndqRSfNt5YSaH9Of3MXSbZTuM3vDfClvJ
962,-1,three___,_____981,GGZPHKrvl629jzAco73vnhQwvhsaxBAkBJG0GQ0Jx6w
805,-1,two_____,_____982,vdhPMH3rFfYNwH1mSAGuQL0OjH39DJXYr
821,-1,four____,_____983,hc6DFMFaknzaEWp2dQYpgVT7yLexurb8v8PtJJnyXTknL6IZHQ5EBbucHXbC5y
752,-1,three___,_____984,woiPijFDKmsw7DWuk8FE0hgdvXEm7vcLF11qz
977,-1,three___,_____985,Oy0beAmjw5xhSjMA3dw5MHEPAqURUDRfJX6aarpDuivrICB
803,-1,four____,_____986,1PJ3OUN7uu322H7wtQPpIROH5OAenED38xHGPrZTuPDbGJ6PU32eG08aHBH
882,-1,two_____,_____987,Dydj5baWzoJ2dgWvzhDhsaXXSYzidFdtFKkr
815,-1,one_____,_____988,8HKh4kuTO5KOmcM9G4zhs42gcMmWYH3qRD4IDjE34PfOvHfC
844,-1,one_____,_____989,ZOehlDaYCxr4ca3Jdlwu0j30Cr0TqPRhA
839,-1,zero____,_____990,CPAOAZDkUj0rZOcwThkDs9BVAeT4CtGxWRHBJLSUfMnULyWRbZWJhFUQw
764,-1,two_____,_____991,Kb0yV6yftiy59cl4Gn83M4rUV8axfxROF5fhwh7ymNS1KeicBEQKlrYtH834
925,-1,two_____,_____992,6lyLCWPR1eCSghQGNInRmpbSNk3V4BsGEdLyI7NstXry
952,-1,three___,_____993,csjiqRa1A59Tx5k0IEXnogjVKx4REEcCAq3HJk
881,-1,three___,_____994,TCVMvjkWrAJbyTyChAlT5PHHntmYHOGmAMgAZiisoOrqngImQ5XXHH2wb4j
977,-1,one_____,_____995,YfL86IbnIumFUSIePSzWNj3in9PzM4diIRIraBBkLaYxbun8NvoDfrJzgOad
801,-1,two_____,_____996,4h7cjDBvL788EvQQ6BXkdIriYBSD4GWuP0RwfE12j
998,-1,three___,_____997,OVHAHaqMP0D1TFSywq1ufY75zKoJBDJZSRL
961,-1,zero____,_____998,365eE4DVM5PrrJWa7DFlPfKOCIUDgyn3gBzJoxJkjLkoayJlpv
976,-1,one_____,_____999,9IpZ6lZlwsCikIjrXbmIUz5g7lpWt0AQP7w
738,-1,two_____,____1000,7d97pWDLasdInvju0wVETDFqVgmq1RCp28dO2xgs2MMXxvPUjHRw
