table_type,repair_mode,reader_threads,read_tx_size,update_pct,bucket_num,update_ops,history_total_ms,history_avg_read_latency_ms,history_p95_read_latency_ms,history_avg_read_wait_ms,history_p95_read_wait_ms,history_avg_read_exec_ms,history_avg_update_latency_ms,fresh_total_ms,fresh_avg_read_latency_ms,fresh_p95_read_latency_ms,fresh_avg_read_wait_ms,fresh_p95_read_wait_ms,fresh_avg_read_exec_ms,fresh_avg_update_latency_ms,mixed_total_ms
Snap,Nr,4,2048,0.010000,4096,20,360.827878,345.985872,346.241347,342.318255,342.445945,3.667617,345.217956,254.053996,253.829960,253.856658,250.749159,250.755138,3.080800,250.755070,368.734270
Ivmh,Nr,4,2048,0.010000,4096,20,289.142159,288.675204,288.896377,285.096356,285.209200,3.578848,0.034919,3.617386,3.101236,3.400702,0.028261,0.034557,3.072975,0.034906,297.782750
Heap,Wr,4,2048,0.010000,4096,20,4.407227,3.749755,4.161464,0.000199,0.000267,3.749557,0.061216,3.397421,2.921196,3.189993,0.036714,0.041250,2.884482,0.043238,6.110761
Chain,Wr,4,2048,0.010000,4096,20,4.271968,3.676851,4.044564,0.000223,0.000339,3.676628,0.367605,3.783266,3.159771,3.571725,0.161593,0.168032,2.998178,0.168288,6.964984
Par,Wr,4,2048,0.010000,4096,20,3.572820,3.084338,3.186815,0.000356,0.000508,3.083982,3.381361,4.446363,3.781774,4.156481,0.689383,0.693059,3.092391,0.697920,8.826466
Snap,Nr,4,2048,0.020000,4096,40,358.967688,357.024154,357.287967,353.451132,353.564095,3.573022,348.784184,284.642578,284.390138,284.410614,281.338435,281.344452,3.051703,281.340779,389.480763
Ivmh,Nr,4,2048,0.020000,4096,40,296.789249,296.356691,296.617224,292.779224,292.901966,3.577467,0.044405,3.553608,2.909648,3.364372,0.039420,0.044805,2.870228,0.044572,287.478936
Heap,Wr,4,2048,0.020000,4096,40,3.317718,2.992021,3.105517,0.000169,0.000237,2.991852,0.109774,3.145038,2.864929,2.907047,0.078095,0.080529,2.786835,0.082308,6.993217
Chain,Wr,4,2048,0.020000,4096,40,4.603906,3.554879,4.337368,0.000256,0.000316,3.554623,0.483991,4.002150,3.577672,3.786484,0.260540,0.267987,3.317132,0.271105,6.418574
Par,Wr,4,2048,0.020000,4096,40,4.097721,3.546153,3.726782,0.000331,0.000436,3.545823,3.928224,4.113689,3.620408,3.895421,0.522044,0.525496,3.098364,0.524575,9.317034
Snap,Nr,4,2048,0.030000,4096,60,354.131327,353.705380,353.921336,350.178518,350.275543,3.526863,349.112757,277.079949,276.839951,276.864285,273.795836,273.801523,3.044115,273.803892,356.450337
Ivmh,Nr,4,2048,0.030000,4096,60,266.387527,265.918821,266.184157,262.347248,262.461181,3.571573,0.091025,3.661485,3.076895,3.399306,0.086406,0.090428,2.990489,0.091700,299.546197
Heap,Wr,4,2048,0.030000,4096,60,3.284093,2.904862,3.102804,0.000177,0.000264,2.904686,0.132259,3.105369,2.844468,2.919788,0.110013,0.115591,2.734455,0.117588,6.269209
Chain,Wr,4,2048,0.030000,4096,60,4.204019,3.573348,3.961064,0.000241,0.000362,3.573108,0.688453,4.290261,3.479492,4.050565,0.358919,0.363145,3.120573,0.365241,6.313935
Par,Wr,4,2048,0.030000,4096,60,4.540784,3.665191,4.085444,0.000321,0.000389,3.664870,4.325840,4.871840,4.152230,4.622565,1.010666,1.015011,3.141564,1.015780,8.778430
Snap,Nr,4,2048,0.040000,4096,80,378.204229,375.607430,375.832117,371.999693,372.110239,3.607737,377.986693,310.056742,309.789619,309.803915,306.790845,306.796472,2.998775,306.794568,387.894498
Ivmh,Nr,4,2048,0.040000,4096,80,296.227416,295.788606,296.017769,292.193498,292.306894,3.595107,0.081073,3.441585,3.043817,3.229821,0.128171,0.135984,2.915645,0.138387,301.679871
Heap,Wr,4,2048,0.040000,4096,80,3.444146,2.941578,3.207631,0.000178,0.000234,2.941400,0.214397,3.815130,3.195089,3.560170,0.172172,0.177489,3.022918,0.181232,6.763187
Chain,Wr,4,2048,0.040000,4096,80,3.827074,3.481750,3.598196,0.000280,0.000362,3.481470,0.690205,4.331806,3.803650,4.073506,0.621030,0.625688,3.182621,0.631516,7.009930
Par,Wr,4,2048,0.040000,4096,80,4.455204,3.746396,4.034238,0.000377,0.000449,3.746019,4.264549,4.532902,4.091292,4.302962,0.785315,0.790375,3.305977,0.789735,9.131550
Snap,Nr,4,2048,0.050000,4096,100,359.426974,358.047318,358.312846,354.420251,354.543813,3.627067,348.578770,284.382006,284.094858,284.112579,281.001413,281.005917,3.093445,281.008312,380.699013
Ivmh,Nr,4,2048,0.050000,4096,100,304.918709,304.460805,304.703301,300.836073,300.953723,3.624732,0.123066,3.973935,3.265024,3.776587,0.094428,0.100555,3.170596,0.098260,305.061932
Heap,Wr,4,2048,0.050000,4096,100,3.400164,2.950293,3.234394,0.000145,0.000192,2.950147,0.178321,4.042840,3.718649,3.823321,0.156513,0.165395,3.562136,0.158936,6.354861
Chain,Wr,4,2048,0.050000,4096,100,4.099413,3.757934,3.888639,0.000261,0.000356,3.757673,0.958152,4.559811,4.180594,4.321586,0.579595,0.586206,3.600999,0.582747,6.941083
Par,Wr,4,2048,0.050000,4096,100,4.272341,3.604667,3.900084,0.000337,0.000524,3.604329,4.101110,5.118564,4.526504,4.908528,1.155330,1.159730,3.371173,1.159427,9.437286
Snap,Nr,4,2048,0.060000,4096,120,337.752119,326.996194,327.225271,323.358989,323.460480,3.637205,326.803173,248.084796,247.865092,247.892495,244.801576,244.808716,3.063515,244.811288,358.318500
Ivmh,Nr,4,2048,0.060000,4096,120,318.619539,318.147481,318.411652,314.527760,314.643507,3.619721,0.141307,3.824144,3.064892,3.611819,0.167603,0.174460,2.897289,0.174295,292.224254
Heap,Wr,4,2048,0.060000,4096,120,4.101787,3.787497,3.866500,0.000264,0.000315,3.787233,0.355041,3.801589,3.381714,3.523622,0.264027,0.269194,3.117687,0.270892,6.751621
Chain,Wr,4,2048,0.060000,4096,120,4.461367,3.889520,4.250274,0.000311,0.000369,3.889209,1.204696,4.945135,4.409479,4.689109,0.825606,0.827624,3.583873,0.836404,7.002114
Par,Wr,4,2048,0.060000,4096,120,4.325935,3.859913,3.923514,0.000300,0.000413,3.859613,4.122158,5.644463,5.237056,5.437623,2.066415,2.071923,3.170640,2.076950,8.930559
Snap,Nr,4,2048,0.070000,4096,140,352.449215,345.795777,346.006362,342.189080,342.305029,3.606697,342.774931,259.811915,259.554304,259.580181,256.447023,256.453817,3.107281,256.455711,355.161600
Ivmh,Nr,4,2048,0.070000,4096,140,304.321892,303.888568,304.129033,300.344145,300.457683,3.544423,0.202214,4.316746,3.318204,4.077638,0.159847,0.166254,3.158357,0.169102,267.325551
Heap,Wr,4,2048,0.070000,4096,140,3.146829,2.891555,2.973945,0.000164,0.000185,2.891391,0.308205,4.594715,3.927460,4.354892,0.257805,0.264584,3.669655,0.264061,6.443710
Chain,Wr,4,2048,0.070000,4096,140,5.099298,4.290752,4.861462,0.000298,0.000392,4.290454,1.500034,4.626755,4.094129,4.387629,1.045384,1.051323,3.048744,1.057258,6.750773
Par,Wr,4,2048,0.070000,4096,140,4.946853,4.223967,4.606024,0.000327,0.000422,4.223640,4.760316,5.260217,4.970055,5.022491,1.823429,1.828893,3.146626,1.832634,9.415965
Snap,Nr,4,2048,0.080000,4096,160,334.073013,314.742943,314.960569,311.076736,311.202354,3.666207,331.993451,230.482700,230.255950,230.295685,227.516732,227.522107,2.739218,227.526933,353.401415
Ivmh,Nr,4,2048,0.080000,4096,160,293.769196,293.013264,293.537233,289.343597,289.452038,3.669667,0.118998,3.633696,3.055064,3.400861,0.221800,0.226431,2.833264,0.227045,300.872475
Heap,Wr,4,2048,0.080000,4096,160,4.182223,3.425315,3.925261,0.000236,0.000302,3.425079,0.305037,4.153822,3.464891,3.901918,0.295854,0.300695,3.169037,0.302234,6.866939
Chain,Wr,4,2048,0.080000,4096,160,4.496526,4.054198,4.304688,0.000284,0.000370,4.053913,1.585117,4.366109,3.873417,4.115885,0.991276,0.994655,2.882141,0.996652,7.210598
Par,Wr,4,2048,0.080000,4096,160,4.872662,4.045976,4.362706,0.000327,0.000436,4.045649,4.626374,5.843857,5.610863,5.642036,2.633229,2.639221,2.977635,2.641049,9.506933
Snap,Nr,4,2048,0.090000,4096,180,351.285017,350.854721,351.115842,347.282552,347.390526,3.572169,319.989473,254.091131,253.844322,253.858271,250.791407,250.795756,3.052915,250.798721,355.273434
Ivmh,Nr,4,2048,0.090000,4096,180,308.157095,307.661994,307.919530,304.127159,304.230066,3.534835,0.254898,3.632453,3.109768,3.410380,0.244394,0.251675,2.865374,0.255241,307.054131
Heap,Wr,4,2048,0.090000,4096,180,3.161851,2.877300,2.957327,0.000163,0.000230,2.877137,0.471133,3.926000,3.275233,3.694425,0.336523,0.343313,2.938710,0.338961,6.836977
Chain,Wr,4,2048,0.090000,4096,180,4.315552,3.967684,4.085785,0.000295,0.000377,3.967390,1.865129,4.198570,3.961363,3.983944,1.173480,1.177575,2.787884,1.180164,7.823057
Par,Wr,4,2048,0.090000,4096,180,4.666740,4.104717,4.285726,0.000351,0.000426,4.104366,4.472787,5.765202,5.307436,5.556211,2.196463,2.200348,3.110974,2.196721,9.401572
Snap,Nr,4,2048,0.100000,4096,200,346.792418,335.591932,335.834867,331.982627,332.103372,3.609305,333.270733,250.296275,250.042745,250.065960,246.998881,247.004436,3.043864,247.004912,360.687904
Ivmh,Nr,4,2048,0.100000,4096,200,308.886600,308.471061,308.683756,304.907887,305.013962,3.563175,0.268716,3.538657,3.010046,3.355863,0.232569,0.237360,2.777477,0.237514,302.213474
Heap,Wr,4,2048,0.100000,4096,200,3.373068,2.850776,3.112473,0.000156,0.000227,2.850620,0.580974,3.187254,2.947788,2.966056,0.254736,0.258398,2.693052,0.256107,6.351415
Chain,Wr,4,2048,0.100000,4096,200,5.465204,4.946699,5.242134,0.000248,0.000339,4.946451,2.821424,4.069258,3.794690,3.817217,0.991011,0.996479,2.803679,0.998468,7.314612
Par,Wr,4,2048,0.100000,4096,200,4.478361,3.962148,4.137813,0.000262,0.000348,3.961886,4.298137,5.405287,5.045168,5.179695,2.064491,2.067692,2.980678,2.064727,9.285574
