table_type,repair_type,idx,tx_id,tx_type,duration_ms,count,read_ts,from_ts,to_ts,build_reason,trial,case
naive,No Repair,0,0,InitLoad,0.809917,60000.0,,,,,0,history1
naive,No Repair,1,1,BuildSnap,0.0,,1.0,,,,0,history1
naive,No Repair,2,2,Update,0.0,6.0,,,,,0,history1
naive,No Repair,3,3,BuildSnap,0.0,,3.0,,,,0,history1
naive,No Repair,4,4,BuildSnap,47.16725,,4.0,,,RecentScan,0,history1
naive,No Repair,4,4,RecentScan,13.595625,,4.0,,,,0,history1
naive,No Repair,5,5,Update,0.0,6.0,,,,,0,history1
naive,No Repair,6,6,BuildSnap,64.753083,,6.0,,,RecentScan,0,history1
naive,No Repair,6,6,RecentScan,18.394458,,6.0,,,,0,history1
naive,No Repair,7,7,Update,0.0,6.0,,,,,0,history1
naive,No Repair,8,8,BuildSnap,0.0,,8.0,,,,0,history1
naive,No Repair,9,9,BuildSnap,53.916375,,1.0,,,HistoryScan,0,history1
naive,No Repair,9,9,HistoryScan,16.037708,,1.0,,,,0,history1
naive,No Repair,10,10,Update,0.0,6.0,,,,,0,history1
naive,No Repair,11,11,BuildSnap,49.389958,,11.0,,,RecentScan,0,history1
naive,No Repair,11,11,RecentScan,17.874458,,11.0,,,,0,history1
naive,No Repair,12,12,BuildSnap,50.79025,,12.0,,,RecentScan,0,history1
naive,No Repair,12,12,RecentScan,18.081958,,12.0,,,,0,history1
naive,No Repair,13,13,BuildSnap,46.766625,,13.0,,,Probe,0,history1
naive,No Repair,13,13,Probe,16.270709,600.0,13.0,,,,0,history1
naive,No Repair,14,14,GbgCollect,0.10083400000000001,,1.0,,,,0,history1
naive,No Repair,15,15,Update,0.0,6.0,,,,,0,history1
naive,No Repair,16,16,BuildSnap,0.0,,16.0,,,,0,history1
naive,No Repair,17,17,Update,0.0,6.0,,,,,0,history1
naive,No Repair,18,18,BuildSnap,52.475542,,18.0,,,Probe,0,history1
naive,No Repair,18,18,Probe,15.472125,600.0,18.0,,,,0,history1
naive,No Repair,19,19,BuildSnap,50.171458,,19.0,,,RecentScan,0,history1
naive,No Repair,19,19,RecentScan,18.123708,,19.0,,,,0,history1
naive,No Repair,20,20,BuildSnap,48.707542,,20.0,,,RecentScan,0,history1
naive,No Repair,20,20,RecentScan,17.932459,,20.0,,,,0,history1
naive,No Repair,21,21,BuildSnap,50.132292,,21.0,,,RecentScan,0,history1
naive,No Repair,21,21,RecentScan,17.934666,,21.0,,,,0,history1
naive,No Repair,22,22,BuildSnap,50.791,,22.0,,,Probe,0,history1
naive,No Repair,22,22,Probe,14.827125,600.0,22.0,,,,0,history1
naive,No Repair,23,23,BuildSnap,48.656958,,23.0,,,Probe,0,history1
naive,No Repair,23,23,Probe,16.395708,600.0,23.0,,,,0,history1
naive,No Repair,24,24,BuildSnap,49.89075,,24.0,,,Probe,0,history1
naive,No Repair,24,24,Probe,15.672209,600.0,24.0,,,,0,history1
naive,No Repair,25,25,BuildSnap,49.00475,,25.0,,,RecentScan,0,history1
naive,No Repair,25,25,RecentScan,16.650917,,25.0,,,,0,history1
naive,No Repair,26,26,BuildSnap,50.605875,,26.0,,,Probe,0,history1
naive,No Repair,26,26,Probe,16.479875,600.0,26.0,,,,0,history1
naive,No Repair,27,27,GbgCollect,0.0,,3.0,,,,0,history1
naive,No Repair,28,28,BuildSnap,47.384542,,28.0,,,RecentScan,0,history1
naive,No Repair,28,28,RecentScan,17.995459,,28.0,,,,0,history1
naive,No Repair,29,29,Update,0.0,6.0,,,,,0,history1
naive,No Repair,30,30,BuildSnap,0.0,,30.0,,,,0,history1
naive,No Repair,31,31,BuildSnap,52.16875,,31.0,,,Probe,0,history1
naive,No Repair,31,31,Probe,16.982917,600.0,31.0,,,,0,history1
naive,No Repair,32,32,BuildSnap,54.336709,,32.0,,,Probe,0,history1
naive,No Repair,32,32,Probe,15.752209,600.0,32.0,,,,0,history1
naive,No Repair,33,33,Update,0.0,6.0,,,,,0,history1
naive,No Repair,34,34,BuildSnap,50.075375,,34.0,,,RecentScan,0,history1
naive,No Repair,34,34,RecentScan,18.524667,,34.0,,,,0,history1
naive,No Repair,35,35,BuildSnap,50.581625,,35.0,,,RecentScan,0,history1
naive,No Repair,35,35,RecentScan,18.80225,,35.0,,,,0,history1
naive,No Repair,36,36,Update,0.0,6.0,,,,,0,history1
naive,No Repair,37,37,BuildSnap,0.0,,37.0,,,,0,history1
naive,No Repair,38,38,GbgCollect,0.173083,,8.0,,,,0,history1
naive,No Repair,39,39,BuildSnap,50.726584,,39.0,,,Probe,0,history1
naive,No Repair,39,39,Probe,16.352375,600.0,39.0,,,,0,history1
naive,No Repair,40,40,Update,0.0,6.0,,,,,0,history1
naive,No Repair,41,41,BuildSnap,49.373,,41.0,,,RecentScan,0,history1
naive,No Repair,41,41,RecentScan,18.821291,,41.0,,,,0,history1
naive,No Repair,42,42,BuildSnap,50.24125,,42.0,,,Probe,0,history1
naive,No Repair,42,42,Probe,16.383,600.0,42.0,,,,0,history1
naive,No Repair,43,43,BuildSnap,48.175667,,43.0,,,Probe,0,history1
naive,No Repair,43,43,Probe,16.113125,600.0,43.0,,,,0,history1
naive,No Repair,44,44,Update,0.0,6.0,,,,,0,history1
naive,No Repair,45,45,BuildSnap,0.0,,45.0,,,,0,history1
naive,No Repair,46,46,BuildSnap,54.9335,,46.0,,,Probe,0,history1
naive,No Repair,46,46,Probe,18.286,600.0,46.0,,,,0,history1
naive,No Repair,47,47,BuildSnap,55.189875,,47.0,,,RecentScan,0,history1
naive,No Repair,47,47,RecentScan,18.627084,,47.0,,,,0,history1
naive,No Repair,48,48,BuildSnap,49.29225,,48.0,,,RecentScan,0,history1
naive,No Repair,48,48,RecentScan,19.014959,,48.0,,,,0,history1
naive,No Repair,49,49,BuildSnap,49.127417,,49.0,,,Probe,0,history1
naive,No Repair,49,49,Probe,16.987292,600.0,49.0,,,,0,history1
naive,No Repair,50,50,BuildSnap,51.515708,,50.0,,,RecentScan,0,history1
naive,No Repair,50,50,RecentScan,18.306875,,50.0,,,,0,history1
naive,No Repair,51,51,Update,0.0,6.0,,,,,0,history1
naive,No Repair,52,52,Update,0.0,6.0,,,,,0,history1
naive,No Repair,53,53,BuildSnap,0.0,,53.0,,,,0,history1
naive,No Repair,54,54,BuildSnap,47.231125,,54.0,,,RecentScan,0,history1
naive,No Repair,54,54,RecentScan,17.89625,,54.0,,,,0,history1
naive,No Repair,55,55,Update,0.0,6.0,,,,,0,history1
naive,No Repair,56,56,BuildSnap,48.871459,,56.0,,,Probe,0,history1
naive,No Repair,56,56,Probe,16.403708,600.0,56.0,,,,0,history1
naive,No Repair,57,57,BuildSnap,49.745417,,57.0,,,RecentScan,0,history1
naive,No Repair,57,57,RecentScan,19.199416,,57.0,,,,0,history1
naive,No Repair,58,58,BuildSnap,51.263291,,58.0,,,Probe,0,history1
naive,No Repair,58,58,Probe,15.576417,600.0,58.0,,,,0,history1
naive,No Repair,59,59,BuildSnap,47.812708,,59.0,,,RecentScan,0,history1
naive,No Repair,59,59,RecentScan,18.743583,,59.0,,,,0,history1
naive,No Repair,60,60,BuildSnap,48.194666,,60.0,,,RecentScan,0,history1
naive,No Repair,60,60,RecentScan,18.183083,,60.0,,,,0,history1
naive,No Repair,61,61,BuildSnap,53.504,,61.0,,,Probe,0,history1
naive,No Repair,61,61,Probe,18.189416,600.0,61.0,,,,0,history1
naive,No Repair,62,62,BuildSnap,51.433916,,62.0,,,Probe,0,history1
naive,No Repair,62,62,Probe,16.425541,600.0,62.0,,,,0,history1
naive,No Repair,63,63,BuildSnap,49.716375,,63.0,,,Probe,0,history1
naive,No Repair,63,63,Probe,16.31625,600.0,63.0,,,,0,history1
naive,No Repair,64,64,BuildSnap,47.924667,,64.0,,,Probe,0,history1
naive,No Repair,64,64,Probe,16.711584,600.0,64.0,,,,0,history1
naive,No Repair,65,65,GbgCollect,0.35654199999999997,,16.0,,,,0,history1
naive,No Repair,66,66,BuildSnap,47.1385,,66.0,,,Probe,0,history1
naive,No Repair,66,66,Probe,16.554792,600.0,66.0,,,,0,history1
naive,No Repair,67,67,BuildSnap,58.575375,,67.0,,,RecentScan,0,history1
naive,No Repair,67,67,RecentScan,25.196583,,67.0,,,,0,history1
naive,No Repair,68,68,BuildSnap,58.963458,,68.0,,,Probe,0,history1
naive,No Repair,68,68,Probe,15.655334,600.0,68.0,,,,0,history1
naive,No Repair,69,69,BuildSnap,54.177166,,69.0,,,RecentScan,0,history1
naive,No Repair,69,69,RecentScan,20.593375,,69.0,,,,0,history1
naive,No Repair,70,70,BuildSnap,55.316209,,70.0,,,Probe,0,history1
naive,No Repair,70,70,Probe,16.030709,600.0,70.0,,,,0,history1
naive,No Repair,71,71,BuildSnap,57.363958,,71.0,,,RecentScan,0,history1
naive,No Repair,71,71,RecentScan,20.246041,,71.0,,,,0,history1
naive,No Repair,72,72,BuildSnap,64.798083,,72.0,,,Probe,0,history1
naive,No Repair,72,72,Probe,16.064709,600.0,72.0,,,,0,history1
naive,No Repair,73,73,BuildSnap,56.459166,,73.0,,,Probe,0,history1
naive,No Repair,73,73,Probe,15.476458,600.0,73.0,,,,0,history1
naive,No Repair,74,74,GbgCollect,1.037416,,30.0,,,,0,history1
naive,No Repair,75,75,BuildSnap,58.557416,,75.0,,,RecentScan,0,history1
naive,No Repair,75,75,RecentScan,25.230708,,75.0,,,,0,history1
naive,No Repair,76,76,BuildSnap,58.372625,,76.0,,,RecentScan,0,history1
naive,No Repair,76,76,RecentScan,26.421583,,76.0,,,,0,history1
naive,No Repair,77,77,BuildSnap,86.386625,,77.0,,,RecentScan,0,history1
naive,No Repair,77,77,RecentScan,26.138208,,77.0,,,,0,history1
naive,No Repair,78,78,BuildSnap,68.6915,,78.0,,,RecentScan,0,history1
naive,No Repair,78,78,RecentScan,23.090333,,78.0,,,,0,history1
naive,No Repair,79,79,BuildSnap,70.905583,,79.0,,,Probe,0,history1
naive,No Repair,79,79,Probe,16.389292,600.0,79.0,,,,0,history1
naive,No Repair,80,80,Update,0.0,6.0,,,,,0,history1
naive,No Repair,81,81,BuildSnap,0.0,,81.0,,,,0,history1
naive,No Repair,82,82,Update,0.0,6.0,,,,,0,history1
naive,No Repair,83,83,BuildSnap,60.0245,,83.0,,,RecentScan,0,history1
naive,No Repair,83,83,RecentScan,24.351167,,83.0,,,,0,history1
naive,No Repair,84,84,BuildSnap,68.214875,,84.0,,,RecentScan,0,history1
naive,No Repair,84,84,RecentScan,19.397666,,84.0,,,,0,history1
naive,No Repair,85,85,BuildSnap,62.593875,,85.0,,,Probe,0,history1
naive,No Repair,85,85,Probe,15.310167,600.0,85.0,,,,0,history1
naive,No Repair,86,86,BuildSnap,70.147458,,86.0,,,RecentScan,0,history1
naive,No Repair,86,86,RecentScan,19.139917,,86.0,,,,0,history1
naive,No Repair,87,87,BuildSnap,63.4425,,87.0,,,Probe,0,history1
naive,No Repair,87,87,Probe,16.811167,600.0,87.0,,,,0,history1
naive,No Repair,88,88,BuildSnap,48.56325,,88.0,,,Probe,0,history1
naive,No Repair,88,88,Probe,16.817167,600.0,88.0,,,,0,history1
naive,No Repair,89,89,BuildSnap,65.141709,,89.0,,,RecentScan,0,history1
naive,No Repair,89,89,RecentScan,19.747416,,89.0,,,,0,history1
naive,No Repair,90,90,Update,0.0,6.0,,,,,0,history1
naive,No Repair,91,91,BuildSnap,0.0,,91.0,,,,0,history1
naive,No Repair,92,92,BuildSnap,64.811417,,92.0,,,Probe,0,history1
naive,No Repair,92,92,Probe,16.27875,600.0,92.0,,,,0,history1
naive,No Repair,93,93,BuildSnap,72.654666,,93.0,,,RecentScan,0,history1
naive,No Repair,93,93,RecentScan,18.642334,,93.0,,,,0,history1
naive,No Repair,94,94,Update,0.0,6.0,,,,,0,history1
naive,No Repair,95,95,BuildSnap,58.657417,,95.0,,,RecentScan,0,history1
naive,No Repair,95,95,RecentScan,20.887208,,95.0,,,,0,history1
naive,No Repair,96,96,BuildSnap,61.163208,,96.0,,,Probe,0,history1
naive,No Repair,96,96,Probe,17.573375,600.0,96.0,,,,0,history1
naive,No Repair,97,97,BuildSnap,67.439125,,97.0,,,Probe,0,history1
naive,No Repair,97,97,Probe,15.839791,600.0,97.0,,,,0,history1
naive,No Repair,98,98,BuildSnap,69.353084,,98.0,,,RecentScan,0,history1
naive,No Repair,98,98,RecentScan,21.756084,,98.0,,,,0,history1
naive,No Repair,99,99,BuildSnap,65.589167,,99.0,,,Probe,0,history1
naive,No Repair,99,99,Probe,16.281667,600.0,99.0,,,,0,history1
naive,No Repair,100,100,BuildSnap,62.206125,,100.0,,,RecentScan,0,history1
naive,No Repair,100,100,RecentScan,19.671916,,100.0,,,,0,history1
naive,No Repair,101,101,BuildSnap,69.743,,101.0,,,Probe,0,history1
naive,No Repair,101,101,Probe,17.796917,600.0,101.0,,,,0,history1
naive,No Repair,102,102,BuildSnap,56.285208,,102.0,,,RecentScan,0,history1
naive,No Repair,102,102,RecentScan,23.307375,,102.0,,,,0,history1
naive,No Repair,103,103,Update,0.0,6.0,,,,,0,history1
naive,No Repair,104,104,BuildSnap,0.0,,104.0,,,,0,history1
naive,No Repair,105,105,BuildSnap,59.760416,,105.0,,,Probe,0,history1
naive,No Repair,105,105,Probe,16.575,600.0,105.0,,,,0,history1
naive,No Repair,106,106,Update,0.0,6.0,,,,,0,history1
naive,No Repair,107,107,BuildSnap,74.308125,,107.0,,,Probe,0,history1
naive,No Repair,107,107,Probe,15.261208,600.0,107.0,,,,0,history1
naive,No Repair,108,108,Update,0.0,6.0,,,,,0,history1
naive,No Repair,109,109,BuildSnap,0.0,,109.0,,,,0,history1
naive,No Repair,110,110,BuildSnap,62.97325,,110.0,,,Probe,0,history1
naive,No Repair,110,110,Probe,17.188708,600.0,110.0,,,,0,history1
naive,No Repair,111,111,BuildSnap,59.925791,,111.0,,,RecentScan,0,history1
naive,No Repair,111,111,RecentScan,25.8985,,111.0,,,,0,history1
naive,No Repair,112,112,BuildSnap,77.035625,,112.0,,,Probe,0,history1
naive,No Repair,112,112,Probe,24.463459,600.0,112.0,,,,0,history1
naive,No Repair,113,113,BuildSnap,195.446084,,113.0,,,RecentScan,0,history1
naive,No Repair,113,113,RecentScan,42.6585,,113.0,,,,0,history1
naive,No Repair,114,114,BuildSnap,69.1325,,114.0,,,RecentScan,0,history1
naive,No Repair,114,114,RecentScan,27.410917,,114.0,,,,0,history1
naive,No Repair,115,115,BuildSnap,67.452917,,115.0,,,Probe,0,history1
naive,No Repair,115,115,Probe,17.983042,600.0,115.0,,,,0,history1
naive,No Repair,116,116,BuildSnap,66.558958,,116.0,,,RecentScan,0,history1
naive,No Repair,116,116,RecentScan,19.431791,,116.0,,,,0,history1
ivmh,No Repair,0,0,InitLoad,13.873833,60000.0,,,,,0,history1
ivmh,No Repair,1,1,BuildSnap,0.0,,1.0,,,,0,history1
ivmh,No Repair,2,2,Update,0.019542,6.0,,,,,0,history1
ivmh,No Repair,3,3,BuildSnap,0.0,,3.0,,,,0,history1
ivmh,No Repair,4,4,RecentScan,16.752041,,4.0,,,,0,history1
ivmh,No Repair,5,5,Update,0.009459,6.0,,,,,0,history1
ivmh,No Repair,6,6,RecentScan,17.473292,,6.0,,,,0,history1
ivmh,No Repair,7,7,Update,0.018583,6.0,,,,,0,history1
ivmh,No Repair,8,8,BuildSnap,0.0,,8.0,,,,0,history1
ivmh,No Repair,9,9,BuildSnap,50.938292,,1.0,,,HistoryScan,0,history1
ivmh,No Repair,9,9,HistoryScan,15.3505,,1.0,,,,0,history1
ivmh,No Repair,10,10,Update,0.022625,6.0,,,,,0,history1
ivmh,No Repair,11,11,RecentScan,15.410084,,11.0,,,,0,history1
ivmh,No Repair,12,12,RecentScan,14.931834,,12.0,,,,0,history1
ivmh,No Repair,13,13,Probe,15.397,600.0,13.0,,,,0,history1
ivmh,No Repair,14,14,GbgCollect,0.10383400000000001,,1.0,,,,0,history1
ivmh,No Repair,15,15,Update,0.00975,6.0,,,,,0,history1
ivmh,No Repair,16,16,BuildSnap,0.0,,16.0,,,,0,history1
ivmh,No Repair,17,17,Update,0.005416000000000001,6.0,,,,,0,history1
ivmh,No Repair,18,18,Probe,16.339375,600.0,18.0,,,,0,history1
ivmh,No Repair,19,19,RecentScan,17.004333,,19.0,,,,0,history1
ivmh,No Repair,20,20,RecentScan,14.491916,,20.0,,,,0,history1
ivmh,No Repair,21,21,RecentScan,15.625375,,21.0,,,,0,history1
ivmh,No Repair,22,22,Probe,13.771167,600.0,22.0,,,,0,history1
ivmh,No Repair,23,23,Probe,14.787375,600.0,23.0,,,,0,history1
ivmh,No Repair,24,24,Probe,14.274583,600.0,24.0,,,,0,history1
ivmh,No Repair,25,25,RecentScan,16.418791,,25.0,,,,0,history1
ivmh,No Repair,26,26,Probe,14.737209,600.0,26.0,,,,0,history1
ivmh,No Repair,27,27,GbgCollect,0.0,,3.0,,,,0,history1
ivmh,No Repair,28,28,RecentScan,16.488834,,28.0,,,,0,history1
ivmh,No Repair,29,29,Update,0.010958,6.0,,,,,0,history1
ivmh,No Repair,30,30,BuildSnap,0.0,,30.0,,,,0,history1
ivmh,No Repair,31,31,Probe,15.606209,600.0,31.0,,,,0,history1
ivmh,No Repair,32,32,Probe,13.627583,600.0,32.0,,,,0,history1
ivmh,No Repair,33,33,Update,0.006958,6.0,,,,,0,history1
ivmh,No Repair,34,34,RecentScan,16.063375,,34.0,,,,0,history1
ivmh,No Repair,35,35,RecentScan,17.028875,,35.0,,,,0,history1
ivmh,No Repair,36,36,Update,0.011833999999999999,6.0,,,,,0,history1
ivmh,No Repair,37,37,BuildSnap,0.0,,37.0,,,,0,history1
ivmh,No Repair,38,38,GbgCollect,0.0,,8.0,,,,0,history1
ivmh,No Repair,39,39,Probe,15.785666,600.0,39.0,,,,0,history1
ivmh,No Repair,40,40,Update,0.006958,6.0,,,,,0,history1
ivmh,No Repair,41,41,RecentScan,15.231666,,41.0,,,,0,history1
ivmh,No Repair,42,42,Probe,15.295125,600.0,42.0,,,,0,history1
ivmh,No Repair,43,43,Probe,14.404958,600.0,43.0,,,,0,history1
ivmh,No Repair,44,44,Update,0.008042,6.0,,,,,0,history1
ivmh,No Repair,45,45,BuildSnap,0.0,,45.0,,,,0,history1
ivmh,No Repair,46,46,Probe,14.248125,600.0,46.0,,,,0,history1
ivmh,No Repair,47,47,RecentScan,15.303375,,47.0,,,,0,history1
ivmh,No Repair,48,48,RecentScan,14.373708,,48.0,,,,0,history1
ivmh,No Repair,49,49,Probe,16.308167,600.0,49.0,,,,0,history1
ivmh,No Repair,50,50,RecentScan,16.451708,,50.0,,,,0,history1
ivmh,No Repair,51,51,Update,0.012084,6.0,,,,,0,history1
ivmh,No Repair,52,52,Update,0.009333000000000001,6.0,,,,,0,history1
ivmh,No Repair,53,53,BuildSnap,0.0,,53.0,,,,0,history1
ivmh,No Repair,54,54,RecentScan,16.607791,,54.0,,,,0,history1
ivmh,No Repair,55,55,Update,0.016291,6.0,,,,,0,history1
ivmh,No Repair,56,56,Probe,14.26375,600.0,56.0,,,,0,history1
ivmh,No Repair,57,57,RecentScan,16.497333,,57.0,,,,0,history1
ivmh,No Repair,58,58,Probe,14.564625,600.0,58.0,,,,0,history1
ivmh,No Repair,59,59,RecentScan,14.610458,,59.0,,,,0,history1
ivmh,No Repair,60,60,RecentScan,14.954875,,60.0,,,,0,history1
ivmh,No Repair,61,61,Probe,16.252209,600.0,61.0,,,,0,history1
ivmh,No Repair,62,62,Probe,14.776666,600.0,62.0,,,,0,history1
ivmh,No Repair,63,63,Probe,14.70675,600.0,63.0,,,,0,history1
ivmh,No Repair,64,64,Probe,14.560375,600.0,64.0,,,,0,history1
ivmh,No Repair,65,65,GbgCollect,0.0,,16.0,,,,0,history1
ivmh,No Repair,66,66,Probe,13.937583,600.0,66.0,,,,0,history1
ivmh,No Repair,67,67,RecentScan,16.604416,,67.0,,,,0,history1
ivmh,No Repair,68,68,Probe,15.554625,600.0,68.0,,,,0,history1
ivmh,No Repair,69,69,RecentScan,16.352667,,69.0,,,,0,history1
ivmh,No Repair,70,70,Probe,14.686458,600.0,70.0,,,,0,history1
ivmh,No Repair,71,71,RecentScan,15.632333,,71.0,,,,0,history1
ivmh,No Repair,72,72,Probe,15.146167,600.0,72.0,,,,0,history1
ivmh,No Repair,73,73,Probe,13.294084,600.0,73.0,,,,0,history1
ivmh,No Repair,74,74,GbgCollect,0.0,,30.0,,,,0,history1
ivmh,No Repair,75,75,RecentScan,14.9185,,75.0,,,,0,history1
ivmh,No Repair,76,76,RecentScan,15.634042,,76.0,,,,0,history1
ivmh,No Repair,77,77,RecentScan,14.766292,,77.0,,,,0,history1
ivmh,No Repair,78,78,RecentScan,14.841625,,78.0,,,,0,history1
ivmh,No Repair,79,79,Probe,15.228125,600.0,79.0,,,,0,history1
ivmh,No Repair,80,80,Update,0.007291000000000001,6.0,,,,,0,history1
ivmh,No Repair,81,81,BuildSnap,0.0,,81.0,,,,0,history1
ivmh,No Repair,82,82,Update,0.003375,6.0,,,,,0,history1
ivmh,No Repair,83,83,RecentScan,16.128375,,83.0,,,,0,history1
ivmh,No Repair,84,84,RecentScan,14.699583,,84.0,,,,0,history1
ivmh,No Repair,85,85,Probe,14.695334,600.0,85.0,,,,0,history1
ivmh,No Repair,86,86,RecentScan,15.19925,,86.0,,,,0,history1
ivmh,No Repair,87,87,Probe,14.537834,600.0,87.0,,,,0,history1
ivmh,No Repair,88,88,Probe,16.352583,600.0,88.0,,,,0,history1
ivmh,No Repair,89,89,RecentScan,15.8375,,89.0,,,,0,history1
ivmh,No Repair,90,90,Update,0.014291,6.0,,,,,0,history1
ivmh,No Repair,91,91,BuildSnap,0.0,,91.0,,,,0,history1
ivmh,No Repair,92,92,Probe,15.202458,600.0,92.0,,,,0,history1
ivmh,No Repair,93,93,RecentScan,16.251875,,93.0,,,,0,history1
ivmh,No Repair,94,94,Update,0.0115,6.0,,,,,0,history1
ivmh,No Repair,95,95,RecentScan,15.425042,,95.0,,,,0,history1
ivmh,No Repair,96,96,Probe,16.436167,600.0,96.0,,,,0,history1
ivmh,No Repair,97,97,Probe,14.810917,600.0,97.0,,,,0,history1
ivmh,No Repair,98,98,RecentScan,17.1085,,98.0,,,,0,history1
ivmh,No Repair,99,99,Probe,14.961292,600.0,99.0,,,,0,history1
ivmh,No Repair,100,100,RecentScan,15.242458,,100.0,,,,0,history1
ivmh,No Repair,101,101,Probe,16.051959,600.0,101.0,,,,0,history1
ivmh,No Repair,102,102,RecentScan,16.242625,,102.0,,,,0,history1
ivmh,No Repair,103,103,Update,0.008583,6.0,,,,,0,history1
ivmh,No Repair,104,104,BuildSnap,0.0,,104.0,,,,0,history1
ivmh,No Repair,105,105,Probe,16.429,600.0,105.0,,,,0,history1
ivmh,No Repair,106,106,Update,0.00575,6.0,,,,,0,history1
ivmh,No Repair,107,107,Probe,14.274666,600.0,107.0,,,,0,history1
ivmh,No Repair,108,108,Update,0.006417,6.0,,,,,0,history1
ivmh,No Repair,109,109,BuildSnap,0.0,,109.0,,,,0,history1
ivmh,No Repair,110,110,Probe,15.991708,600.0,110.0,,,,0,history1
ivmh,No Repair,111,111,RecentScan,16.778209,,111.0,,,,0,history1
ivmh,No Repair,112,112,Probe,14.917166,600.0,112.0,,,,0,history1
ivmh,No Repair,113,113,RecentScan,14.977084,,113.0,,,,0,history1
ivmh,No Repair,114,114,RecentScan,16.311833,,114.0,,,,0,history1
ivmh,No Repair,115,115,Probe,15.292333,600.0,115.0,,,,0,history1
ivmh,No Repair,116,116,RecentScan,15.567792,,116.0,,,,0,history1
heap,No Repair,0,0,InitLoad,18.695125,60000.0,,,,,0,history1
heap,No Repair,1,1,BuildSnap,0.0,,1.0,,,,0,history1
heap,No Repair,2,2,Update,0.005333,6.0,,,,,0,history1
heap,No Repair,3,3,BuildSnap,0.0,,3.0,,,,0,history1
heap,No Repair,4,4,RecentScan,20.063833,,4.0,,,,0,history1
heap,No Repair,5,5,Update,0.007125,6.0,,,,,0,history1
heap,No Repair,6,6,RecentScan,19.404917,,6.0,,,,0,history1
heap,No Repair,7,7,Update,0.00675,6.0,,,,,0,history1
heap,No Repair,8,8,BuildSnap,0.0,,8.0,,,,0,history1
heap,No Repair,9,9,HistoryScan,20.125583,,1.0,,,,0,history1
heap,No Repair,10,10,Update,0.009375,6.0,,,,,0,history1
heap,No Repair,11,11,RecentScan,20.294084,,11.0,,,,0,history1
heap,No Repair,12,12,RecentScan,20.349166,,12.0,,,,0,history1
heap,No Repair,13,13,Probe,23.039042,600.0,13.0,,,,0,history1
heap,No Repair,14,14,GbgCollect,11.481042,,1.0,,,,0,history1
heap,No Repair,15,15,Update,0.003834,6.0,,,,,0,history1
heap,No Repair,16,16,BuildSnap,0.0,,16.0,,,,0,history1
heap,No Repair,17,17,Update,0.011417,6.0,,,,,0,history1
heap,No Repair,18,18,Probe,22.68575,600.0,18.0,,,,0,history1
heap,No Repair,19,19,RecentScan,20.08225,,19.0,,,,0,history1
heap,No Repair,20,20,RecentScan,20.428,,20.0,,,,0,history1
heap,No Repair,21,21,RecentScan,20.712375,,21.0,,,,0,history1
heap,No Repair,22,22,Probe,21.23025,600.0,22.0,,,,0,history1
heap,No Repair,23,23,Probe,21.756791,600.0,23.0,,,,0,history1
heap,No Repair,24,24,Probe,20.319917,600.0,24.0,,,,0,history1
heap,No Repair,25,25,RecentScan,19.807917,,25.0,,,,0,history1
heap,No Repair,26,26,Probe,22.5785,600.0,26.0,,,,0,history1
heap,No Repair,27,27,GbgCollect,11.402584,,3.0,,,,0,history1
heap,No Repair,28,28,RecentScan,20.0595,,28.0,,,,0,history1
heap,No Repair,29,29,Update,0.007084,6.0,,,,,0,history1
heap,No Repair,30,30,BuildSnap,0.0,,30.0,,,,0,history1
heap,No Repair,31,31,Probe,23.999666,600.0,31.0,,,,0,history1
heap,No Repair,32,32,Probe,21.683792,600.0,32.0,,,,0,history1
heap,No Repair,33,33,Update,0.003666,6.0,,,,,0,history1
heap,No Repair,34,34,RecentScan,20.44875,,34.0,,,,0,history1
heap,No Repair,35,35,RecentScan,20.186375,,35.0,,,,0,history1
heap,No Repair,36,36,Update,0.008542,6.0,,,,,0,history1
heap,No Repair,37,37,BuildSnap,0.0,,37.0,,,,0,history1
heap,No Repair,38,38,GbgCollect,12.093875,,8.0,,,,0,history1
heap,No Repair,39,39,Probe,22.3665,600.0,39.0,,,,0,history1
heap,No Repair,40,40,Update,0.004208999999999999,6.0,,,,,0,history1
heap,No Repair,41,41,RecentScan,19.98075,,41.0,,,,0,history1
heap,No Repair,42,42,Probe,22.96675,600.0,42.0,,,,0,history1
heap,No Repair,43,43,Probe,22.19375,600.0,43.0,,,,0,history1
heap,No Repair,44,44,Update,0.004333,6.0,,,,,0,history1
heap,No Repair,45,45,BuildSnap,0.0,,45.0,,,,0,history1
heap,No Repair,46,46,Probe,22.964625,600.0,46.0,,,,0,history1
heap,No Repair,47,47,RecentScan,20.067875,,47.0,,,,0,history1
heap,No Repair,48,48,RecentScan,20.257958,,48.0,,,,0,history1
heap,No Repair,49,49,Probe,21.590916,600.0,49.0,,,,0,history1
heap,No Repair,50,50,RecentScan,19.719542,,50.0,,,,0,history1
heap,No Repair,51,51,Update,0.007,6.0,,,,,0,history1
heap,No Repair,52,52,Update,0.0045,6.0,,,,,0,history1
heap,No Repair,53,53,BuildSnap,0.0,,53.0,,,,0,history1
heap,No Repair,54,54,RecentScan,20.640375,,54.0,,,,0,history1
heap,No Repair,55,55,Update,0.010042,6.0,,,,,0,history1
heap,No Repair,56,56,Probe,22.533125,600.0,56.0,,,,0,history1
heap,No Repair,57,57,RecentScan,20.047875,,57.0,,,,0,history1
heap,No Repair,58,58,Probe,22.267334,600.0,58.0,,,,0,history1
heap,No Repair,59,59,RecentScan,20.1485,,59.0,,,,0,history1
heap,No Repair,60,60,RecentScan,20.173166,,60.0,,,,0,history1
heap,No Repair,61,61,Probe,24.594292,600.0,61.0,,,,0,history1
heap,No Repair,62,62,Probe,21.707958,600.0,62.0,,,,0,history1
heap,No Repair,63,63,Probe,23.133959,600.0,63.0,,,,0,history1
heap,No Repair,64,64,Probe,22.847125,600.0,64.0,,,,0,history1
heap,No Repair,65,65,GbgCollect,11.114208,,16.0,,,,0,history1
heap,No Repair,66,66,Probe,22.701708,600.0,66.0,,,,0,history1
heap,No Repair,67,67,RecentScan,19.487667,,67.0,,,,0,history1
heap,No Repair,68,68,Probe,22.717708,600.0,68.0,,,,0,history1
heap,No Repair,69,69,RecentScan,19.578792,,69.0,,,,0,history1
heap,No Repair,70,70,Probe,23.23325,600.0,70.0,,,,0,history1
heap,No Repair,71,71,RecentScan,20.038583,,71.0,,,,0,history1
heap,No Repair,72,72,Probe,22.781333,600.0,72.0,,,,0,history1
heap,No Repair,73,73,Probe,20.910583,600.0,73.0,,,,0,history1
heap,No Repair,74,74,GbgCollect,11.387625,,30.0,,,,0,history1
heap,No Repair,75,75,RecentScan,20.5375,,75.0,,,,0,history1
heap,No Repair,76,76,RecentScan,20.460167,,76.0,,,,0,history1
heap,No Repair,77,77,RecentScan,20.328583,,77.0,,,,0,history1
heap,No Repair,78,78,RecentScan,20.287292,,78.0,,,,0,history1
heap,No Repair,79,79,Probe,23.503667,600.0,79.0,,,,0,history1
heap,No Repair,80,80,Update,0.004834,6.0,,,,,0,history1
heap,No Repair,81,81,BuildSnap,0.0,,81.0,,,,0,history1
heap,No Repair,82,82,Update,0.006417,6.0,,,,,0,history1
heap,No Repair,83,83,RecentScan,20.211708,,83.0,,,,0,history1
heap,No Repair,84,84,RecentScan,19.996667,,84.0,,,,0,history1
heap,No Repair,85,85,Probe,21.960375,600.0,85.0,,,,0,history1
heap,No Repair,86,86,RecentScan,19.974125,,86.0,,,,0,history1
heap,No Repair,87,87,Probe,22.009209,600.0,87.0,,,,0,history1
heap,No Repair,88,88,Probe,22.602875,600.0,88.0,,,,0,history1
heap,No Repair,89,89,RecentScan,19.790084,,89.0,,,,0,history1
heap,No Repair,90,90,Update,0.006042,6.0,,,,,0,history1
heap,No Repair,91,91,BuildSnap,0.0,,91.0,,,,0,history1
heap,No Repair,92,92,Probe,22.514791,600.0,92.0,,,,0,history1
heap,No Repair,93,93,RecentScan,19.795,,93.0,,,,0,history1
heap,No Repair,94,94,Update,0.009792,6.0,,,,,0,history1
heap,No Repair,95,95,RecentScan,20.622333,,95.0,,,,0,history1
heap,No Repair,96,96,Probe,24.079333,600.0,96.0,,,,0,history1
heap,No Repair,97,97,Probe,21.45225,600.0,97.0,,,,0,history1
heap,No Repair,98,98,RecentScan,20.686458,,98.0,,,,0,history1
heap,No Repair,99,99,Probe,22.317833,600.0,99.0,,,,0,history1
heap,No Repair,100,100,RecentScan,20.013958,,100.0,,,,0,history1
heap,No Repair,101,101,Probe,23.447958,600.0,101.0,,,,0,history1
heap,No Repair,102,102,RecentScan,20.673584,,102.0,,,,0,history1
heap,No Repair,103,103,Update,0.007291000000000001,6.0,,,,,0,history1
heap,No Repair,104,104,BuildSnap,0.0,,104.0,,,,0,history1
heap,No Repair,105,105,Probe,24.336292,600.0,105.0,,,,0,history1
heap,No Repair,106,106,Update,0.004542,6.0,,,,,0,history1
heap,No Repair,107,107,Probe,21.06425,600.0,107.0,,,,0,history1
heap,No Repair,108,108,Update,0.003292,6.0,,,,,0,history1
heap,No Repair,109,109,BuildSnap,0.0,,109.0,,,,0,history1
heap,No Repair,110,110,Probe,23.527208,600.0,110.0,,,,0,history1
heap,No Repair,111,111,RecentScan,20.511791,,111.0,,,,0,history1
heap,No Repair,112,112,Probe,23.371167,600.0,112.0,,,,0,history1
heap,No Repair,113,113,RecentScan,20.068458,,113.0,,,,0,history1
heap,No Repair,114,114,RecentScan,19.424292,,114.0,,,,0,history1
heap,No Repair,115,115,Probe,24.130583,600.0,115.0,,,,0,history1
heap,No Repair,116,116,RecentScan,20.049666,,116.0,,,,0,history1
heap,Read Repair,0,0,InitLoad,19.497458,60000.0,,,,,0,history1
heap,Read Repair,1,1,BuildSnap,0.0,,1.0,,,,0,history1
heap,Read Repair,2,2,Update,0.009875,6.0,,,,,0,history1
heap,Read Repair,3,3,BuildSnap,0.0,,3.0,,,,0,history1
heap,Read Repair,4,4,RecentScan,28.69925,,4.0,,,,0,history1
heap,Read Repair,5,5,Update,0.007125,6.0,,,,,0,history1
heap,Read Repair,6,6,RecentScan,29.020833,,6.0,,,,0,history1
heap,Read Repair,7,7,Update,0.006708,6.0,,,,,0,history1
heap,Read Repair,8,8,BuildSnap,0.0,,8.0,,,,0,history1
heap,Read Repair,9,9,HistoryScan,16.414083,,1.0,,,,0,history1
heap,Read Repair,10,10,Update,0.005708,6.0,,,,,0,history1
heap,Read Repair,11,11,RecentScan,29.228083,,11.0,,,,0,history1
heap,Read Repair,12,12,RecentScan,15.494125,,12.0,,,,0,history1
heap,Read Repair,13,13,Probe,15.550458,600.0,13.0,,,,0,history1
heap,Read Repair,14,14,GbgCollect,10.728583,,1.0,,,,0,history1
heap,Read Repair,15,15,Update,0.003,6.0,,,,,0,history1
heap,Read Repair,16,16,BuildSnap,0.0,,16.0,,,,0,history1
heap,Read Repair,17,17,Update,0.016957999999999997,6.0,,,,,0,history1
heap,Read Repair,18,18,Probe,23.453708,600.0,18.0,,,,0,history1
heap,Read Repair,19,19,RecentScan,29.465333,,19.0,,,,0,history1
heap,Read Repair,20,20,RecentScan,16.221833,,20.0,,,,0,history1
heap,Read Repair,21,21,RecentScan,16.425916,,21.0,,,,0,history1
heap,Read Repair,22,22,Probe,14.493209,600.0,22.0,,,,0,history1
heap,Read Repair,23,23,Probe,15.349792,600.0,23.0,,,,0,history1
heap,Read Repair,24,24,Probe,13.833417,600.0,24.0,,,,0,history1
heap,Read Repair,25,25,RecentScan,15.928292,,25.0,,,,0,history1
heap,Read Repair,26,26,Probe,14.524042,600.0,26.0,,,,0,history1
heap,Read Repair,27,27,GbgCollect,11.025458,,3.0,,,,0,history1
heap,Read Repair,28,28,RecentScan,15.27875,,28.0,,,,0,history1
heap,Read Repair,29,29,Update,0.006292,6.0,,,,,0,history1
heap,Read Repair,30,30,BuildSnap,0.0,,30.0,,,,0,history1
heap,Read Repair,31,31,Probe,24.725375,600.0,31.0,,,,0,history1
heap,Read Repair,32,32,Probe,21.090084,600.0,32.0,,,,0,history1
heap,Read Repair,33,33,Update,0.003542,6.0,,,,,0,history1
heap,Read Repair,34,34,RecentScan,30.002958,,34.0,,,,0,history1
heap,Read Repair,35,35,RecentScan,15.6055,,35.0,,,,0,history1
heap,Read Repair,36,36,Update,0.006,6.0,,,,,0,history1
heap,Read Repair,37,37,BuildSnap,0.0,,37.0,,,,0,history1
heap,Read Repair,38,38,GbgCollect,12.242917,,8.0,,,,0,history1
heap,Read Repair,39,39,Probe,22.291333,600.0,39.0,,,,0,history1
heap,Read Repair,40,40,Update,0.003875,6.0,,,,,0,history1
heap,Read Repair,41,41,RecentScan,30.154667,,41.0,,,,0,history1
heap,Read Repair,42,42,Probe,15.964541,600.0,42.0,,,,0,history1
heap,Read Repair,43,43,Probe,15.291458,600.0,43.0,,,,0,history1
heap,Read Repair,44,44,Update,0.004292,6.0,,,,,0,history1
heap,Read Repair,45,45,BuildSnap,0.0,,45.0,,,,0,history1
heap,Read Repair,46,46,Probe,22.466041,600.0,46.0,,,,0,history1
heap,Read Repair,47,47,RecentScan,29.251375,,47.0,,,,0,history1
heap,Read Repair,48,48,RecentScan,15.065709,,48.0,,,,0,history1
heap,Read Repair,49,49,Probe,15.120334,600.0,49.0,,,,0,history1
heap,Read Repair,50,50,RecentScan,14.527458,,50.0,,,,0,history1
heap,Read Repair,51,51,Update,0.005625,6.0,,,,,0,history1
heap,Read Repair,52,52,Update,0.003625,6.0,,,,,0,history1
heap,Read Repair,53,53,BuildSnap,0.0,,53.0,,,,0,history1
heap,Read Repair,54,54,RecentScan,29.286417,,54.0,,,,0,history1
heap,Read Repair,55,55,Update,0.007541,6.0,,,,,0,history1
heap,Read Repair,56,56,Probe,23.576875,600.0,56.0,,,,0,history1
heap,Read Repair,57,57,RecentScan,29.520291,,57.0,,,,0,history1
heap,Read Repair,58,58,Probe,14.552458,600.0,58.0,,,,0,history1
heap,Read Repair,59,59,RecentScan,14.617666,,59.0,,,,0,history1
heap,Read Repair,60,60,RecentScan,15.119958,,60.0,,,,0,history1
heap,Read Repair,61,61,Probe,17.110709,600.0,61.0,,,,0,history1
heap,Read Repair,62,62,Probe,15.092833,600.0,62.0,,,,0,history1
heap,Read Repair,63,63,Probe,15.107917,600.0,63.0,,,,0,history1
heap,Read Repair,64,64,Probe,14.654792,600.0,64.0,,,,0,history1
heap,Read Repair,65,65,GbgCollect,10.618834,,16.0,,,,0,history1
heap,Read Repair,66,66,Probe,15.094458,600.0,66.0,,,,0,history1
heap,Read Repair,67,67,RecentScan,15.03975,,67.0,,,,0,history1
heap,Read Repair,68,68,Probe,14.842875,600.0,68.0,,,,0,history1
heap,Read Repair,69,69,RecentScan,14.804084,,69.0,,,,0,history1
heap,Read Repair,70,70,Probe,15.41875,600.0,70.0,,,,0,history1
heap,Read Repair,71,71,RecentScan,14.915916,,71.0,,,,0,history1
heap,Read Repair,72,72,Probe,15.047209,600.0,72.0,,,,0,history1
heap,Read Repair,73,73,Probe,13.590667,600.0,73.0,,,,0,history1
heap,Read Repair,74,74,GbgCollect,10.55175,,30.0,,,,0,history1
heap,Read Repair,75,75,RecentScan,14.724542,,75.0,,,,0,history1
heap,Read Repair,76,76,RecentScan,15.025459,,76.0,,,,0,history1
heap,Read Repair,77,77,RecentScan,14.884209,,77.0,,,,0,history1
heap,Read Repair,78,78,RecentScan,15.006833,,78.0,,,,0,history1
heap,Read Repair,79,79,Probe,14.903625,600.0,79.0,,,,0,history1
heap,Read Repair,80,80,Update,0.00425,6.0,,,,,0,history1
heap,Read Repair,81,81,BuildSnap,0.0,,81.0,,,,0,history1
heap,Read Repair,82,82,Update,0.011042,6.0,,,,,0,history1
heap,Read Repair,83,83,RecentScan,29.88375,,83.0,,,,0,history1
heap,Read Repair,84,84,RecentScan,15.099459,,84.0,,,,0,history1
heap,Read Repair,85,85,Probe,14.724292,600.0,85.0,,,,0,history1
heap,Read Repair,86,86,RecentScan,14.806833,,86.0,,,,0,history1
heap,Read Repair,87,87,Probe,14.788,600.0,87.0,,,,0,history1
heap,Read Repair,88,88,Probe,15.321291,600.0,88.0,,,,0,history1
heap,Read Repair,89,89,RecentScan,14.782708,,89.0,,,,0,history1
heap,Read Repair,90,90,Update,0.00475,6.0,,,,,0,history1
heap,Read Repair,91,91,BuildSnap,0.0,,91.0,,,,0,history1
heap,Read Repair,92,92,Probe,23.231,600.0,92.0,,,,0,history1
heap,Read Repair,93,93,RecentScan,29.895958,,93.0,,,,0,history1
heap,Read Repair,94,94,Update,0.006625,6.0,,,,,0,history1
heap,Read Repair,95,95,RecentScan,29.795542,,95.0,,,,0,history1
heap,Read Repair,96,96,Probe,16.46475,600.0,96.0,,,,0,history1
heap,Read Repair,97,97,Probe,13.856542,600.0,97.0,,,,0,history1
heap,Read Repair,98,98,RecentScan,15.497375,,98.0,,,,0,history1
heap,Read Repair,99,99,Probe,14.793208,600.0,99.0,,,,0,history1
heap,Read Repair,100,100,RecentScan,14.950209,,100.0,,,,0,history1
heap,Read Repair,101,101,Probe,15.287625,600.0,101.0,,,,0,history1
heap,Read Repair,102,102,RecentScan,15.5675,,102.0,,,,0,history1
heap,Read Repair,103,103,Update,0.006375,6.0,,,,,0,history1
heap,Read Repair,104,104,BuildSnap,0.0,,104.0,,,,0,history1
heap,Read Repair,105,105,Probe,24.187166,600.0,105.0,,,,0,history1
heap,Read Repair,106,106,Update,0.003875,6.0,,,,,0,history1
heap,Read Repair,107,107,Probe,20.627417,600.0,107.0,,,,0,history1
heap,Read Repair,108,108,Update,0.003458,6.0,,,,,0,history1
heap,Read Repair,109,109,BuildSnap,0.0,,109.0,,,,0,history1
heap,Read Repair,110,110,Probe,23.676416,600.0,110.0,,,,0,history1
heap,Read Repair,111,111,RecentScan,30.384375,,111.0,,,,0,history1
heap,Read Repair,112,112,Probe,15.098916,600.0,112.0,,,,0,history1
heap,Read Repair,113,113,RecentScan,15.249375,,113.0,,,,0,history1
heap,Read Repair,114,114,RecentScan,15.216,,114.0,,,,0,history1
heap,Read Repair,115,115,Probe,15.819583,600.0,115.0,,,,0,history1
heap,Read Repair,116,116,RecentScan,14.203333,,116.0,,,,0,history1
heap,Write Repair,0,0,InitLoad,19.730833,60000.0,,,,,0,history1
heap,Write Repair,1,1,BuildSnap,0.0,,1.0,,,,0,history1
heap,Write Repair,2,2,Update,0.974625,6.0,,,,,0,history1
heap,Write Repair,3,3,BuildSnap,0.0,,3.0,,,,0,history1
heap,Write Repair,4,4,RecentScan,13.760458,,4.0,,,,0,history1
heap,Write Repair,5,5,Update,0.998125,6.0,,,,,0,history1
heap,Write Repair,6,6,RecentScan,16.036375,,6.0,,,,0,history1
heap,Write Repair,7,7,Update,0.8242079999999999,6.0,,,,,0,history1
heap,Write Repair,8,8,BuildSnap,0.0,,8.0,,,,0,history1
heap,Write Repair,9,9,HistoryScan,14.115125,,1.0,,,,0,history1
heap,Write Repair,10,10,Update,0.7999160000000001,6.0,,,,,0,history1
heap,Write Repair,11,11,RecentScan,14.876125,,11.0,,,,0,history1
heap,Write Repair,12,12,RecentScan,15.039708,,12.0,,,,0,history1
heap,Write Repair,13,13,Probe,15.377292,600.0,13.0,,,,0,history1
heap,Write Repair,14,14,GbgCollect,11.588459,,1.0,,,,0,history1
heap,Write Repair,15,15,Update,0.7002079999999999,6.0,,,,,0,history1
heap,Write Repair,16,16,BuildSnap,0.0,,16.0,,,,0,history1
heap,Write Repair,17,17,Update,0.813583,6.0,,,,,0,history1
heap,Write Repair,18,18,Probe,14.894958,600.0,18.0,,,,0,history1
heap,Write Repair,19,19,RecentScan,16.09025,,19.0,,,,0,history1
heap,Write Repair,20,20,RecentScan,15.833333,,20.0,,,,0,history1
heap,Write Repair,21,21,RecentScan,14.226583,,21.0,,,,0,history1
heap,Write Repair,22,22,Probe,13.893375,600.0,22.0,,,,0,history1
heap,Write Repair,23,23,Probe,14.373416,600.0,23.0,,,,0,history1
heap,Write Repair,24,24,Probe,13.47425,600.0,24.0,,,,0,history1
heap,Write Repair,25,25,RecentScan,15.323709,,25.0,,,,0,history1
heap,Write Repair,26,26,Probe,14.557083,600.0,26.0,,,,0,history1
heap,Write Repair,27,27,GbgCollect,10.754834,,3.0,,,,0,history1
heap,Write Repair,28,28,RecentScan,14.176417,,28.0,,,,0,history1
heap,Write Repair,29,29,Update,0.838292,6.0,,,,,0,history1
heap,Write Repair,30,30,BuildSnap,0.0,,30.0,,,,0,history1
heap,Write Repair,31,31,Probe,16.351,600.0,31.0,,,,0,history1
heap,Write Repair,32,32,Probe,13.972125,600.0,32.0,,,,0,history1
heap,Write Repair,33,33,Update,0.9635,6.0,,,,,0,history1
heap,Write Repair,34,34,RecentScan,16.116333,,34.0,,,,0,history1
heap,Write Repair,35,35,RecentScan,15.54,,35.0,,,,0,history1
heap,Write Repair,36,36,Update,0.8277920000000001,6.0,,,,,0,history1
heap,Write Repair,37,37,BuildSnap,0.0,,37.0,,,,0,history1
heap,Write Repair,38,38,GbgCollect,11.484708,,8.0,,,,0,history1
heap,Write Repair,39,39,Probe,15.1855,600.0,39.0,,,,0,history1
heap,Write Repair,40,40,Update,0.940375,6.0,,,,,0,history1
heap,Write Repair,41,41,RecentScan,15.328125,,41.0,,,,0,history1
heap,Write Repair,42,42,Probe,15.309333,600.0,42.0,,,,0,history1
heap,Write Repair,43,43,Probe,14.292958,600.0,43.0,,,,0,history1
heap,Write Repair,44,44,Update,0.905833,6.0,,,,,0,history1
heap,Write Repair,45,45,BuildSnap,0.0,,45.0,,,,0,history1
heap,Write Repair,46,46,Probe,14.958208,600.0,46.0,,,,0,history1
heap,Write Repair,47,47,RecentScan,15.136583,,47.0,,,,0,history1
heap,Write Repair,48,48,RecentScan,16.18925,,48.0,,,,0,history1
heap,Write Repair,49,49,Probe,14.448709,600.0,49.0,,,,0,history1
heap,Write Repair,50,50,RecentScan,15.924125,,50.0,,,,0,history1
heap,Write Repair,51,51,Update,0.831834,6.0,,,,,0,history1
heap,Write Repair,52,52,Update,0.6205,6.0,,,,,0,history1
heap,Write Repair,53,53,BuildSnap,0.0,,53.0,,,,0,history1
heap,Write Repair,54,54,RecentScan,16.542875,,54.0,,,,0,history1
heap,Write Repair,55,55,Update,0.8440420000000001,6.0,,,,,0,history1
heap,Write Repair,56,56,Probe,14.775958,600.0,56.0,,,,0,history1
heap,Write Repair,57,57,RecentScan,16.286666,,57.0,,,,0,history1
heap,Write Repair,58,58,Probe,14.8395,600.0,58.0,,,,0,history1
heap,Write Repair,59,59,RecentScan,16.195791,,59.0,,,,0,history1
heap,Write Repair,60,60,RecentScan,16.002334,,60.0,,,,0,history1
heap,Write Repair,61,61,Probe,16.158958,600.0,61.0,,,,0,history1
heap,Write Repair,62,62,Probe,13.960167,600.0,62.0,,,,0,history1
heap,Write Repair,63,63,Probe,14.326833,600.0,63.0,,,,0,history1
heap,Write Repair,64,64,Probe,14.624458,600.0,64.0,,,,0,history1
heap,Write Repair,65,65,GbgCollect,11.375708,,16.0,,,,0,history1
heap,Write Repair,66,66,Probe,14.884125,600.0,66.0,,,,0,history1
heap,Write Repair,67,67,RecentScan,15.755042,,67.0,,,,0,history1
heap,Write Repair,68,68,Probe,14.212583,600.0,68.0,,,,0,history1
heap,Write Repair,69,69,RecentScan,16.862333,,69.0,,,,0,history1
heap,Write Repair,70,70,Probe,14.999708,600.0,70.0,,,,0,history1
heap,Write Repair,71,71,RecentScan,15.509334,,71.0,,,,0,history1
heap,Write Repair,72,72,Probe,14.996709,600.0,72.0,,,,0,history1
heap,Write Repair,73,73,Probe,13.327209,600.0,73.0,,,,0,history1
heap,Write Repair,74,74,GbgCollect,10.659708,,30.0,,,,0,history1
heap,Write Repair,75,75,RecentScan,15.172542,,75.0,,,,0,history1
heap,Write Repair,76,76,RecentScan,14.969166,,76.0,,,,0,history1
heap,Write Repair,77,77,RecentScan,16.373292,,77.0,,,,0,history1
heap,Write Repair,78,78,RecentScan,16.93575,,78.0,,,,0,history1
heap,Write Repair,79,79,Probe,15.364875,600.0,79.0,,,,0,history1
heap,Write Repair,80,80,Update,0.978,6.0,,,,,0,history1
heap,Write Repair,81,81,BuildSnap,0.0,,81.0,,,,0,history1
heap,Write Repair,82,82,Update,0.7555839999999999,6.0,,,,,0,history1
heap,Write Repair,83,83,RecentScan,14.743833,,83.0,,,,0,history1
heap,Write Repair,84,84,RecentScan,14.295667,,84.0,,,,0,history1
heap,Write Repair,85,85,Probe,14.159542,600.0,85.0,,,,0,history1
heap,Write Repair,86,86,RecentScan,15.723917,,86.0,,,,0,history1
heap,Write Repair,87,87,Probe,14.900041,600.0,87.0,,,,0,history1
heap,Write Repair,88,88,Probe,15.167583,600.0,88.0,,,,0,history1
heap,Write Repair,89,89,RecentScan,15.637541,,89.0,,,,0,history1
heap,Write Repair,90,90,Update,0.824167,6.0,,,,,0,history1
heap,Write Repair,91,91,BuildSnap,0.0,,91.0,,,,0,history1
heap,Write Repair,92,92,Probe,14.402625,600.0,92.0,,,,0,history1
heap,Write Repair,93,93,RecentScan,14.872791,,93.0,,,,0,history1
heap,Write Repair,94,94,Update,0.808584,6.0,,,,,0,history1
heap,Write Repair,95,95,RecentScan,14.398541,,95.0,,,,0,history1
heap,Write Repair,96,96,Probe,16.206167,600.0,96.0,,,,0,history1
heap,Write Repair,97,97,Probe,14.402625,600.0,97.0,,,,0,history1
heap,Write Repair,98,98,RecentScan,14.528333,,98.0,,,,0,history1
heap,Write Repair,99,99,Probe,15.388833,600.0,99.0,,,,0,history1
heap,Write Repair,100,100,RecentScan,15.320417,,100.0,,,,0,history1
heap,Write Repair,101,101,Probe,15.909625,600.0,101.0,,,,0,history1
heap,Write Repair,102,102,RecentScan,16.217042,,102.0,,,,0,history1
heap,Write Repair,103,103,Update,0.864958,6.0,,,,,0,history1
heap,Write Repair,104,104,BuildSnap,0.0,,104.0,,,,0,history1
heap,Write Repair,105,105,Probe,16.511959,600.0,105.0,,,,0,history1
heap,Write Repair,106,106,Update,0.855708,6.0,,,,,0,history1
heap,Write Repair,107,107,Probe,14.003375,600.0,107.0,,,,0,history1
heap,Write Repair,108,108,Update,0.6915,6.0,,,,,0,history1
heap,Write Repair,109,109,BuildSnap,0.0,,109.0,,,,0,history1
heap,Write Repair,110,110,Probe,14.975084,600.0,110.0,,,,0,history1
heap,Write Repair,111,111,RecentScan,14.952292,,111.0,,,,0,history1
heap,Write Repair,112,112,Probe,14.803125,600.0,112.0,,,,0,history1
heap,Write Repair,113,113,RecentScan,14.080041,,113.0,,,,0,history1
heap,Write Repair,114,114,RecentScan,13.782208,,114.0,,,,0,history1
heap,Write Repair,115,115,Probe,15.898041,600.0,115.0,,,,0,history1
heap,Write Repair,116,116,RecentScan,15.717667,,116.0,,,,0,history1
chain,No Repair,0,0,InitLoad,19.050709,60000.0,,,,,0,history1
chain,No Repair,1,1,BuildSnap,0.0,,1.0,,,,0,history1
chain,No Repair,2,2,Update,1.018375,6.0,,,,,0,history1
chain,No Repair,3,3,BuildSnap,0.0,,3.0,,,,0,history1
chain,No Repair,4,4,RecentScan,14.985333,,4.0,,,,0,history1
chain,No Repair,5,5,Update,0.751084,6.0,,,,,0,history1
chain,No Repair,6,6,RecentScan,14.489375,,6.0,,,,0,history1
chain,No Repair,7,7,Update,0.7184170000000001,6.0,,,,,0,history1
chain,No Repair,8,8,BuildSnap,0.0,,8.0,,,,0,history1
chain,No Repair,9,9,HistoryScan,15.197042,,1.0,,,,0,history1
chain,No Repair,10,10,Update,0.722666,6.0,,,,,0,history1
chain,No Repair,11,11,RecentScan,13.367125,,11.0,,,,0,history1
chain,No Repair,12,12,RecentScan,15.230042,,12.0,,,,0,history1
chain,No Repair,13,13,Probe,15.843333,600.0,13.0,,,,0,history1
chain,No Repair,14,14,GbgCollect,0.024291,,1.0,,,,0,history1
chain,No Repair,15,15,Update,0.8438329999999999,6.0,,,,,0,history1
chain,No Repair,16,16,BuildSnap,0.0,,16.0,,,,0,history1
chain,No Repair,17,17,Update,0.7010839999999999,6.0,,,,,0,history1
chain,No Repair,18,18,Probe,15.003834,600.0,18.0,,,,0,history1
chain,No Repair,19,19,RecentScan,15.565667,,19.0,,,,0,history1
chain,No Repair,20,20,RecentScan,16.305833,,20.0,,,,0,history1
chain,No Repair,21,21,RecentScan,16.36375,,21.0,,,,0,history1
chain,No Repair,22,22,Probe,14.184791,600.0,22.0,,,,0,history1
chain,No Repair,23,23,Probe,14.581542,600.0,23.0,,,,0,history1
chain,No Repair,24,24,Probe,13.691916,600.0,24.0,,,,0,history1
chain,No Repair,25,25,RecentScan,15.862792,,25.0,,,,0,history1
chain,No Repair,26,26,Probe,14.987375,600.0,26.0,,,,0,history1
chain,No Repair,27,27,GbgCollect,0.02475,,3.0,,,,0,history1
chain,No Repair,28,28,RecentScan,16.839041,,28.0,,,,0,history1
chain,No Repair,29,29,Update,0.978041,6.0,,,,,0,history1
chain,No Repair,30,30,BuildSnap,0.0,,30.0,,,,0,history1
chain,No Repair,31,31,Probe,16.212792,600.0,31.0,,,,0,history1
chain,No Repair,32,32,Probe,14.005459,600.0,32.0,,,,0,history1
chain,No Repair,33,33,Update,0.83,6.0,,,,,0,history1
chain,No Repair,34,34,RecentScan,15.689417,,34.0,,,,0,history1
chain,No Repair,35,35,RecentScan,15.628625,,35.0,,,,0,history1
chain,No Repair,36,36,Update,0.762125,6.0,,,,,0,history1
chain,No Repair,37,37,BuildSnap,0.0,,37.0,,,,0,history1
chain,No Repair,38,38,GbgCollect,0.031083,,8.0,,,,0,history1
chain,No Repair,39,39,Probe,15.520166,600.0,39.0,,,,0,history1
chain,No Repair,40,40,Update,0.835375,6.0,,,,,0,history1
chain,No Repair,41,41,RecentScan,15.217625,,41.0,,,,0,history1
chain,No Repair,42,42,Probe,15.488583,600.0,42.0,,,,0,history1
chain,No Repair,43,43,Probe,14.4355,600.0,43.0,,,,0,history1
chain,No Repair,44,44,Update,0.802416,6.0,,,,,0,history1
chain,No Repair,45,45,BuildSnap,0.0,,45.0,,,,0,history1
chain,No Repair,46,46,Probe,14.734292,600.0,46.0,,,,0,history1
chain,No Repair,47,47,RecentScan,15.915,,47.0,,,,0,history1
chain,No Repair,48,48,RecentScan,14.39625,,48.0,,,,0,history1
chain,No Repair,49,49,Probe,14.973083,600.0,49.0,,,,0,history1
chain,No Repair,50,50,RecentScan,15.6295,,50.0,,,,0,history1
chain,No Repair,51,51,Update,0.7981670000000001,6.0,,,,,0,history1
chain,No Repair,52,52,Update,0.532709,6.0,,,,,0,history1
chain,No Repair,53,53,BuildSnap,0.0,,53.0,,,,0,history1
chain,No Repair,54,54,RecentScan,14.584209,,54.0,,,,0,history1
chain,No Repair,55,55,Update,0.681042,6.0,,,,,0,history1
chain,No Repair,56,56,Probe,14.93275,600.0,56.0,,,,0,history1
chain,No Repair,57,57,RecentScan,15.591125,,57.0,,,,0,history1
chain,No Repair,58,58,Probe,14.838459,600.0,58.0,,,,0,history1
chain,No Repair,59,59,RecentScan,16.091167,,59.0,,,,0,history1
chain,No Repair,60,60,RecentScan,15.8545,,60.0,,,,0,history1
chain,No Repair,61,61,Probe,16.00875,600.0,61.0,,,,0,history1
chain,No Repair,62,62,Probe,14.346292,600.0,62.0,,,,0,history1
chain,No Repair,63,63,Probe,14.452875,600.0,63.0,,,,0,history1
chain,No Repair,64,64,Probe,14.386042,600.0,64.0,,,,0,history1
chain,No Repair,65,65,GbgCollect,0.033,,16.0,,,,0,history1
chain,No Repair,66,66,Probe,14.382167,600.0,66.0,,,,0,history1
chain,No Repair,67,67,RecentScan,15.691,,67.0,,,,0,history1
chain,No Repair,68,68,Probe,14.340583,600.0,68.0,,,,0,history1
chain,No Repair,69,69,RecentScan,15.44875,,69.0,,,,0,history1
chain,No Repair,70,70,Probe,15.424208,600.0,70.0,,,,0,history1
chain,No Repair,71,71,RecentScan,15.220208,,71.0,,,,0,history1
chain,No Repair,72,72,Probe,15.447542,600.0,72.0,,,,0,history1
chain,No Repair,73,73,Probe,13.874917,600.0,73.0,,,,0,history1
chain,No Repair,74,74,GbgCollect,0.026375,,30.0,,,,0,history1
chain,No Repair,75,75,RecentScan,15.4295,,75.0,,,,0,history1
chain,No Repair,76,76,RecentScan,15.194667,,76.0,,,,0,history1
chain,No Repair,77,77,RecentScan,15.082,,77.0,,,,0,history1
chain,No Repair,78,78,RecentScan,15.601542,,78.0,,,,0,history1
chain,No Repair,79,79,Probe,15.827125,600.0,79.0,,,,0,history1
chain,No Repair,80,80,Update,0.8225,6.0,,,,,0,history1
chain,No Repair,81,81,BuildSnap,0.0,,81.0,,,,0,history1
chain,No Repair,82,82,Update,0.751125,6.0,,,,,0,history1
chain,No Repair,83,83,RecentScan,15.87175,,83.0,,,,0,history1
chain,No Repair,84,84,RecentScan,16.445209,,84.0,,,,0,history1
chain,No Repair,85,85,Probe,14.069917,600.0,85.0,,,,0,history1
chain,No Repair,86,86,RecentScan,15.971083,,86.0,,,,0,history1
chain,No Repair,87,87,Probe,14.516334,600.0,87.0,,,,0,history1
chain,No Repair,88,88,Probe,16.012917,600.0,88.0,,,,0,history1
chain,No Repair,89,89,RecentScan,15.850334,,89.0,,,,0,history1
chain,No Repair,90,90,Update,0.805542,6.0,,,,,0,history1
chain,No Repair,91,91,BuildSnap,0.0,,91.0,,,,0,history1
chain,No Repair,92,92,Probe,14.821334,600.0,92.0,,,,0,history1
chain,No Repair,93,93,RecentScan,15.235167,,93.0,,,,0,history1
chain,No Repair,94,94,Update,0.737125,6.0,,,,,0,history1
chain,No Repair,95,95,RecentScan,14.235958,,95.0,,,,0,history1
chain,No Repair,96,96,Probe,16.702625,600.0,96.0,,,,0,history1
chain,No Repair,97,97,Probe,14.334084,600.0,97.0,,,,0,history1
chain,No Repair,98,98,RecentScan,15.37075,,98.0,,,,0,history1
chain,No Repair,99,99,Probe,14.941583,600.0,99.0,,,,0,history1
chain,No Repair,100,100,RecentScan,15.144,,100.0,,,,0,history1
chain,No Repair,101,101,Probe,15.509209,600.0,101.0,,,,0,history1
chain,No Repair,102,102,RecentScan,16.257584,,102.0,,,,0,history1
chain,No Repair,103,103,Update,0.7920839999999999,6.0,,,,,0,history1
chain,No Repair,104,104,BuildSnap,0.0,,104.0,,,,0,history1
chain,No Repair,105,105,Probe,16.53,600.0,105.0,,,,0,history1
chain,No Repair,106,106,Update,0.8405410000000001,6.0,,,,,0,history1
chain,No Repair,107,107,Probe,13.643833,600.0,107.0,,,,0,history1
chain,No Repair,108,108,Update,0.6882079999999999,6.0,,,,,0,history1
chain,No Repair,109,109,BuildSnap,0.0,,109.0,,,,0,history1
chain,No Repair,110,110,Probe,15.348292,600.0,110.0,,,,0,history1
chain,No Repair,111,111,RecentScan,16.493166,,111.0,,,,0,history1
chain,No Repair,112,112,Probe,15.473334,600.0,112.0,,,,0,history1
chain,No Repair,113,113,RecentScan,14.35675,,113.0,,,,0,history1
chain,No Repair,114,114,RecentScan,14.170583,,114.0,,,,0,history1
chain,No Repair,115,115,Probe,15.633625,600.0,115.0,,,,0,history1
chain,No Repair,116,116,RecentScan,16.43125,,116.0,,,,0,history1
chain,Read Repair,0,0,InitLoad,18.953833,60000.0,,,,,0,history1
chain,Read Repair,1,1,BuildSnap,0.0,,1.0,,,,0,history1
chain,Read Repair,2,2,Update,1.047333,6.0,,,,,0,history1
chain,Read Repair,3,3,BuildSnap,0.0,,3.0,,,,0,history1
chain,Read Repair,4,4,RecentScan,15.13225,,4.0,,,,0,history1
chain,Read Repair,5,5,Update,0.701292,6.0,,,,,0,history1
chain,Read Repair,6,6,RecentScan,14.156208,,6.0,,,,0,history1
chain,Read Repair,7,7,Update,0.694292,6.0,,,,,0,history1
chain,Read Repair,8,8,BuildSnap,0.0,,8.0,,,,0,history1
chain,Read Repair,9,9,HistoryScan,15.593292,,1.0,,,,0,history1
chain,Read Repair,10,10,Update,0.740958,6.0,,,,,0,history1
chain,Read Repair,11,11,RecentScan,15.676167,,11.0,,,,0,history1
chain,Read Repair,12,12,RecentScan,15.888958,,12.0,,,,0,history1
chain,Read Repair,13,13,Probe,15.758916,600.0,13.0,,,,0,history1
chain,Read Repair,14,14,GbgCollect,0.024042,,1.0,,,,0,history1
chain,Read Repair,15,15,Update,0.7855420000000001,6.0,,,,,0,history1
chain,Read Repair,16,16,BuildSnap,0.0,,16.0,,,,0,history1
chain,Read Repair,17,17,Update,0.716708,6.0,,,,,0,history1
chain,Read Repair,18,18,Probe,15.188458,600.0,18.0,,,,0,history1
chain,Read Repair,19,19,RecentScan,16.002708,,19.0,,,,0,history1
chain,Read Repair,20,20,RecentScan,15.255875,,20.0,,,,0,history1
chain,Read Repair,21,21,RecentScan,15.394833,,21.0,,,,0,history1
chain,Read Repair,22,22,Probe,13.995208,600.0,22.0,,,,0,history1
chain,Read Repair,23,23,Probe,14.349875,600.0,23.0,,,,0,history1
chain,Read Repair,24,24,Probe,13.49425,600.0,24.0,,,,0,history1
chain,Read Repair,25,25,RecentScan,15.145459,,25.0,,,,0,history1
chain,Read Repair,26,26,Probe,14.385208,600.0,26.0,,,,0,history1
chain,Read Repair,27,27,GbgCollect,0.023084,,3.0,,,,0,history1
chain,Read Repair,28,28,RecentScan,16.3215,,28.0,,,,0,history1
chain,Read Repair,29,29,Update,0.881916,6.0,,,,,0,history1
chain,Read Repair,30,30,BuildSnap,0.0,,30.0,,,,0,history1
chain,Read Repair,31,31,Probe,16.17825,600.0,31.0,,,,0,history1
chain,Read Repair,32,32,Probe,13.93325,600.0,32.0,,,,0,history1
chain,Read Repair,33,33,Update,0.793875,6.0,,,,,0,history1
chain,Read Repair,34,34,RecentScan,15.136583,,34.0,,,,0,history1
chain,Read Repair,35,35,RecentScan,16.37425,,35.0,,,,0,history1
chain,Read Repair,36,36,Update,0.709625,6.0,,,,,0,history1
chain,Read Repair,37,37,BuildSnap,0.0,,37.0,,,,0,history1
chain,Read Repair,38,38,GbgCollect,0.033917,,8.0,,,,0,history1
chain,Read Repair,39,39,Probe,15.892666,600.0,39.0,,,,0,history1
chain,Read Repair,40,40,Update,0.839875,6.0,,,,,0,history1
chain,Read Repair,41,41,RecentScan,16.239291,,41.0,,,,0,history1
chain,Read Repair,42,42,Probe,15.818,600.0,42.0,,,,0,history1
chain,Read Repair,43,43,Probe,14.663583,600.0,43.0,,,,0,history1
chain,Read Repair,44,44,Update,0.814042,6.0,,,,,0,history1
chain,Read Repair,45,45,BuildSnap,0.0,,45.0,,,,0,history1
chain,Read Repair,46,46,Probe,15.149625,600.0,46.0,,,,0,history1
chain,Read Repair,47,47,RecentScan,15.640417,,47.0,,,,0,history1
chain,Read Repair,48,48,RecentScan,14.634709,,48.0,,,,0,history1
chain,Read Repair,49,49,Probe,15.031708,600.0,49.0,,,,0,history1
chain,Read Repair,50,50,RecentScan,15.358083,,50.0,,,,0,history1
chain,Read Repair,51,51,Update,0.799334,6.0,,,,,0,history1
chain,Read Repair,52,52,Update,0.541083,6.0,,,,,0,history1
chain,Read Repair,53,53,BuildSnap,0.0,,53.0,,,,0,history1
chain,Read Repair,54,54,RecentScan,16.008375,,54.0,,,,0,history1
chain,Read Repair,55,55,Update,0.704292,6.0,,,,,0,history1
chain,Read Repair,56,56,Probe,15.300041,600.0,56.0,,,,0,history1
chain,Read Repair,57,57,RecentScan,15.807625,,57.0,,,,0,history1
chain,Read Repair,58,58,Probe,15.309125,600.0,58.0,,,,0,history1
chain,Read Repair,59,59,RecentScan,15.863542,,59.0,,,,0,history1
chain,Read Repair,60,60,RecentScan,17.060583,,60.0,,,,0,history1
chain,Read Repair,61,61,Probe,15.898333,600.0,61.0,,,,0,history1
chain,Read Repair,62,62,Probe,14.426292,600.0,62.0,,,,0,history1
chain,Read Repair,63,63,Probe,14.95175,600.0,63.0,,,,0,history1
chain,Read Repair,64,64,Probe,15.096875,600.0,64.0,,,,0,history1
chain,Read Repair,65,65,GbgCollect,0.026417000000000003,,16.0,,,,0,history1
chain,Read Repair,66,66,Probe,15.403417,600.0,66.0,,,,0,history1
chain,Read Repair,67,67,RecentScan,14.768542,,67.0,,,,0,history1
chain,Read Repair,68,68,Probe,14.455791,600.0,68.0,,,,0,history1
chain,Read Repair,69,69,RecentScan,15.291166,,69.0,,,,0,history1
chain,Read Repair,70,70,Probe,15.752417,600.0,70.0,,,,0,history1
chain,Read Repair,71,71,RecentScan,17.120333,,71.0,,,,0,history1
chain,Read Repair,72,72,Probe,15.405666,600.0,72.0,,,,0,history1
chain,Read Repair,73,73,Probe,14.093875,600.0,73.0,,,,0,history1
chain,Read Repair,74,74,GbgCollect,0.029125,,30.0,,,,0,history1
chain,Read Repair,75,75,RecentScan,16.91725,,75.0,,,,0,history1
chain,Read Repair,76,76,RecentScan,16.773792,,76.0,,,,0,history1
chain,Read Repair,77,77,RecentScan,16.188834,,77.0,,,,0,history1
chain,Read Repair,78,78,RecentScan,15.8205,,78.0,,,,0,history1
chain,Read Repair,79,79,Probe,15.890791,600.0,79.0,,,,0,history1
chain,Read Repair,80,80,Update,0.838667,6.0,,,,,0,history1
chain,Read Repair,81,81,BuildSnap,0.0,,81.0,,,,0,history1
chain,Read Repair,82,82,Update,0.715292,6.0,,,,,0,history1
chain,Read Repair,83,83,RecentScan,15.341625,,83.0,,,,0,history1
chain,Read Repair,84,84,RecentScan,16.833291,,84.0,,,,0,history1
chain,Read Repair,85,85,Probe,13.876709,600.0,85.0,,,,0,history1
chain,Read Repair,86,86,RecentScan,17.16325,,86.0,,,,0,history1
chain,Read Repair,87,87,Probe,15.78825,600.0,87.0,,,,0,history1
chain,Read Repair,88,88,Probe,15.395625,600.0,88.0,,,,0,history1
chain,Read Repair,89,89,RecentScan,15.583875,,89.0,,,,0,history1
chain,Read Repair,90,90,Update,0.773875,6.0,,,,,0,history1
chain,Read Repair,91,91,BuildSnap,0.0,,91.0,,,,0,history1
chain,Read Repair,92,92,Probe,14.254667,600.0,92.0,,,,0,history1
chain,Read Repair,93,93,RecentScan,15.815542,,93.0,,,,0,history1
chain,Read Repair,94,94,Update,0.791166,6.0,,,,,0,history1
chain,Read Repair,95,95,RecentScan,16.452834,,95.0,,,,0,history1
chain,Read Repair,96,96,Probe,16.679167,600.0,96.0,,,,0,history1
chain,Read Repair,97,97,Probe,14.114875,600.0,97.0,,,,0,history1
chain,Read Repair,98,98,RecentScan,16.410833,,98.0,,,,0,history1
chain,Read Repair,99,99,Probe,14.537666,600.0,99.0,,,,0,history1
chain,Read Repair,100,100,RecentScan,16.756666,,100.0,,,,0,history1
chain,Read Repair,101,101,Probe,15.458791,600.0,101.0,,,,0,history1
chain,Read Repair,102,102,RecentScan,17.108958,,102.0,,,,0,history1
chain,Read Repair,103,103,Update,0.8192079999999999,6.0,,,,,0,history1
chain,Read Repair,104,104,BuildSnap,0.0,,104.0,,,,0,history1
chain,Read Repair,105,105,Probe,16.332584,600.0,105.0,,,,0,history1
chain,Read Repair,106,106,Update,0.765167,6.0,,,,,0,history1
chain,Read Repair,107,107,Probe,13.612042,600.0,107.0,,,,0,history1
chain,Read Repair,108,108,Update,0.634125,6.0,,,,,0,history1
chain,Read Repair,109,109,BuildSnap,0.0,,109.0,,,,0,history1
chain,Read Repair,110,110,Probe,15.651709,600.0,110.0,,,,0,history1
chain,Read Repair,111,111,RecentScan,15.23075,,111.0,,,,0,history1
chain,Read Repair,112,112,Probe,15.218375,600.0,112.0,,,,0,history1
chain,Read Repair,113,113,RecentScan,14.218291,,113.0,,,,0,history1
chain,Read Repair,114,114,RecentScan,14.720958,,114.0,,,,0,history1
chain,Read Repair,115,115,Probe,15.207958,600.0,115.0,,,,0,history1
chain,Read Repair,116,116,RecentScan,15.682333,,116.0,,,,0,history1
chain,Write Repair,0,0,InitLoad,19.19375,60000.0,,,,,0,history1
chain,Write Repair,1,1,BuildSnap,0.0,,1.0,,,,0,history1
chain,Write Repair,2,2,Update,1.062583,6.0,,,,,0,history1
chain,Write Repair,3,3,BuildSnap,0.0,,3.0,,,,0,history1
chain,Write Repair,4,4,RecentScan,15.889,,4.0,,,,0,history1
chain,Write Repair,5,5,Update,0.827125,6.0,,,,,0,history1
chain,Write Repair,6,6,RecentScan,16.8405,,6.0,,,,0,history1
chain,Write Repair,7,7,Update,0.969833,6.0,,,,,0,history1
chain,Write Repair,8,8,BuildSnap,0.0,,8.0,,,,0,history1
chain,Write Repair,9,9,HistoryScan,15.35125,,1.0,,,,0,history1
chain,Write Repair,10,10,Update,0.7665420000000001,6.0,,,,,0,history1
chain,Write Repair,11,11,RecentScan,14.710458,,11.0,,,,0,history1
chain,Write Repair,12,12,RecentScan,15.978625,,12.0,,,,0,history1
chain,Write Repair,13,13,Probe,15.423041,600.0,13.0,,,,0,history1
chain,Write Repair,14,14,GbgCollect,0.029625,,1.0,,,,0,history1
chain,Write Repair,15,15,Update,0.755458,6.0,,,,,0,history1
chain,Write Repair,16,16,BuildSnap,0.0,,16.0,,,,0,history1
chain,Write Repair,17,17,Update,0.739125,6.0,,,,,0,history1
chain,Write Repair,18,18,Probe,15.424542,600.0,18.0,,,,0,history1
chain,Write Repair,19,19,RecentScan,16.01425,,19.0,,,,0,history1
chain,Write Repair,20,20,RecentScan,15.354791,,20.0,,,,0,history1
chain,Write Repair,21,21,RecentScan,15.631583,,21.0,,,,0,history1
chain,Write Repair,22,22,Probe,13.502125,600.0,22.0,,,,0,history1
chain,Write Repair,23,23,Probe,14.4725,600.0,23.0,,,,0,history1
chain,Write Repair,24,24,Probe,13.673125,600.0,24.0,,,,0,history1
chain,Write Repair,25,25,RecentScan,13.688167,,25.0,,,,0,history1
chain,Write Repair,26,26,Probe,14.978833,600.0,26.0,,,,0,history1
chain,Write Repair,27,27,GbgCollect,0.02875,,3.0,,,,0,history1
chain,Write Repair,28,28,RecentScan,17.373167,,28.0,,,,0,history1
chain,Write Repair,29,29,Update,0.8245410000000001,6.0,,,,,0,history1
chain,Write Repair,30,30,BuildSnap,0.0,,30.0,,,,0,history1
chain,Write Repair,31,31,Probe,15.927542,600.0,31.0,,,,0,history1
chain,Write Repair,32,32,Probe,13.944125,600.0,32.0,,,,0,history1
chain,Write Repair,33,33,Update,0.7928339999999999,6.0,,,,,0,history1
chain,Write Repair,34,34,RecentScan,15.856209,,34.0,,,,0,history1
chain,Write Repair,35,35,RecentScan,16.462,,35.0,,,,0,history1
chain,Write Repair,36,36,Update,0.8215,6.0,,,,,0,history1
chain,Write Repair,37,37,BuildSnap,0.0,,37.0,,,,0,history1
chain,Write Repair,38,38,GbgCollect,0.031625,,8.0,,,,0,history1
chain,Write Repair,39,39,Probe,15.562417,600.0,39.0,,,,0,history1
chain,Write Repair,40,40,Update,0.7785420000000001,6.0,,,,,0,history1
chain,Write Repair,41,41,RecentScan,16.048334,,41.0,,,,0,history1
chain,Write Repair,42,42,Probe,15.6905,600.0,42.0,,,,0,history1
chain,Write Repair,43,43,Probe,15.29825,600.0,43.0,,,,0,history1
chain,Write Repair,44,44,Update,0.803083,6.0,,,,,0,history1
chain,Write Repair,45,45,BuildSnap,0.0,,45.0,,,,0,history1
chain,Write Repair,46,46,Probe,15.610542,600.0,46.0,,,,0,history1
chain,Write Repair,47,47,RecentScan,16.283334,,47.0,,,,0,history1
chain,Write Repair,48,48,RecentScan,16.091084,,48.0,,,,0,history1
chain,Write Repair,49,49,Probe,14.633875,600.0,49.0,,,,0,history1
chain,Write Repair,50,50,RecentScan,16.51675,,50.0,,,,0,history1
chain,Write Repair,51,51,Update,0.789917,6.0,,,,,0,history1
chain,Write Repair,52,52,Update,0.556667,6.0,,,,,0,history1
chain,Write Repair,53,53,BuildSnap,0.0,,53.0,,,,0,history1
chain,Write Repair,54,54,RecentScan,16.765167,,54.0,,,,0,history1
chain,Write Repair,55,55,Update,0.818791,6.0,,,,,0,history1
chain,Write Repair,56,56,Probe,15.099375,600.0,56.0,,,,0,history1
chain,Write Repair,57,57,RecentScan,16.715875,,57.0,,,,0,history1
chain,Write Repair,58,58,Probe,14.456833,600.0,58.0,,,,0,history1
chain,Write Repair,59,59,RecentScan,16.64,,59.0,,,,0,history1
chain,Write Repair,60,60,RecentScan,16.279584,,60.0,,,,0,history1
chain,Write Repair,61,61,Probe,16.969833,600.0,61.0,,,,0,history1
chain,Write Repair,62,62,Probe,14.865458,600.0,62.0,,,,0,history1
chain,Write Repair,63,63,Probe,14.758791,600.0,63.0,,,,0,history1
chain,Write Repair,64,64,Probe,14.448792,600.0,64.0,,,,0,history1
chain,Write Repair,65,65,GbgCollect,0.033959,,16.0,,,,0,history1
chain,Write Repair,66,66,Probe,14.376792,600.0,66.0,,,,0,history1
chain,Write Repair,67,67,RecentScan,15.562834,,67.0,,,,0,history1
chain,Write Repair,68,68,Probe,14.688,600.0,68.0,,,,0,history1
chain,Write Repair,69,69,RecentScan,15.7795,,69.0,,,,0,history1
chain,Write Repair,70,70,Probe,15.836542,600.0,70.0,,,,0,history1
chain,Write Repair,71,71,RecentScan,15.622459,,71.0,,,,0,history1
chain,Write Repair,72,72,Probe,14.862917,600.0,72.0,,,,0,history1
chain,Write Repair,73,73,Probe,13.506,600.0,73.0,,,,0,history1
chain,Write Repair,74,74,GbgCollect,0.030416000000000002,,30.0,,,,0,history1
chain,Write Repair,75,75,RecentScan,14.3365,,75.0,,,,0,history1
chain,Write Repair,76,76,RecentScan,15.639833,,76.0,,,,0,history1
chain,Write Repair,77,77,RecentScan,15.029917,,77.0,,,,0,history1
chain,Write Repair,78,78,RecentScan,16.619791,,78.0,,,,0,history1
chain,Write Repair,79,79,Probe,14.989917,600.0,79.0,,,,0,history1
chain,Write Repair,80,80,Update,0.777083,6.0,,,,,0,history1
chain,Write Repair,81,81,BuildSnap,0.0,,81.0,,,,0,history1
chain,Write Repair,82,82,Update,0.729583,6.0,,,,,0,history1
chain,Write Repair,83,83,RecentScan,16.062792,,83.0,,,,0,history1
chain,Write Repair,84,84,RecentScan,16.134625,,84.0,,,,0,history1
chain,Write Repair,85,85,Probe,14.569667,600.0,85.0,,,,0,history1
chain,Write Repair,86,86,RecentScan,16.766875,,86.0,,,,0,history1
chain,Write Repair,87,87,Probe,15.71325,600.0,87.0,,,,0,history1
chain,Write Repair,88,88,Probe,15.236042,600.0,88.0,,,,0,history1
chain,Write Repair,89,89,RecentScan,16.167792,,89.0,,,,0,history1
chain,Write Repair,90,90,Update,0.7935,6.0,,,,,0,history1
chain,Write Repair,91,91,BuildSnap,0.0,,91.0,,,,0,history1
chain,Write Repair,92,92,Probe,15.914041,600.0,92.0,,,,0,history1
chain,Write Repair,93,93,RecentScan,16.959167,,93.0,,,,0,history1
chain,Write Repair,94,94,Update,0.82825,6.0,,,,,0,history1
chain,Write Repair,95,95,RecentScan,15.855083,,95.0,,,,0,history1
chain,Write Repair,96,96,Probe,15.740125,600.0,96.0,,,,0,history1
chain,Write Repair,97,97,Probe,13.49,600.0,97.0,,,,0,history1
chain,Write Repair,98,98,RecentScan,16.523834,,98.0,,,,0,history1
chain,Write Repair,99,99,Probe,15.65475,600.0,99.0,,,,0,history1
chain,Write Repair,100,100,RecentScan,15.403041,,100.0,,,,0,history1
chain,Write Repair,101,101,Probe,15.737625,600.0,101.0,,,,0,history1
chain,Write Repair,102,102,RecentScan,14.375709,,102.0,,,,0,history1
chain,Write Repair,103,103,Update,0.793917,6.0,,,,,0,history1
chain,Write Repair,104,104,BuildSnap,0.0,,104.0,,,,0,history1
chain,Write Repair,105,105,Probe,15.835541,600.0,105.0,,,,0,history1
chain,Write Repair,106,106,Update,0.803416,6.0,,,,,0,history1
chain,Write Repair,107,107,Probe,13.570667,600.0,107.0,,,,0,history1
chain,Write Repair,108,108,Update,0.728583,6.0,,,,,0,history1
chain,Write Repair,109,109,BuildSnap,0.0,,109.0,,,,0,history1
chain,Write Repair,110,110,Probe,15.742125,600.0,110.0,,,,0,history1
chain,Write Repair,111,111,RecentScan,16.913042,,111.0,,,,0,history1
chain,Write Repair,112,112,Probe,15.472,600.0,112.0,,,,0,history1
chain,Write Repair,113,113,RecentScan,15.625542,,113.0,,,,0,history1
chain,Write Repair,114,114,RecentScan,15.350125,,114.0,,,,0,history1
chain,Write Repair,115,115,Probe,15.919458,600.0,115.0,,,,0,history1
chain,Write Repair,116,116,RecentScan,16.712916,,116.0,,,,0,history1
par,No Repair,0,0,InitLoad,19.6595,60000.0,,,,,0,history1
par,No Repair,1,1,BuildSnap,0.232875,,1.0,,,,0,history1
par,No Repair,2,2,Update,0.01925,6.0,,,,,0,history1
par,No Repair,3,3,BuildSnap,0.026833,,3.0,,,,0,history1
par,No Repair,4,4,RecentScan,20.885208,,4.0,,,,0,history1
par,No Repair,5,5,Update,0.018375,6.0,,,,,0,history1
par,No Repair,6,6,RecentScan,20.764167,,6.0,,,,0,history1
par,No Repair,7,7,Update,0.015083000000000001,6.0,,,,,0,history1
par,No Repair,8,8,BuildSnap,0.019167,,8.0,,,,0,history1
par,No Repair,9,9,HistoryScan,21.120959,,1.0,,,,0,history1
par,No Repair,10,10,Update,0.013708,6.0,,,,,0,history1
par,No Repair,11,11,RecentScan,20.458833,,11.0,,,,0,history1
par,No Repair,12,12,RecentScan,19.80025,,12.0,,,,0,history1
par,No Repair,13,13,Probe,21.935375,600.0,13.0,,,,0,history1
par,No Repair,14,14,GbgCollect,11.234958,,1.0,,,,0,history1
par,No Repair,15,15,Update,0.01075,6.0,,,,,0,history1
par,No Repair,16,16,BuildSnap,0.248,,16.0,,,,0,history1
par,No Repair,17,17,Update,0.015208000000000001,6.0,,,,,0,history1
par,No Repair,18,18,Probe,21.613292,600.0,18.0,,,,0,history1
par,No Repair,19,19,RecentScan,20.415042,,19.0,,,,0,history1
par,No Repair,20,20,RecentScan,20.157375,,20.0,,,,0,history1
par,No Repair,21,21,RecentScan,20.930583,,21.0,,,,0,history1
par,No Repair,22,22,Probe,19.057292,600.0,22.0,,,,0,history1
par,No Repair,23,23,Probe,20.125625,600.0,23.0,,,,0,history1
par,No Repair,24,24,Probe,18.960792,600.0,24.0,,,,0,history1
par,No Repair,25,25,RecentScan,20.242375,,25.0,,,,0,history1
par,No Repair,26,26,Probe,21.39125,600.0,26.0,,,,0,history1
par,No Repair,27,27,GbgCollect,11.683042,,3.0,,,,0,history1
par,No Repair,28,28,RecentScan,20.736583,,28.0,,,,0,history1
par,No Repair,29,29,Update,0.010708,6.0,,,,,0,history1
par,No Repair,30,30,BuildSnap,0.048709,,30.0,,,,0,history1
par,No Repair,31,31,Probe,22.433083,600.0,31.0,,,,0,history1
par,No Repair,32,32,Probe,19.640167,600.0,32.0,,,,0,history1
par,No Repair,33,33,Update,0.008625,6.0,,,,,0,history1
par,No Repair,34,34,RecentScan,21.047583,,34.0,,,,0,history1
par,No Repair,35,35,RecentScan,20.026834,,35.0,,,,0,history1
par,No Repair,36,36,Update,0.017416,6.0,,,,,0,history1
par,No Repair,37,37,BuildSnap,0.047416,,37.0,,,,0,history1
par,No Repair,38,38,GbgCollect,12.046334,,8.0,,,,0,history1
par,No Repair,39,39,Probe,21.23625,600.0,39.0,,,,0,history1
par,No Repair,40,40,Update,0.005959,6.0,,,,,0,history1
par,No Repair,41,41,RecentScan,20.800917,,41.0,,,,0,history1
par,No Repair,42,42,Probe,21.821458,600.0,42.0,,,,0,history1
par,No Repair,43,43,Probe,19.209292,600.0,43.0,,,,0,history1
par,No Repair,44,44,Update,0.00725,6.0,,,,,0,history1
par,No Repair,45,45,BuildSnap,0.033875,,45.0,,,,0,history1
par,No Repair,46,46,Probe,22.104375,600.0,46.0,,,,0,history1
par,No Repair,47,47,RecentScan,20.410958,,47.0,,,,0,history1
par,No Repair,48,48,RecentScan,20.552125,,48.0,,,,0,history1
par,No Repair,49,49,Probe,20.542834,600.0,49.0,,,,0,history1
par,No Repair,50,50,RecentScan,20.35525,,50.0,,,,0,history1
par,No Repair,51,51,Update,0.013792,6.0,,,,,0,history1
par,No Repair,52,52,Update,0.014042,6.0,,,,,0,history1
par,No Repair,53,53,BuildSnap,0.357334,,53.0,,,,0,history1
par,No Repair,54,54,RecentScan,21.028042,,54.0,,,,0,history1
par,No Repair,55,55,Update,0.013416,6.0,,,,,0,history1
par,No Repair,56,56,Probe,21.693459,600.0,56.0,,,,0,history1
par,No Repair,57,57,RecentScan,20.102375,,57.0,,,,0,history1
par,No Repair,58,58,Probe,20.138166,600.0,58.0,,,,0,history1
par,No Repair,59,59,RecentScan,20.684083,,59.0,,,,0,history1
par,No Repair,60,60,RecentScan,20.736083,,60.0,,,,0,history1
par,No Repair,61,61,Probe,24.321875,600.0,61.0,,,,0,history1
par,No Repair,62,62,Probe,20.155916,600.0,62.0,,,,0,history1
par,No Repair,63,63,Probe,19.931667,600.0,63.0,,,,0,history1
par,No Repair,64,64,Probe,20.172042,600.0,64.0,,,,0,history1
par,No Repair,65,65,GbgCollect,10.370375,,16.0,,,,0,history1
par,No Repair,66,66,Probe,20.258083,600.0,66.0,,,,0,history1
par,No Repair,67,67,RecentScan,20.750584,,67.0,,,,0,history1
par,No Repair,68,68,Probe,20.507125,600.0,68.0,,,,0,history1
par,No Repair,69,69,RecentScan,20.106083,,69.0,,,,0,history1
par,No Repair,70,70,Probe,21.688083,600.0,70.0,,,,0,history1
par,No Repair,71,71,RecentScan,20.668375,,71.0,,,,0,history1
par,No Repair,72,72,Probe,22.218125,600.0,72.0,,,,0,history1
par,No Repair,73,73,Probe,19.174583,600.0,73.0,,,,0,history1
par,No Repair,74,74,GbgCollect,11.391959,,30.0,,,,0,history1
par,No Repair,75,75,RecentScan,20.332834,,75.0,,,,0,history1
par,No Repair,76,76,RecentScan,20.777917,,76.0,,,,0,history1
par,No Repair,77,77,RecentScan,20.780583,,77.0,,,,0,history1
par,No Repair,78,78,RecentScan,20.390292,,78.0,,,,0,history1
par,No Repair,79,79,Probe,21.659,600.0,79.0,,,,0,history1
par,No Repair,80,80,Update,0.010833,6.0,,,,,0,history1
par,No Repair,81,81,BuildSnap,0.042542,,81.0,,,,0,history1
par,No Repair,82,82,Update,0.017166,6.0,,,,,0,history1
par,No Repair,83,83,RecentScan,20.53325,,83.0,,,,0,history1
par,No Repair,84,84,RecentScan,20.427042,,84.0,,,,0,history1
par,No Repair,85,85,Probe,20.665417,600.0,85.0,,,,0,history1
par,No Repair,86,86,RecentScan,20.768583,,86.0,,,,0,history1
par,No Repair,87,87,Probe,20.107041,600.0,87.0,,,,0,history1
par,No Repair,88,88,Probe,22.356292,600.0,88.0,,,,0,history1
par,No Repair,89,89,RecentScan,20.019833,,89.0,,,,0,history1
par,No Repair,90,90,Update,0.009292,6.0,,,,,0,history1
par,No Repair,91,91,BuildSnap,0.062041,,91.0,,,,0,history1
par,No Repair,92,92,Probe,21.294459,600.0,92.0,,,,0,history1
par,No Repair,93,93,RecentScan,20.819375,,93.0,,,,0,history1
par,No Repair,94,94,Update,0.013292,6.0,,,,,0,history1
par,No Repair,95,95,RecentScan,20.029375,,95.0,,,,0,history1
par,No Repair,96,96,Probe,23.881625,600.0,96.0,,,,0,history1
par,No Repair,97,97,Probe,20.08275,600.0,97.0,,,,0,history1
par,No Repair,98,98,RecentScan,20.935291,,98.0,,,,0,history1
par,No Repair,99,99,Probe,21.11475,600.0,99.0,,,,0,history1
par,No Repair,100,100,RecentScan,20.157208,,100.0,,,,0,history1
par,No Repair,101,101,Probe,22.61125,600.0,101.0,,,,0,history1
par,No Repair,102,102,RecentScan,20.153958,,102.0,,,,0,history1
par,No Repair,103,103,Update,0.014,6.0,,,,,0,history1
par,No Repair,104,104,BuildSnap,0.062125,,104.0,,,,0,history1
par,No Repair,105,105,Probe,22.640583,600.0,105.0,,,,0,history1
par,No Repair,106,106,Update,0.00975,6.0,,,,,0,history1
par,No Repair,107,107,Probe,19.476333,600.0,107.0,,,,0,history1
par,No Repair,108,108,Update,0.008667,6.0,,,,,0,history1
par,No Repair,109,109,BuildSnap,0.044,,109.0,,,,0,history1
par,No Repair,110,110,Probe,22.672125,600.0,110.0,,,,0,history1
par,No Repair,111,111,RecentScan,21.035541,,111.0,,,,0,history1
par,No Repair,112,112,Probe,22.71625,600.0,112.0,,,,0,history1
par,No Repair,113,113,RecentScan,20.483833,,113.0,,,,0,history1
par,No Repair,114,114,RecentScan,20.575292,,114.0,,,,0,history1
par,No Repair,115,115,Probe,21.89825,600.0,115.0,,,,0,history1
par,No Repair,116,116,RecentScan,21.080916,,116.0,,,,0,history1
par,Read Repair,0,0,InitLoad,19.960125,60000.0,,,,,0,history1
par,Read Repair,1,1,BuildSnap,0.20208299999999998,,1.0,,,,0,history1
par,Read Repair,2,2,Update,0.008209,6.0,,,,,0,history1
par,Read Repair,3,3,BuildSnap,0.016457999999999997,,3.0,,,,0,history1
par,Read Repair,4,4,RecentScan,29.257375,,4.0,,,,0,history1
par,Read Repair,5,5,Update,0.016917,6.0,,,,,0,history1
par,Read Repair,6,6,RecentScan,29.756709,,6.0,,,,0,history1
par,Read Repair,7,7,Update,0.012958,6.0,,,,,0,history1
par,Read Repair,8,8,BuildSnap,0.018792000000000003,,8.0,,,,0,history1
par,Read Repair,9,9,HistoryScan,16.205209,,1.0,,,,0,history1
par,Read Repair,10,10,Update,0.013,6.0,,,,,0,history1
par,Read Repair,11,11,RecentScan,29.73325,,11.0,,,,0,history1
par,Read Repair,12,12,RecentScan,14.270334,,12.0,,,,0,history1
par,Read Repair,13,13,Probe,16.442833,600.0,13.0,,,,0,history1
par,Read Repair,14,14,GbgCollect,11.196584,,1.0,,,,0,history1
par,Read Repair,15,15,Update,0.005625,6.0,,,,,0,history1
par,Read Repair,16,16,BuildSnap,0.2795,,16.0,,,,0,history1
par,Read Repair,17,17,Update,0.007417,6.0,,,,,0,history1
par,Read Repair,18,18,Probe,21.820625,600.0,18.0,,,,0,history1
par,Read Repair,19,19,RecentScan,29.488125,,19.0,,,,0,history1
par,Read Repair,20,20,RecentScan,17.484584,,20.0,,,,0,history1
par,Read Repair,21,21,RecentScan,15.075166,,21.0,,,,0,history1
par,Read Repair,22,22,Probe,14.335833,600.0,22.0,,,,0,history1
par,Read Repair,23,23,Probe,14.477,600.0,23.0,,,,0,history1
par,Read Repair,24,24,Probe,14.161666,600.0,24.0,,,,0,history1
par,Read Repair,25,25,RecentScan,15.070583,,25.0,,,,0,history1
par,Read Repair,26,26,Probe,14.787166,600.0,26.0,,,,0,history1
par,Read Repair,27,27,GbgCollect,10.230125,,3.0,,,,0,history1
par,Read Repair,28,28,RecentScan,15.998875,,28.0,,,,0,history1
par,Read Repair,29,29,Update,0.01325,6.0,,,,,0,history1
par,Read Repair,30,30,BuildSnap,0.045,,30.0,,,,0,history1
par,Read Repair,31,31,Probe,23.968834,600.0,31.0,,,,0,history1
par,Read Repair,32,32,Probe,20.020167,600.0,32.0,,,,0,history1
par,Read Repair,33,33,Update,0.008083,6.0,,,,,0,history1
par,Read Repair,34,34,RecentScan,29.210833,,34.0,,,,0,history1
par,Read Repair,35,35,RecentScan,15.547958,,35.0,,,,0,history1
par,Read Repair,36,36,Update,0.008917,6.0,,,,,0,history1
par,Read Repair,37,37,BuildSnap,0.04475,,37.0,,,,0,history1
par,Read Repair,38,38,GbgCollect,13.454542,,8.0,,,,0,history1
par,Read Repair,39,39,Probe,21.394208,600.0,39.0,,,,0,history1
par,Read Repair,40,40,Update,0.011667,6.0,,,,,0,history1
par,Read Repair,41,41,RecentScan,28.894916,,41.0,,,,0,history1
par,Read Repair,42,42,Probe,15.536709,600.0,42.0,,,,0,history1
par,Read Repair,43,43,Probe,14.698875,600.0,43.0,,,,0,history1
par,Read Repair,44,44,Update,0.006125,6.0,,,,,0,history1
par,Read Repair,45,45,BuildSnap,0.035542000000000004,,45.0,,,,0,history1
par,Read Repair,46,46,Probe,21.29625,600.0,46.0,,,,0,history1
par,Read Repair,47,47,RecentScan,29.366,,47.0,,,,0,history1
par,Read Repair,48,48,RecentScan,15.390583,,48.0,,,,0,history1
par,Read Repair,49,49,Probe,14.992833,600.0,49.0,,,,0,history1
par,Read Repair,50,50,RecentScan,15.98475,,50.0,,,,0,history1
par,Read Repair,51,51,Update,0.013625,6.0,,,,,0,history1
par,Read Repair,52,52,Update,0.007833,6.0,,,,,0,history1
par,Read Repair,53,53,BuildSnap,0.536833,,53.0,,,,0,history1
par,Read Repair,54,54,RecentScan,30.009708,,54.0,,,,0,history1
par,Read Repair,55,55,Update,0.00875,6.0,,,,,0,history1
par,Read Repair,56,56,Probe,21.596292,600.0,56.0,,,,0,history1
par,Read Repair,57,57,RecentScan,28.981625,,57.0,,,,0,history1
par,Read Repair,58,58,Probe,15.251959,600.0,58.0,,,,0,history1
par,Read Repair,59,59,RecentScan,15.269834,,59.0,,,,0,history1
par,Read Repair,60,60,RecentScan,15.000375,,60.0,,,,0,history1
par,Read Repair,61,61,Probe,16.303292,600.0,61.0,,,,0,history1
par,Read Repair,62,62,Probe,14.370417,600.0,62.0,,,,0,history1
par,Read Repair,63,63,Probe,14.4865,600.0,63.0,,,,0,history1
par,Read Repair,64,64,Probe,14.799875,600.0,64.0,,,,0,history1
par,Read Repair,65,65,GbgCollect,10.660125,,16.0,,,,0,history1
par,Read Repair,66,66,Probe,14.687667,600.0,66.0,,,,0,history1
par,Read Repair,67,67,RecentScan,15.225959,,67.0,,,,0,history1
par,Read Repair,68,68,Probe,14.416458,600.0,68.0,,,,0,history1
par,Read Repair,69,69,RecentScan,15.0795,,69.0,,,,0,history1
par,Read Repair,70,70,Probe,15.207541,600.0,70.0,,,,0,history1
par,Read Repair,71,71,RecentScan,14.590375,,71.0,,,,0,history1
par,Read Repair,72,72,Probe,15.702083,600.0,72.0,,,,0,history1
par,Read Repair,73,73,Probe,14.102666,600.0,73.0,,,,0,history1
par,Read Repair,74,74,GbgCollect,10.71825,,30.0,,,,0,history1
par,Read Repair,75,75,RecentScan,14.976917,,75.0,,,,0,history1
par,Read Repair,76,76,RecentScan,14.7255,,76.0,,,,0,history1
par,Read Repair,77,77,RecentScan,14.824375,,77.0,,,,0,history1
par,Read Repair,78,78,RecentScan,14.810042,,78.0,,,,0,history1
par,Read Repair,79,79,Probe,15.005833,600.0,79.0,,,,0,history1
par,Read Repair,80,80,Update,0.009667,6.0,,,,,0,history1
par,Read Repair,81,81,BuildSnap,0.091208,,81.0,,,,0,history1
par,Read Repair,82,82,Update,0.014667,6.0,,,,,0,history1
par,Read Repair,83,83,RecentScan,29.101083,,83.0,,,,0,history1
par,Read Repair,84,84,RecentScan,15.411583,,84.0,,,,0,history1
par,Read Repair,85,85,Probe,15.077667,600.0,85.0,,,,0,history1
par,Read Repair,86,86,RecentScan,15.819666,,86.0,,,,0,history1
par,Read Repair,87,87,Probe,15.491417,600.0,87.0,,,,0,history1
par,Read Repair,88,88,Probe,15.048709,600.0,88.0,,,,0,history1
par,Read Repair,89,89,RecentScan,14.821458,,89.0,,,,0,history1
par,Read Repair,90,90,Update,0.011167,6.0,,,,,0,history1
par,Read Repair,91,91,BuildSnap,0.05775,,91.0,,,,0,history1
par,Read Repair,92,92,Probe,20.6825,600.0,92.0,,,,0,history1
par,Read Repair,93,93,RecentScan,29.192333,,93.0,,,,0,history1
par,Read Repair,94,94,Update,0.009792,6.0,,,,,0,history1
par,Read Repair,95,95,RecentScan,28.697,,95.0,,,,0,history1
par,Read Repair,96,96,Probe,16.787791,600.0,96.0,,,,0,history1
par,Read Repair,97,97,Probe,13.941584,600.0,97.0,,,,0,history1
par,Read Repair,98,98,RecentScan,13.624791,,98.0,,,,0,history1
par,Read Repair,99,99,Probe,14.962625,600.0,99.0,,,,0,history1
par,Read Repair,100,100,RecentScan,14.374709,,100.0,,,,0,history1
par,Read Repair,101,101,Probe,15.354833,600.0,101.0,,,,0,history1
par,Read Repair,102,102,RecentScan,13.985541,,102.0,,,,0,history1
par,Read Repair,103,103,Update,0.009375,6.0,,,,,0,history1
par,Read Repair,104,104,BuildSnap,0.059083,,104.0,,,,0,history1
par,Read Repair,105,105,Probe,22.591167,600.0,105.0,,,,0,history1
par,Read Repair,106,106,Update,0.009542,6.0,,,,,0,history1
par,Read Repair,107,107,Probe,19.909625,600.0,107.0,,,,0,history1
par,Read Repair,108,108,Update,0.010166,6.0,,,,,0,history1
par,Read Repair,109,109,BuildSnap,0.040875,,109.0,,,,0,history1
par,Read Repair,110,110,Probe,22.915167,600.0,110.0,,,,0,history1
par,Read Repair,111,111,RecentScan,29.224709,,111.0,,,,0,history1
par,Read Repair,112,112,Probe,15.730125,600.0,112.0,,,,0,history1
par,Read Repair,113,113,RecentScan,15.083542,,113.0,,,,0,history1
par,Read Repair,114,114,RecentScan,13.720291,,114.0,,,,0,history1
par,Read Repair,115,115,Probe,15.368167,600.0,115.0,,,,0,history1
par,Read Repair,116,116,RecentScan,13.290958,,116.0,,,,0,history1
par,Write Repair,0,0,InitLoad,20.330875,60000.0,,,,,0,history1
par,Write Repair,1,1,BuildSnap,0.201625,,1.0,,,,0,history1
par,Write Repair,2,2,Update,1.097542,6.0,,,,,0,history1
par,Write Repair,3,3,BuildSnap,0.013583,,3.0,,,,0,history1
par,Write Repair,4,4,RecentScan,13.932833,,4.0,,,,0,history1
par,Write Repair,5,5,Update,0.9477089999999999,6.0,,,,,0,history1
par,Write Repair,6,6,RecentScan,14.18825,,6.0,,,,0,history1
par,Write Repair,7,7,Update,0.869167,6.0,,,,,0,history1
par,Write Repair,8,8,BuildSnap,0.013666000000000001,,8.0,,,,0,history1
par,Write Repair,9,9,HistoryScan,13.656291,,1.0,,,,0,history1
par,Write Repair,10,10,Update,1.059209,6.0,,,,,0,history1
par,Write Repair,11,11,RecentScan,15.413208,,11.0,,,,0,history1
par,Write Repair,12,12,RecentScan,15.09025,,12.0,,,,0,history1
par,Write Repair,13,13,Probe,15.426667,600.0,13.0,,,,0,history1
par,Write Repair,14,14,GbgCollect,10.497917,,1.0,,,,0,history1
par,Write Repair,15,15,Update,0.688125,6.0,,,,,0,history1
par,Write Repair,16,16,BuildSnap,0.282416,,16.0,,,,0,history1
par,Write Repair,17,17,Update,0.893792,6.0,,,,,0,history1
par,Write Repair,18,18,Probe,14.823959,600.0,18.0,,,,0,history1
par,Write Repair,19,19,RecentScan,16.244208,,19.0,,,,0,history1
par,Write Repair,20,20,RecentScan,16.6865,,20.0,,,,0,history1
par,Write Repair,21,21,RecentScan,16.788875,,21.0,,,,0,history1
par,Write Repair,22,22,Probe,13.886042,600.0,22.0,,,,0,history1
par,Write Repair,23,23,Probe,14.098209,600.0,23.0,,,,0,history1
par,Write Repair,24,24,Probe,13.354125,600.0,24.0,,,,0,history1
par,Write Repair,25,25,RecentScan,15.714042,,25.0,,,,0,history1
par,Write Repair,26,26,Probe,15.145125,600.0,26.0,,,,0,history1
par,Write Repair,27,27,GbgCollect,11.168792,,3.0,,,,0,history1
par,Write Repair,28,28,RecentScan,14.484084,,28.0,,,,0,history1
par,Write Repair,29,29,Update,0.965834,6.0,,,,,0,history1
par,Write Repair,30,30,BuildSnap,0.02825,,30.0,,,,0,history1
par,Write Repair,31,31,Probe,15.874542,600.0,31.0,,,,0,history1
par,Write Repair,32,32,Probe,13.910792,600.0,32.0,,,,0,history1
par,Write Repair,33,33,Update,0.943667,6.0,,,,,0,history1
par,Write Repair,34,34,RecentScan,14.400292,,34.0,,,,0,history1
par,Write Repair,35,35,RecentScan,14.333458,,35.0,,,,0,history1
par,Write Repair,36,36,Update,1.028875,6.0,,,,,0,history1
par,Write Repair,37,37,BuildSnap,0.027875,,37.0,,,,0,history1
par,Write Repair,38,38,GbgCollect,11.330625,,8.0,,,,0,history1
par,Write Repair,39,39,Probe,14.926208,600.0,39.0,,,,0,history1
par,Write Repair,40,40,Update,0.8075829999999999,6.0,,,,,0,history1
par,Write Repair,41,41,RecentScan,12.868917,,41.0,,,,0,history1
par,Write Repair,42,42,Probe,15.201417,600.0,42.0,,,,0,history1
par,Write Repair,43,43,Probe,14.707042,600.0,43.0,,,,0,history1
par,Write Repair,44,44,Update,0.928708,6.0,,,,,0,history1
par,Write Repair,45,45,BuildSnap,0.026166000000000002,,45.0,,,,0,history1
par,Write Repair,46,46,Probe,15.228667,600.0,46.0,,,,0,history1
par,Write Repair,47,47,RecentScan,14.491583,,47.0,,,,0,history1
par,Write Repair,48,48,RecentScan,14.099958,,48.0,,,,0,history1
par,Write Repair,49,49,Probe,14.481625,600.0,49.0,,,,0,history1
par,Write Repair,50,50,RecentScan,13.702709,,50.0,,,,0,history1
par,Write Repair,51,51,Update,1.286042,6.0,,,,,0,history1
par,Write Repair,52,52,Update,0.651708,6.0,,,,,0,history1
par,Write Repair,53,53,BuildSnap,0.38391699999999995,,53.0,,,,0,history1
par,Write Repair,54,54,RecentScan,14.9145,,54.0,,,,0,history1
par,Write Repair,55,55,Update,1.062125,6.0,,,,,0,history1
par,Write Repair,56,56,Probe,15.182667,600.0,56.0,,,,0,history1
par,Write Repair,57,57,RecentScan,15.952333,,57.0,,,,0,history1
par,Write Repair,58,58,Probe,14.473583,600.0,58.0,,,,0,history1
par,Write Repair,59,59,RecentScan,14.511667,,59.0,,,,0,history1
par,Write Repair,60,60,RecentScan,14.502459,,60.0,,,,0,history1
par,Write Repair,61,61,Probe,16.35975,600.0,61.0,,,,0,history1
par,Write Repair,62,62,Probe,14.727792,600.0,62.0,,,,0,history1
par,Write Repair,63,63,Probe,14.790916,600.0,63.0,,,,0,history1
par,Write Repair,64,64,Probe,14.22575,600.0,64.0,,,,0,history1
par,Write Repair,65,65,GbgCollect,10.62125,,16.0,,,,0,history1
par,Write Repair,66,66,Probe,14.3115,600.0,66.0,,,,0,history1
par,Write Repair,67,67,RecentScan,15.169291,,67.0,,,,0,history1
par,Write Repair,68,68,Probe,14.850792,600.0,68.0,,,,0,history1
par,Write Repair,69,69,RecentScan,16.468291,,69.0,,,,0,history1
par,Write Repair,70,70,Probe,15.607584,600.0,70.0,,,,0,history1
par,Write Repair,71,71,RecentScan,15.561292,,71.0,,,,0,history1
par,Write Repair,72,72,Probe,15.136167,600.0,72.0,,,,0,history1
par,Write Repair,73,73,Probe,13.552875,600.0,73.0,,,,0,history1
par,Write Repair,74,74,GbgCollect,9.893208,,30.0,,,,0,history1
par,Write Repair,75,75,RecentScan,16.769833,,75.0,,,,0,history1
par,Write Repair,76,76,RecentScan,17.318166,,76.0,,,,0,history1
par,Write Repair,77,77,RecentScan,16.340875,,77.0,,,,0,history1
par,Write Repair,78,78,RecentScan,16.912167,,78.0,,,,0,history1
par,Write Repair,79,79,Probe,15.07875,600.0,79.0,,,,0,history1
par,Write Repair,80,80,Update,0.9640420000000001,6.0,,,,,0,history1
par,Write Repair,81,81,BuildSnap,0.034790999999999996,,81.0,,,,0,history1
par,Write Repair,82,82,Update,0.873958,6.0,,,,,0,history1
par,Write Repair,83,83,RecentScan,14.603958,,83.0,,,,0,history1
par,Write Repair,84,84,RecentScan,14.9145,,84.0,,,,0,history1
par,Write Repair,85,85,Probe,14.361042,600.0,85.0,,,,0,history1
par,Write Repair,86,86,RecentScan,14.848625,,86.0,,,,0,history1
par,Write Repair,87,87,Probe,15.535083,600.0,87.0,,,,0,history1
par,Write Repair,88,88,Probe,15.327125,600.0,88.0,,,,0,history1
par,Write Repair,89,89,RecentScan,14.723042,,89.0,,,,0,history1
par,Write Repair,90,90,Update,1.03025,6.0,,,,,0,history1
par,Write Repair,91,91,BuildSnap,0.033415999999999994,,91.0,,,,0,history1
par,Write Repair,92,92,Probe,15.003917,600.0,92.0,,,,0,history1
par,Write Repair,93,93,RecentScan,15.132959,,93.0,,,,0,history1
par,Write Repair,94,94,Update,1.093375,6.0,,,,,0,history1
par,Write Repair,95,95,RecentScan,15.875541,,95.0,,,,0,history1
par,Write Repair,96,96,Probe,16.084833,600.0,96.0,,,,0,history1
par,Write Repair,97,97,Probe,13.908333,600.0,97.0,,,,0,history1
par,Write Repair,98,98,RecentScan,15.561917,,98.0,,,,0,history1
par,Write Repair,99,99,Probe,14.98375,600.0,99.0,,,,0,history1
par,Write Repair,100,100,RecentScan,16.350917,,100.0,,,,0,history1
par,Write Repair,101,101,Probe,16.016167,600.0,101.0,,,,0,history1
par,Write Repair,102,102,RecentScan,15.149375,,102.0,,,,0,history1
par,Write Repair,103,103,Update,1.121458,6.0,,,,,0,history1
par,Write Repair,104,104,BuildSnap,0.03425,,104.0,,,,0,history1
par,Write Repair,105,105,Probe,16.275084,600.0,105.0,,,,0,history1
par,Write Repair,106,106,Update,0.9760829999999999,6.0,,,,,0,history1
par,Write Repair,107,107,Probe,14.285875,600.0,107.0,,,,0,history1
par,Write Repair,108,108,Update,0.973834,6.0,,,,,0,history1
par,Write Repair,109,109,BuildSnap,0.032167,,109.0,,,,0,history1
par,Write Repair,110,110,Probe,15.331208,600.0,110.0,,,,0,history1
par,Write Repair,111,111,RecentScan,16.402667,,111.0,,,,0,history1
par,Write Repair,112,112,Probe,15.714125,600.0,112.0,,,,0,history1
par,Write Repair,113,113,RecentScan,14.713375,,113.0,,,,0,history1
par,Write Repair,114,114,RecentScan,14.400292,,114.0,,,,0,history1
par,Write Repair,115,115,Probe,16.1565,600.0,115.0,,,,0,history1
par,Write Repair,116,116,RecentScan,16.375833,,116.0,,,,0,history1
